[
  {
    "citance_No": 1, 
    "citing_paper_id": "W12-3704", 
    "citing_paper_authority": 1, 
    "citing_paper_authors": "Piyush, Arora | Mukesh, Singh | Nikhil, Kapre | Senthil, Madhappan | Akshat, Bakliwal | Vasudeva, Varma", 
    "raw_text": "(Davidov et al, 2010) used 50 hash tags and 15emoticons as noisy labels to create a dataset for twitter sentiment classification", 
    "clean_text": "(Davidov et al, 2010) used 50 hash tags and 15 emoticons as noisy labels to create a dataset for twitter sentiment classification.", 
    "keep_for_gold": 1
  }, 
  {
    "citance_No": 2, 
    "citing_paper_id": "P11-4006", 
    "citing_paper_authority": 1, 
    "citing_paper_authors": "Cheng-Te, Li | Chien-Yuan, Wang | Chien-Lin, Tseng | Shou-De, Lin", 
    "raw_text": "can be derived by using the learned lan Features Methods Pak and Paroubek 2010 statistic counting of adjectives Naive Bayes Chen et al 2008 POS tags ,emoticons SVM Lewin and Pribu la 2009smileys, keywords Maximum Entropy, SVM Riley 2009 n-grams ,smileys, hash tags, replies, URLs, user names ,emoticons Naive Bayes, Prasad 2010 n-grams Na ?ve Bayes Go et al 2009 user names, sequential patterns of keywords, POS tags, n-grams Naive Bayes, Maximum Entropy, SVM Li et al 2009 several dictionaries about different kinds of keywords Keyword Matching Barbosa and Feng 2010 re tweets, hash tag, re plies, URLs ,emoticons, upper cases SVM Sun et al 2010 keyword counting and Chinese dictionaries Naive Bayes, SVM Davidov et al 2010 n-grams, word patterns, punctuation information k-Nearest Neighbor Bermingham and Smeaton 2010 n-grams and POS tags Binary Classification 33guage models", 
    "clean_text": "", 
    "keep_for_gold": 0
  }, 
  {
    "citance_No": 3, 
    "citing_paper_id": "W11-2207", 
    "citing_paper_authority": 15, 
    "citing_paper_authors": "Michael, Speriosu | Nikita, Sudan | Sid, Upadhyay | Jason, Baldridge", 
    "raw_text": "Evaluation is performed on several datasets of tweets that have been annotated for polarity: the Stanford Twitter Sentiment set (Go et al, 2009), 1Davidov et al (2010) use 15emoticons and 50 Twitter hash tags as proxies for sentiment in a similar manner, but their evaluation is indirect", 
    "clean_text": "Evaluation is performed on several datasets of tweets that have been annotated for polarity: the Stanford Twitter Sentiment set (Go et al, 2009), Davidov et al (2010) use 15 emoticons and 50 Twitter hash tags as proxies for sentiment in a similar manner, but their evaluation is indirect.", 
    "keep_for_gold": 0
  }, 
  {
    "citance_No": 4, 
    "citing_paper_id": "D11-1121", 
    "citing_paper_authority": 1, 
    "citing_paper_authors": "Roy, Bar-Haim | Elad, Dinur | Ronen, Feldman | Moshe, Fresko | Guy, Goldstein", 
    "raw_text": "Davidov et al (2010) propose utilizing twitter hash tag and smileys to learn enhanced sentiment types. O? Connor et al (2010) propose a sentiment detector based on Twitter data that may be used as a re placement for public opinion polls", 
    "clean_text": "Davidov et al (2010) propose utilizing twitter hash tag and smileys to learn enhanced sentiment types.", 
    "keep_for_gold": 0
  }
]
