[
  {
    "citance_No": 1, 
    "citing_paper_id": "C10-2029", 
    "citing_paper_authority": 6, 
    "citing_paper_authors": "Georgiana, Dinu | Mirella, Lapata", 
    "raw_text": "Work such as (Cai et al, 2007) or (Boyd-Graber et al., 2007) use the document-level topics extracted with Latent Dirichlet Allocation (LDA) as indicators of meanings for word sense disambiguation", 
    "clean_text": "Work such as (Cai et al, 2007) or (Boyd-Graber et al., 2007) use the document-level topics extracted with Latent Dirichlet Allocation (LDA) as indicators of meanings for word sense disambiguation.", 
    "keep_for_gold": 1
  }, 
  {
    "citance_No": 2, 
    "citing_paper_id": "P12-2054", 
    "citing_paper_authority": 1, 
    "citing_paper_authors": "Yuening, Hu | Jordan, Boyd-Graber", 
    "raw_text": "Abney and Light (1999) used tree structured multinomials to model selectional restrictions, which was later put into a Bayesian context for topic modeling (Boyd-Graber et al, 2007)", 
    "clean_text": "Abney and Light (1999) used tree structured multinomials to model selectional restrictions, which was later put into a Bayesian context for topic modeling (Boyd-Graber et al, 2007).", 
    "keep_for_gold": 0
  }, 
  {
    "citance_No": 3, 
    "citing_paper_id": "P10-1045", 
    "citing_paper_authority": 28, 
    "citing_paper_authors": "Diarmuid, &Oacute; S&eacute;aghdha", 
    "raw_text": "Boyd-Graber et al (2007) integrate a model of random walks on the WordNetgraph into an LDA topic model to build an unsupervised word sense disambiguation system", 
    "clean_text": "Boyd-Graber et al (2007) integrate a model of random walks on the WordNet graph into an LDA topic model to build an unsupervised word sense disambiguation system.", 
    "keep_for_gold": 0
  }, 
  {
    "citance_No": 4, 
    "citing_paper_id": "S12-1025", 
    "citing_paper_authority": 2, 
    "citing_paper_authors": "Diarmuid, &Oacute; S&eacute;aghdha | Anna, Korhonen", 
    "raw_text": "Boyd-Graber et al (2007) describe a related topic model, LDAWN, for word sense disambiguation that adds an intermediate layer of latent variables Z on which the Markov model parameters are conditioned", 
    "clean_text": "Boyd-Graber et al (2007) describe a related topic model, LDAWN, for word sense disambiguation that adds an intermediate layer of latent variables Z on which the Markov model parameters are conditioned.", 
    "keep_for_gold": 1
  }, 
  {
    "citance_No": 5, 
    "citing_paper_id": "S12-1025", 
    "citing_paper_authority": 2, 
    "citing_paper_authors": "Diarmuid, &Oacute; S&eacute;aghdha | Anna, Korhonen", 
    "raw_text": "Gibbs sampling updates for LDAWN are given in Boyd-Graber et al (2007)", 
    "clean_text": "Gibbs sampling updates for LDAWN are given in Boyd-Graber et al (2007).", 
    "keep_for_gold": 0
  }, 
  {
    "citance_No": 6, 
    "citing_paper_id": "D11-1051", 
    "citing_paper_authority": 4, 
    "citing_paper_authors": "Weiwei, Guo | Mona, Diab", 
    "raw_text": "Moreover, SemCor is also the dataset used in (Boyd-Graber et al, 2007), where a Word Net based topic model for WSD is introduced", 
    "clean_text": "Moreover, SemCor is also the dataset used in (Boyd-Graber et al, 2007), where a WordNet based topic model for WSD is introduced.", 
    "keep_for_gold": 0
  }, 
  {
    "citance_No": 7, 
    "citing_paper_id": "D11-1051", 
    "citing_paper_authority": 4, 
    "citing_paper_authors": "Weiwei, Guo | Mona, Diab", 
    "raw_text": "STM10 achieves similar results as in LDAWN (Boyd-Graber et al, 2007) which was specifically designed for WSD", 
    "clean_text": "STM10 achieves similar results as in LDAWN (Boyd-Graber et al, 2007) which was specifically designed for WSD.", 
    "keep_for_gold": 0
  }, 
  {
    "citance_No": 8, 
    "citing_paper_id": "D11-1051", 
    "citing_paper_authority": 4, 
    "citing_paper_authors": "Weiwei, Guo | Mona, Diab", 
    "raw_text": "However, topics are only inferred based on word co occurrence, while word semantics are ignored. Boyd-Graber et al (2007) are the first to integrate semantics into the topic model framework", 
    "clean_text": "Boyd-Graber et al (2007) are the first to integrate semantics into the topic model framework.", 
    "keep_for_gold": 1
  }, 
  {
    "citance_No": 9, 
    "citing_paper_id": "P10-1116", 
    "citing_paper_authority": 14, 
    "citing_paper_authors": "Linlin, Li | Benjamin, Roth | Caroline, Sporleder", 
    "raw_text": "Previous approaches using topic models for sense disambiguation either embed topic features in a supervised model (Cai et al, 2007) or rely heavily on the structure of hierarchical lexicons such as WordNet (Boyd-Graber et al, 2007)", 
    "clean_text": "Previous approaches using topic models for sense disambiguation either embed topic features in a supervised model (Cai et al, 2007) or rely heavily on the structure of hierarchical lexicons such as WordNet (Boyd-Graber et al, 2007).", 
    "keep_for_gold": 0
  }, 
  {
    "citance_No": 10, 
    "citing_paper_id": "P10-1116", 
    "citing_paper_authority": 14, 
    "citing_paper_authors": "Linlin, Li | Benjamin, Roth | Caroline, Sporleder", 
    "raw_text": "In another unsupervised system, Boyd-Graber et al (2007) enhance the basic LDA algorithm by incorporating WordNet senses as an additional la tent variable", 
    "clean_text": "In another unsupervised system, Boyd-Graber et al (2007) enhance the basic LDA algorithm by incorporating WordNet senses as an additional latent variable.", 
    "keep_for_gold": 0
  }, 
  {
    "citance_No": 11, 
    "citing_paper_id": "P10-1116", 
    "citing_paper_authority": 14, 
    "citing_paper_authors": "Linlin, Li | Benjamin, Roth | Caroline, Sporleder", 
    "raw_text": "This dataset, which consists of 320,000articles,3 is significantly larger than SemCor, which is the dataset used by Boyd-Graber et al (2007)", 
    "clean_text": "This dataset, which consists of 320,000 articles, is significantly larger than SemCor, which is the dataset used by Boyd-Graber et al (2007).", 
    "keep_for_gold": 0
  }, 
  {
    "citance_No": 12, 
    "citing_paper_id": "D10-1005", 
    "citing_paper_authority": 8, 
    "citing_paper_authors": "Jordan, Boyd-Graber | Philip, Resnik", 
    "raw_text": "Instead, we appeal to tree-based extensions of the Dirichlet distribution, which has been used to induce correlation in semantic ontologies (Boyd-Graberetal., 2007) and to encode clustering constraints (Andrzejewski et al, 2009)", 
    "clean_text": "Instead, we appeal to tree-based extensions of the Dirichlet distribution, which has been used to induce correlation in semantic ontologies (Boyd-Graberetal., 2007) and to encode clustering constraints (Andrzejewski et al, 2009).", 
    "keep_for_gold": 0
  }, 
  {
    "citance_No": 13, 
    "citing_paper_id": "D10-1005", 
    "citing_paper_authority": 8, 
    "citing_paper_authors": "Jordan, Boyd-Graber | Philip, Resnik", 
    "raw_text": "We took these frequencies and propagated them through the multilingual hierarchy, following LDAWN? s (Boyd-Graber et al., 2007) formulation of information content (Resnik, 1995) as a Bayesian prior", 
    "clean_text": "We took these frequencies and propagated them through the multilingual hierarchy, following LDAWN's (Boyd-Graber et al., 2007) formulation of information content (Resnik, 1995) as a Bayesian prior.", 
    "keep_for_gold": 0
  }, 
  {
    "citance_No": 14, 
    "citing_paper_id": "E12-1021", 
    "citing_paper_authority": 8, 
    "citing_paper_authors": "Jagadeesh, Jagarlamudi | Hal, Daum&eacute; III | Raghavendra, Udupa", 
    "raw_text": "LDAWN (Boyd-Graber et al 2007) models sets of words for the word sense disambiguation 208 task", 
    "clean_text": "LDAWN (Boyd-Graber et al 2007) models sets of words for the word sense disambiguation task.", 
    "keep_for_gold": 0
  }
]
