[
  {
    "citance_No": 1, 
    "citing_paper_id": "W99-0609", 
    "citing_paper_authority": 8, 
    "citing_paper_authors": "Sharon A., Caraballo | Eugene, Charniak", 
    "raw_text": "Hearst (1992) found individual pairs of hypernyms and hyponyms from text using pattern-matching techniques", 
    "clean_text": "Hearst (1992) found individual pairs of hypernyms and hyponyms from text using pattern-matching techniques.", 
    "keep_for_gold": 1
  }, 
  {
    "citance_No": 2, 
    "citing_paper_id": "W99-0609", 
    "citing_paper_authority": 8, 
    "citing_paper_authors": "Sharon A., Caraballo | Eugene, Charniak", 
    "raw_text": "Thehypernyms used to label the internal nodes of that hierarchy are chosen in a simple fashion; pattern-matching as in Hearst (1992) is used to identify candidate hypernyms of the words dominated by a particular node, and a simple voting scheme selects the hypernyms to be used", 
    "clean_text": "The hypernyms used to label the internal nodes of that hierarchy are chosen in a simple fashion; pattern-matching as in Hearst (1992) is used to identify candidate hypernyms of the words dominated by a particular node, and a simple voting scheme selects the hypernyms to be used.", 
    "keep_for_gold": 0
  }, 
  {
    "citance_No": 3, 
    "citing_paper_id": "P14-2086", 
    "citing_paper_authority": 0, 
    "citing_paper_authors": "Michael, Roth | Sabine, Schulte Im Walde", 
    "raw_text": "the lexico-syntactic patterns by Hearst (1992) and an extension of the patterns by dependency paths (Snow et al, 2004)", 
    "clean_text": "the lexico-syntactic patterns by Hearst (1992) and an extension of the patterns by dependency paths (Snow et al, 2004).", 
    "keep_for_gold": 0
  }, 
  {
    "citance_No": 4, 
    "citing_paper_id": "P14-2086", 
    "citing_paper_authority": 0, 
    "citing_paper_authors": "Michael, Roth | Sabine, Schulte Im Walde", 
    "raw_text": "More recently, Schulteim Walde and K ?oper (2013) proposed to distinguish between the three relations antonymy, synonymy and hyponymy based on automatically acquired word patterns. Regarding pattern-based approaches to identify and distinguish lexical semantic relations in more general terms, Hearst (1992) was the first to propose lexico-syntactic patterns as empirical pointers towards relation instances, focusing onhyponymy", 
    "clean_text": "Regarding pattern-based approaches to identify and distinguish lexical semantic relations in more general terms, Hearst (1992) was the first to propose lexico-syntactic patterns as empirical pointers towards relation instances, focusing on hyponymy.", 
    "keep_for_gold": 0
  }, 
  {
    "citance_No": 5, 
    "citing_paper_id": "N07-1043", 
    "citing_paper_authority": 3, 
    "citing_paper_authors": "Danushka, Bollegala | Yutaka, Matsuo | Mitsuru, Ishizuka", 
    "raw_text": "For example, X is a Y indicates there is a high semantic similarity between X and Y. Automaticallyextractedlexico-syntactic patterns have been successfully em ployed in various term extraction tasks (Hearst, 1992)", 
    "clean_text": "Automatically extracted lexico-syntactic patterns have been successfully employed in various term extraction tasks (Hearst, 1992).", 
    "keep_for_gold": 0
  }, 
  {
    "citance_No": 6, 
    "citing_paper_id": "N07-1043", 
    "citing_paper_authority": 3, 
    "citing_paper_authors": "Danushka, Bollegala | Yutaka, Matsuo | Mitsuru, Ishizuka", 
    "raw_text": "4we set c= 5 in our experiments 342To illustrate our pattern extraction algorithm con sider the following snippet from Google for the query jaguar AND cat.? The Jaguar is the largest cat in Western Hemi sphere and can subdue a larger prey than can the puma? Here, the phrase is the largest indicates a hy pernymic relationship between Jaguar and the cat. Phrases such as also known as, is a, part of, is an ex ample of all indicate various of semantic relations. Such indicative phrases have been successfully applied in various tasks such as synonym extraction ,hyponym extraction (Hearst, 1992) and fact extraction (Pasca et al, 2006)", 
    "clean_text": "Phrases such as also known as, is a, part of, is an example of all indicate various of semantic relations. Such indicative phrases have been successfully applied in various tasks such as synonym extraction, hyponym extraction (Hearst, 1992) and fact extraction (Pasca et al, 2006).", 
    "keep_for_gold": 0
  }, 
  {
    "citance_No": 7, 
    "citing_paper_id": "P07-3014", 
    "citing_paper_authority": 3, 
    "citing_paper_authors": "Paul, Nulty", 
    "raw_text": "The idea of searching a large corpus for specific lexico syntactic phrases to indicate a semantic relation of interest was first described by Hearst (1992)", 
    "clean_text": "The idea of searching a large corpus for specific lexico-syntactic phrases to indicate a semantic relation of interest was first described by Hearst (1992).", 
    "keep_for_gold": 0
  }, 
  {
    "citance_No": 8, 
    "citing_paper_id": "P06-2075", 
    "citing_paper_authority": 10, 
    "citing_paper_authors": "Shachar, Mirkin | Ido, Dagan | Maayan, Zhitomirsky-Geffet", 
    "raw_text": "Hearst (1992) pioneered the use of lexical syntactic patterns for automatic extraction of lexical semantic relationships", 
    "clean_text": "Hearst (1992) pioneered the use of lexical syntactic patterns for automatic extraction of lexical semantic relationships.", 
    "keep_for_gold": 0
  }, 
  {
    "citance_No": 9, 
    "citing_paper_id": "P06-2075", 
    "citing_paper_authority": 10, 
    "citing_paper_authors": "Shachar, Mirkin | Ido, Dagan | Maayan, Zhitomirsky-Geffet", 
    "raw_text": "11 NP1-pl are NP2-pl. Table 1: The patterns we used for entailment acquisition based on (Hearst, 1992) and (Pantel et al, 2004)", 
    "clean_text": "Table 1: The patterns we used for entailment acquisition based on (Hearst, 1992) and (Pantel et al, 2004).", 
    "keep_for_gold": 0
  }, 
  {
    "citance_No": 10, 
    "citing_paper_id": "W09-1122", 
    "citing_paper_authority": 1, 
    "citing_paper_authors": "Erik F., Tjong Kim Sang | Katja, Hofmann", 
    "raw_text": "The pioneering work of Hearst (1992) applied fixed patterns like NP1, especially NP2 to derive that NP1 is a hypernym of NP2", 
    "clean_text": "The pioneering work of Hearst (1992) applied fixed patterns like NP1, especially NP2 to derive that NP1 is a hypernym of NP2.", 
    "keep_for_gold": 0
  }, 
  {
    "citance_No": 11, 
    "citing_paper_id": "D09-1099", 
    "citing_paper_authority": 7, 
    "citing_paper_authors": "Eduard, Hovy | Zornitsa, Kozareva | Ellen, Riloff", 
    "raw_text": "The work most closely related to ours is that of (Hearst, 1992) who introduced the idea of applying hyponym patterns to text, which explicitly identify a hyponym relation between two terms (e.g., 2The number of ranked concepts that pass CPT changes in each iteration", 
    "clean_text": "The work most closely related to ours is that of (Hearst, 1992) who introduced the idea of applying hyponym patterns to text, which explicitly identify a hyponym relation between two terms (e.g., 2The number of ranked concepts that pass CPT changes in each iteration.", 
    "keep_for_gold": 0
  }, 
  {
    "citance_No": 12, 
    "citing_paper_id": "D09-1099", 
    "citing_paper_authority": 7, 
    "citing_paper_authors": "Eduard, Hovy | Zornitsa, Kozareva | Ellen, Riloff", 
    "raw_text": "They build a classifier using the different hypernym patterns and find among the highest precision patterns those of (Hearst, 1992)", 
    "clean_text": "They build a classifier using the different hypernym patterns and find among the highest precision patterns those of (Hearst, 1992).", 
    "keep_for_gold": 0
  }, 
  {
    "citance_No": 13, 
    "citing_paper_id": "D09-1099", 
    "citing_paper_authority": 7, 
    "citing_paper_authors": "Eduard, Hovy | Zornitsa, Kozareva | Ellen, Riloff", 
    "raw_text": "Recently, (Ritter et al, 2009) reported hypernym learning using (Hearst, 1992) patterns and manually tagged common and proper nouns", 
    "clean_text": "Recently, (Ritter et al, 2009) reported hypernym learning using (Hearst, 1992) patterns and manually tagged common and proper nouns.", 
    "keep_for_gold": 0
  }, 
  {
    "citance_No": 14, 
    "citing_paper_id": "P14-2096", 
    "citing_paper_authority": 0, 
    "citing_paper_authors": "Yu-Chun, Wang | Chun-Kai, Wu | Richard Tzong-Han, Tsai", 
    "raw_text": "(Hearst, 1992) If any pat tern matches the structure of the dependency parse tree, the hypernym can be extracted", 
    "clean_text": "(Hearst, 1992) If any pattern matches the structure of the dependency parse tree, the hypernym can be extracted.", 
    "keep_for_gold": 0
  }, 
  {
    "citance_No": 15, 
    "citing_paper_id": "C10-2094", 
    "citing_paper_authority": 1, 
    "citing_paper_authors": "Ricardo, Martin-Brualla | Enrique, Alfonseca | Marius, Pa&scedil;ca | Keith, Hall | Enrique, Robledo-Arnuncio | Massimiliano, Ciaramita", 
    "raw_text": "The procedure uses a collection of Web documents and applies some IsA extraction patterns selected from (Hearst, 1992) .Using the (instance, ranked-attributes) and the (in stance, ranked-class labels) lists, it is possible to aggregate the two datasets to obtain, for each attribute, the class labels that are most strongly associated to it (Figure 2)", 
    "clean_text": "The procedure uses a collection of Web documents and applies some IsA extraction patterns selected from (Hearst, 1992).", 
    "keep_for_gold": 0
  }, 
  {
    "citance_No": 16, 
    "citing_paper_id": "W12-1702", 
    "citing_paper_authority": 1, 
    "citing_paper_authors": "Colin, Kelly | Barry, Devereux | Anna, Korhonen", 
    "raw_text": "Hearst (1992) was the first to propose a pattern-based approach to this task using lexico-syntactic patterns to automatically extract hyponyms and this technique has frequently been used for ontology learning", 
    "clean_text": "Hearst (1992) was the first to propose a pattern-based approach to this task using lexico-syntactic patterns to automatically extract hyponyms and this technique has frequently been used for ontology learning.", 
    "keep_for_gold": 0
  }, 
  {
    "citance_No": 17, 
    "citing_paper_id": "N10-1010", 
    "citing_paper_authority": 3, 
    "citing_paper_authors": "Ioannis P., Klapaftis | Suresh, Manandhar", 
    "raw_text": "Initial research on taxonomy learning focused on identifying in a given text lexico-syntactic patterns that suggest hyponymy relations (Hearst, 1992)", 
    "clean_text": "Initial research on taxonomy learning focused on identifying in a given text lexico-syntactic patterns that suggest hyponymy relations (Hearst, 1992).", 
    "keep_for_gold": 0
  }, 
  {
    "citance_No": 18, 
    "citing_paper_id": "E12-2008", 
    "citing_paper_authority": 0, 
    "citing_paper_authors": "Hernani, Costa | Hugo, Gon&ccedil;alo Oliveira | Diana, Santos", 
    "raw_text": "These patterns, as those proposed by Hearst (1992) and used in many projects since, may not be 100% reliable", 
    "clean_text": "These patterns, as those proposed by Hearst (1992) and used in many projects since, may not be 100% reliable.", 
    "keep_for_gold": 0
  }, 
  {
    "citance_No": 19, 
    "citing_paper_id": "P06-1015", 
    "citing_paper_authority": 74, 
    "citing_paper_authors": "Patrick, Pantel | Marco, Pennacchiotti", 
    "raw_text": "Hearst (1992) pioneered using patterns to extract hyponym (is-a) relations", 
    "clean_text": "Hearst (1992) pioneered using patterns to extract hyponym (is-a) relations.", 
    "keep_for_gold": 0
  }, 
  {
    "citance_No": 20, 
    "citing_paper_id": "P06-1015", 
    "citing_paper_authority": 74, 
    "citing_paper_authors": "Patrick, Pantel | Marco, Pennacchiotti", 
    "raw_text": "Berland and Charniak (1999) proposed a system for part-of relation extraction, based on the (Hearst 1992) approach", 
    "clean_text": "Berland and Charniak (1999) proposed a system for part-of relation extraction, based on the (Hearst 1992) approach.", 
    "keep_for_gold": 0
  }
]
