[
  {
    "citance_No": 1, 
    "citing_paper_id": "W04-3215", 
    "citing_paper_authority": 11, 
    "citing_paper_authors": "Stephen, Clark | Mark, Steedman | James R., Curran", 
    "raw_text": "Forevaluation the parser returns dependency structures ,butwe have also developed a module which builds first order semantic representations from the derivations, which can be used for inference (Bos et al, 2004)", 
    "clean_text": "For evaluation the parser returns dependency structures, but we have also developed a module which builds first order semantic representations from the derivations, which can be used for inference (Bos et al, 2004).", 
    "keep_for_gold": 0
  }, 
  {
    "citance_No": 2, 
    "citing_paper_id": "P13-1103", 
    "citing_paper_authority": 1, 
    "citing_paper_authors": "Sumire, Uematsu | Takuya, Matsuzaki | Hiroki, Hanaoka | Yusuke, Miyao | Hideki, Mima", 
    "raw_text": "ety of semantic theories with CCG-based syntactic parsing (Bos et al, 2004)", 
    "clean_text": "CCG-based syntactic parsing (Bos et al, 2004).", 
    "keep_for_gold": 0
  }, 
  {
    "citance_No": 3, 
    "citing_paper_id": "D07-1071", 
    "citing_paper_authority": 50, 
    "citing_paper_authors": "Luke, Zettlemoyer | Michael John, Collins", 
    "raw_text": "Bos et al (2004) present an algorithm that learns CCG lexicons with semantics but requires fully? specified CCG derivations in the training data", 
    "clean_text": "Bos et al (2004) present an algorithm that learns CCG lexicons with semantics but requires fully specified CCG derivations in the training data.", 
    "keep_for_gold": 1
  }, 
  {
    "citance_No": 4, 
    "citing_paper_id": "P06-1108", 
    "citing_paper_authority": 0, 
    "citing_paper_authors": "Harry, Halpin | Johanna D., Moore", 
    "raw_text": "This leads a traditional parsing system with a direct mapping from the parse tree to a semantic representation to fail to achieve a parse on 35% percent of the stories, and as such could notbe used (Bos et al, 2004)", 
    "clean_text": "This leads a traditional parsing system with a direct mapping from the parse tree to a semantic representation to fail to achieve a parse on 35% percent of the stories, and as such could not be used (Bos et al, 2004).", 
    "keep_for_gold": 0
  }, 
  {
    "citance_No": 5, 
    "citing_paper_id": "C10-2041", 
    "citing_paper_authority": 1, 
    "citing_paper_authors": "Brian, Harrington", 
    "raw_text": "Thenlp tools used by ASKNet are the C& amp; C parser (Clark and Curran, 2007) and the semantic analysis program Boxer (Bos et al, 2004), which operates on the ccg derivations output by the parser to producea first-order representation", 
    "clean_text": "The nlp tools used by ASKNet are the C& amp; C parser (Clark and Curran, 2007) and the semantic analysis program Boxer (Bos et al, 2004), which operates on the ccg derivations output by the parser to produce a first-order representation.", 
    "keep_for_gold": 0
  }, 
  {
    "citance_No": 6, 
    "citing_paper_id": "W11-0149", 
    "citing_paper_authority": 1, 
    "citing_paper_authors": "Pia-Ramona, Wojtinnek | Stephen G., Pulman", 
    "raw_text": "It makes use of two NLP tools, the Clark and Curran parser (Clark and Curran, 2004) and the semantic analysis tool Boxer (Bos et al, 2004), both of which are part of the C& amp; C Toolkit1.The parser is based on Combinatory Categorial Grammar (CCG) and has been trained on 40,000 manually annotated sentences of the WSJ", 
    "clean_text": "It makes use of two NLP tools, the Clark and Curran parser (Clark and Curran, 2004) and the semantic analysis tool Boxer (Bos et al, 2004), both of which are part of the C& amp; C Toolkit1. The parser is based on Combinatory Categorial Grammar (CCG) and has been trained on 40,000 manually annotated sentences of the WSJ.", 
    "keep_for_gold": 0
  }, 
  {
    "citance_No": 7, 
    "citing_paper_id": "W07-1210", 
    "citing_paper_authority": 7, 
    "citing_paper_authors": "Ann, Copestake", 
    "raw_text": "Bos et al (2004) and Bos (2005) derive semantic interpretations from a wide-coverage categorial gram mar. There are several differences between this and RASP-RMRS, but the most important arise from the differences between CCG and RASP", 
    "clean_text": "Bos et al (2004) derive semantic interpretations from a wide-coverage categorial grammar. There are several differences between this and RASP-RMRS, but the most important arise from the differences between CCG and RASP.", 
    "keep_for_gold": 0
  }, 
  {
    "citance_No": 8, 
    "citing_paper_id": "P10-1035", 
    "citing_paper_authority": 12, 
    "citing_paper_authors": "Timothy A. D., Fowler | Gerald, Penn", 
    "raw_text": "On the practical side, we have corpora with CCG derivations for each sentence (Hockenmaier and Steed man, 2007), a wide-coverage parser trained on that corpus (Clark and Curran, 2007) and a system for converting CCG derivations into semantic rep re sentations (Bos et al, 2004) .However, despite being treated as a single unified grammar formalism, each of these authors use variations of CCG which differ primarily on which combinators are included in the grammar and the restrictions that are put on them", 
    "clean_text": "On the practical side, we have corpora with CCG derivations for each sentence (Hockenmaier and Steed man, 2007), a wide-coverage parser trained on that corpus (Clark and Curran, 2007) and a system for converting CCG derivations into semantic representations (Bos et al, 2004). However, despite being treated as a single unified grammar formalism, each of these authors use variations of CCG which differ primarily on which combinators are included in the grammar and the restrictions that are put on them.", 
    "keep_for_gold": 0
  }, 
  {
    "citance_No": 9, 
    "citing_paper_id": "C10-2168", 
    "citing_paper_authority": 7, 
    "citing_paper_authors": "Yue, Zhang | Byung-Gyu, Ahn | Stephen, Clark | Curt, Van Wyk | James R., Curran | Laura, Rimell", 
    "raw_text": "One advantage of the CCG parser is that it is able to assign rich structural descriptions to sentences, from a variety of representations ,e.g. CCG derivations, CCG dependency structures, grammatical relations (Carroll et al, 1998), and first-order logical forms (Bos et al, 2004)", 
    "clean_text": "One advantage of the CCG parser is that it is able to assign rich structural descriptions to sentences, from a variety of representations ,e.g. CCG derivations, CCG dependency structures, grammatical relations (Carroll et al, 1998), and first-order logical forms (Bos et al, 2004).", 
    "keep_for_gold": 0
  }, 
  {
    "citance_No": 10, 
    "citing_paper_id": "W09-2602", 
    "citing_paper_authority": 1, 
    "citing_paper_authors": "Sina, Zarrie&szlig;", 
    "raw_text": "The rest of this introduction will be devoted to the broader theoretical context of this work. Recently, the state of the art in wide coverage parsing has made wide-coverage semantic processing come into the reach of re search in computational semantics (Bosetal., 2004)", 
    "clean_text": "Recently, the state of the art in wide coverage parsing has made wide-coverage semantic processing come into the reach of research in computational semantics (Bos et al., 2004).", 
    "keep_for_gold": 0
  }, 
  {
    "citance_No": 11, 
    "citing_paper_id": "W06-1604", 
    "citing_paper_authority": 9, 
    "citing_paper_authors": "Alexander, Yates | Stefan, Schoenmackers | Oren, Etzioni", 
    "raw_text": "For example, Bos et al (2004) build semantic representations from the parse derivations of a CCG parser, and the English Resource Grammar (ERG) (Toutanovaet al, 2005) provides a semantic representation using minimal recursion semantics", 
    "clean_text": "For example, Bos et al (2004) build semantic representations from the parse derivations of a CCG parser, and the English Resource Grammar (ERG) (Toutanovaet al, 2005) provides a semantic representation using minimal recursion semantics.", 
    "keep_for_gold": 0
  }, 
  {
    "citance_No": 12, 
    "citing_paper_id": "D10-1119", 
    "citing_paper_authority": 34, 
    "citing_paper_authors": "Tom, Kwiatkowski | Luke, Zettlemoyer | Sharon, Goldwater | Mark, Steedman", 
    "raw_text": "Additionally, Bos et al (2004) consider the challenging problem of constructing broad-coverage semantic representations with CCG, but do not learn the lexicon", 
    "clean_text": "Additionally, Bos et al (2004) consider the challenging problem of constructing broad-coverage semantic representations with CCG, but do not learn the lexicon.", 
    "keep_for_gold": 1
  }, 
  {
    "citance_No": 13, 
    "citing_paper_id": "W06-1807", 
    "citing_paper_authority": 1, 
    "citing_paper_authors": "Fiona, McNeill | Harry, Halpin | Ewan, Klein | Alan, Bundy", 
    "raw_text": "Despite some re cent advances in this direction (Bos et al, 2004) ,itis still the case that it is hard to obtain deep semantic analyses which are accurate enough to support logical inference (Lev et al, 2004)", 
    "clean_text": "Despite some recent advances in this direction (Bos et al, 2004), it is still the case that it is hard to obtain deep semantic analyses which are accurate enough to support logical inference (Lev et al, 2004).", 
    "keep_for_gold": 0
  }, 
  {
    "citance_No": 14, 
    "citing_paper_id": "W06-1807", 
    "citing_paper_authority": 1, 
    "citing_paper_authors": "Fiona, McNeill | Harry, Halpin | Ewan, Klein | Alan, Bundy", 
    "raw_text": "As mentioned at the beginning of this paper, the conversion of unrestricted text to some logical form has experienced a recent revival recently (Bos et al, 2004)", 
    "clean_text": "As mentioned at the beginning of this paper, the conversion of unrestricted text to some logical form has experienced a recent revival recently (Bos et al, 2004).", 
    "keep_for_gold": 0
  }, 
  {
    "citance_No": 15, 
    "citing_paper_id": "D11-1111", 
    "citing_paper_authority": 0, 
    "citing_paper_authors": "Nikhil, Dinesh | Aravind K., Joshi | Insup, Lee", 
    "raw_text": "At the other end of the spectrum, Bos et al (Bos et al., 2004) have developed a broad-coverage parser to translate sentences to a logic based on discourse representation theory", 
    "clean_text": "At the other end of the spectrum, Bos et al (Bos et al., 2004) have developed a broad-coverage parser to translate sentences to a logic based on discourse representation theory.", 
    "keep_for_gold": 0
  }, 
  {
    "citance_No": 16, 
    "citing_paper_id": "D11-1140", 
    "citing_paper_authority": 22, 
    "citing_paper_authors": "Tom, Kwiatkowski | Luke, Zettlemoyer | Sharon, Goldwater | Mark, Steedman", 
    "raw_text": "Bos et al (2004) present an algorithm for building semantic representations from CCG parses but requires fully? specified CCG derivations in the training data", 
    "clean_text": "Bos et al (2004) present an algorithm for building semantic representations from CCG parses but requires fully specified CCG derivations in the training data.", 
    "keep_for_gold": 0
  }, 
  {
    "citance_No": 17, 
    "citing_paper_id": "P06-2091", 
    "citing_paper_authority": 1, 
    "citing_paper_authors": "Manabu, Sato | Daisuke, Bekki | Yusuke, Miyao | Jun'ichi, Tsujii", 
    "raw_text": "For example, a system that translates the output of a robust CCG parser into semantic representations has been developed (Bosetal., 2004)", 
    "clean_text": "For example, a system that translates the output of a robust CCG parser into semantic representations has been developed (Bosetal., 2004).", 
    "keep_for_gold": 0
  }, 
  {
    "citance_No": 18, 
    "citing_paper_id": "P06-2091", 
    "citing_paper_authority": 1, 
    "citing_paper_authors": "Manabu, Sato | Daisuke, Bekki | Yusuke, Miyao | Jun'ichi, Tsujii", 
    "raw_text": "In this section, we present a method to derive TDL semantic representations from HPSG parse trees, adopting, in part, a previous method (Bos et al, 2004)", 
    "clean_text": "In this section, we present a method to derive TDL semantic representations from HPSG parse trees, adopting, in part, a previous method (Bos et al, 2004).", 
    "keep_for_gold": 0
  }, 
  {
    "citance_No": 19, 
    "citing_paper_id": "P06-2091", 
    "citing_paper_authority": 1, 
    "citing_paper_authors": "Manabu, Sato | Daisuke, Bekki | Yusuke, Miyao | Jun'ichi, Tsujii", 
    "raw_text": "We used the Penn Treebank (Marcus, 1994) Section 22 (1,527 sentences) to develop and evaluate the proposed method and Section 23 (2,144 sentences) as the final test set. We measured the coverage of the construction of TDL semantic representations, in the manner described in a previous study (Bos et al, 2004)", 
    "clean_text": "We used the Penn Treebank (Marcus, 1994) Section 22 (1,527 sentences) to develop and evaluate the proposed method and Section 23 (2,144 sentences) as the final test set. We measured the coverage of the construction of TDL semantic representations, in the manner described in a previous study (Bos et al, 2004).", 
    "keep_for_gold": 0
  }, 
  {
    "citance_No": 20, 
    "citing_paper_id": "P06-2091", 
    "citing_paper_authority": 1, 
    "citing_paper_authors": "Manabu, Sato | Daisuke, Bekki | Yusuke, Miyao | Jun'ichi, Tsujii", 
    "raw_text": "Although this number is slightly less than 92.3%, as reported by Bos et al, (2004), it seems reasonable to say that the proposed method attained a relatively high cover age, given the expressive power of TDL.The construction of TDL semantic representations failed for 11.7% of the sentences", 
    "clean_text": "Although this number is slightly less than 92.3%, as reported by Bos et al, (2004), it seems reasonable to say that the proposed method attained a relatively high coverage, given the expressive power of TDL. The construction of TDL semantic representations failed for 11.7% of the sentences.", 
    "keep_for_gold": 0
  }
]
