[
  {
    "citance_No": 1, 
    "citing_paper_id": "W01-1004", 
    "citing_paper_authority": 1, 
    "citing_paper_authors": "Kalina, Bontcheva | Christopher, Brewster | Fabio, Ciravegna | Hamish, Cunningham | Louise, Guthrie | Robert J., Gaizauskas | Yorick, Wilks", 
    "raw_text": "On the one hand machine learning is used to automate as much as possible the tasks an IE expert would perform in application development (Cardie 1997) (Yangarber et al 2000)", 
    "clean_text": "On the one hand machine learning is used to automate as much as possible the tasks an IE expert would perform in application development (Cardie 1997) (Yangarber et al 2000).", 
    "keep_for_gold": 0
  }, 
  {
    "citance_No": 2, 
    "citing_paper_id": "W06-0204", 
    "citing_paper_authority": 5, 
    "citing_paper_authors": "Mark A., Greenwood | Mark, Stevenson", 
    "raw_text": "learned, otherwise goto step 4Previous algorithms which use this approach include those described by Yangarber et al (2000) and Stevenson and Greenwood (2005)", 
    "clean_text": "learned, otherwise go to step 4 Previous algorithms which use this approach include those described by Yangarber et al (2000) and Stevenson and Greenwood (2005).", 
    "keep_for_gold": 0
  }, 
  {
    "citance_No": 3, 
    "citing_paper_id": "W06-0204", 
    "citing_paper_authority": 5, 
    "citing_paper_authors": "Mark A., Greenwood | Mark, Stevenson", 
    "raw_text": "is shown in Figure 1.The extraction patterns used by both Yangarber et al (2000) and Stevenson and Greenwood (2005) were based on SVO tuples extracted from dependency trees", 
    "clean_text": "The extraction patterns used by both Yangarber et al (2000) and Stevenson and Greenwood (2005) were based on SVO tuples extracted from dependency trees.", 
    "keep_for_gold": 0
  }, 
  {
    "citance_No": 4, 
    "citing_paper_id": "W06-0204", 
    "citing_paper_authority": 5, 
    "citing_paper_authors": "Mark A., Greenwood | Mark, Stevenson", 
    "raw_text": "Yangarber et al (2000) suggested a method where patterns were compared based on their distribution across documents in a corpus", 
    "clean_text": "Yangarber et al (2000) suggested a method where patterns were compared based on their distribution across documents in a corpus.", 
    "keep_for_gold": 0
  }, 
  {
    "citance_No": 5, 
    "citing_paper_id": "P05-1047", 
    "citing_paper_authority": 25, 
    "citing_paper_authors": "Mark, Stevenson | Mark A., Greenwood", 
    "raw_text": "Yangarber et al (2000) proposed an algorithm for learning extraction patterns for a small number of examples which greatly reduced the burden on the application developer and reduced the knowledge acquisition bottleneck", 
    "clean_text": "Yangarber et al (2000) proposed an algorithm for learning extraction patterns for a small number of examples which greatly reduced the burden on the application developer and reduced the knowledge acquisition bottleneck.", 
    "keep_for_gold": 1
  }, 
  {
    "citance_No": 6, 
    "citing_paper_id": "P05-1047", 
    "citing_paper_authority": 25, 
    "citing_paper_authors": "Mark, Stevenson | Mark A., Greenwood", 
    "raw_text": "Yangarber et al (2000) chose an approach motivated by the assumption that documents containing a large number of patterns already identified as relevant to a particular IE scenario are likely to contain further relevant patterns", 
    "clean_text": "Yangarber et al (2000) chose an approach motivated by the assumption that documents containing a large number of patterns already identified as relevant to a particular IE scenario are likely to contain further relevant patterns.", 
    "keep_for_gold": 1
  }, 
  {
    "citance_No": 7, 
    "citing_paper_id": "P05-1047", 
    "citing_paper_authority": 25, 
    "citing_paper_authors": "Mark, Stevenson | Mark A., Greenwood", 
    "raw_text": "relevance according to the accepted patterns they contain. This approach has been shown to successfully ac quire useful extraction patterns which, when added to an IE system, improved its performance (Yangarber et al, 2000)", 
    "clean_text": "This approach has been shown to successfully acquire useful extraction patterns which, when added to an IE system, improved its performance (Yangarber et al, 2000).", 
    "keep_for_gold": 0
  }, 
  {
    "citance_No": 8, 
    "citing_paper_id": "P07-1074", 
    "citing_paper_authority": 5, 
    "citing_paper_authors": "Feiyu, Xu | Hans, Uszkoreit | Hong, Li", 
    "raw_text": "Architecture This architecture has been inspired by several existing seed-oriented minimally supervised ma chine learning systems, in particular by Snowball (Agichtein and Gravano, 2000) and ExDisco (Yangarber et al, 2000)", 
    "clean_text": "Architecture This architecture has been inspired by several existing seed-oriented minimally supervised ma chine learning systems, in particular by Snowball (Agichtein and Gravano, 2000) and ExDisco (Yangarber et al, 2000).", 
    "keep_for_gold": 0
  }, 
  {
    "citance_No": 9, 
    "citing_paper_id": "W03-1014", 
    "citing_paper_authority": 90, 
    "citing_paper_authors": "Ellen, Riloff | Janyce, Wiebe", 
    "raw_text": "ExDisco (Yangarber et al,2000) uses a bootstrapping mechanism to find new ex traction patterns using unannotated texts and some seed patterns as the initial input", 
    "clean_text": "ExDisco (Yangarber et al,2000) uses a bootstrapping mechanism to find new extraction patterns using unannotated texts and some seed patterns as the initial input.", 
    "keep_for_gold": 1
  }, 
  {
    "citance_No": 10, 
    "citing_paper_id": "W06-0202", 
    "citing_paper_authority": 6, 
    "citing_paper_authors": "Mark, Stevenson | Mark A., Greenwood", 
    "raw_text": "For example, the AutoSlog system (Riloff, 1993) uses pat terns which match certain grammatical categories, mainly nouns and verbs, in phrase chunked text while Yangarber et al (2000) use subject-verb object tuples derived from a dependency parse", 
    "clean_text": "For example, the AutoSlog system (Riloff, 1993) uses pat terns which match certain grammatical categories, mainly nouns and verbs, in phrase chunked text while Yangarber et al (2000) use subject-verb object tuples derived from a dependency parse.", 
    "keep_for_gold": 0
  }, 
  {
    "citance_No": 11, 
    "citing_paper_id": "N07-2043", 
    "citing_paper_authority": 1, 
    "citing_paper_authors": "Stephen, Tratz | Antonio, Sanfilippo", 
    "raw_text": "To reduce the knowledge engineering burden on the user in constructing and porting an IE system, unsupervised learning has been utilized ,e.g. Riloff (1996), Yangarber et al (2000), and Sekine (2006)", 
    "clean_text": "To reduce the knowledge engineering burden on the user in constructing and porting an IE system, unsupervised learning has been utilized ,e.g. Riloff (1996), Yangarber et al (2000), and Sekine (2006).", 
    "keep_for_gold": 0
  }, 
  {
    "citance_No": 12, 
    "citing_paper_id": "W09-2207", 
    "citing_paper_authority": 0, 
    "citing_paper_authors": "Jordi, Poveda | Mihai, Surdeanu | Jordi, Turmo", 
    "raw_text": "Bootstrapping approaches are employed in (Riloff, 1996), (Yangarber et al, 2000), (Yangarber, 2003), and (Stevenson and Greenwood, 2005) in order to find IE patterns for domain-specific event extraction", 
    "clean_text": "Bootstrapping approaches are employed in (Riloff, 1996), (Yangarber et al, 2000), (Yangarber, 2003), and (Stevenson and Greenwood, 2005) in order to find IE patterns for domain-specific event extraction.", 
    "keep_for_gold": 0
  }, 
  {
    "citance_No": 13, 
    "citing_paper_id": "W06-0208", 
    "citing_paper_authority": 2, 
    "citing_paper_authors": "Siddharth, Patwardhan | Ellen, Riloff", 
    "raw_text": "For example, EXDISCO (Yangarber et al., 2000) used Wall Street Journal articles for training", 
    "clean_text": "For example, EXDISCO (Yangarber et al., 2000) used Wall Street Journal articles for training.", 
    "keep_for_gold": 0
  }, 
  {
    "citance_No": 14, 
    "citing_paper_id": "P05-1026", 
    "citing_paper_authority": 9, 
    "citing_paper_authors": "Sanda M., Harabagiu | Andrew, Hickl | John, Lehmann | Dan, Moldovan", 
    "raw_text": "meets the density criterion (as defined in (Yangarber et al, 2000))", 
    "clean_text": "meets the density criterion (as defined in (Yangarber et al, 2000)).", 
    "keep_for_gold": 0
  }, 
  {
    "citance_No": 15, 
    "citing_paper_id": "P03-1044", 
    "citing_paper_authority": 25, 
    "citing_paper_authors": "Roman, Yangarber", 
    "raw_text": "AutoSlog TS, does not require a pre-annotated corpus, but does require one that has been split into subsets that are relevant vs. non-relevant subsets to the scenario. (Yangarber et al, 2000) attempts to find extraction patterns, without a pre-classified corpus, starting from a set of seed patterns", 
    "clean_text": "AutoSlog TS, does not require a pre-annotated corpus, but does require one that has been split into subsets that are relevant vs. non-relevant subsets to the scenario. (Yangarber et al, 2000) attempts to find extraction patterns, without a pre-classified corpus, starting from a set of seed patterns.", 
    "keep_for_gold": 0
  }, 
  {
    "citance_No": 16, 
    "citing_paper_id": "P03-1044", 
    "citing_paper_authority": 25, 
    "citing_paper_authors": "Roman, Yangarber", 
    "raw_text": "We first present the basic algorithm for pattern acquisition, similar to that presented in (Yangarber et al., 2000)", 
    "clean_text": "We first present the basic algorithm for pattern acquisition, similar to that presented in (Yangarber et al., 2000).", 
    "keep_for_gold": 0
  }, 
  {
    "citance_No": 17, 
    "citing_paper_id": "P03-1044", 
    "citing_paper_authority": 25, 
    "citing_paper_authors": "Roman, Yangarber", 
    "raw_text": "32 \u00163 .\u0016%# 10?@ BADCFE GIH \u0005\u000ffiffifl& quot; \u0012$# (2) Document relevance is computed as in (Yangarber et al., 2000) \u0005\u000ffiffifl& quot; \u0012J# K0L\u0014NM O GDA=PQER@ SH T \u0014NMVU +fi &apos; .\u0016%# W (3) where X6& quot; \u0012J# is the set of accepted patterns that match \u0012; this is a rough estimate of the likelihood of relevance of \u0012, based on the pattern accuracy measure", 
    "clean_text": "", 
    "keep_for_gold": 0
  }, 
  {
    "citance_No": 18, 
    "citing_paper_id": "P03-1044", 
    "citing_paper_authority": 25, 
    "citing_paper_authors": "Roman, Yangarber", 
    "raw_text": "For an indirect evaluation of the quality of the learned patterns, we employ the text-filtering evaluation strategy, as in (Yangarber et al, 2000)", 
    "clean_text": "For an indirect evaluation of the quality of the learned patterns, we employ the text-filtering evaluation strategy, as in (Yangarber et al, 2000).", 
    "keep_for_gold": 0
  }, 
  {
    "citance_No": 19, 
    "citing_paper_id": "D09-1016", 
    "citing_paper_authority": 16, 
    "citing_paper_authors": "Siddharth, Patwardhan | Ellen, Riloff", 
    "raw_text": "Information Extraction (IE) systems typically use extraction patterns (e.g., Soderland et al (1995), Riloff (1996), Yangarber et al (2000), Califf and Mooney (2003)) or classifiers (e.g., Freitag (1998), Freitag and McCallum (2000), Chieu et al (2003), Bunescu and Mooney (2004)) to extract role fillers for events", 
    "clean_text": "Information Extraction (IE) systems typically use extraction patterns (e.g., Soderland et al (1995), Riloff (1996), Yangarber et al (2000), Califf and Mooney (2003)) or classifiers (e.g., Freitag (1998), Freitag and McCallum (2000), Chieu et al (2003), Bunescu and Mooney (2004)) to extract role fillers for events.", 
    "keep_for_gold": 0
  }, 
  {
    "citance_No": 20, 
    "citing_paper_id": "W06-2207", 
    "citing_paper_authority": 7, 
    "citing_paper_authors": "Mihai, Surdeanu | Jordi, Turmo | Alicia, Ageno", 
    "raw_text": "We have chosen this evaluation strategy because this indirect approach was shown to correlate well with a direct evaluation, where the learned patterns were used to customize an IE system (Yangarberet al, 2000)", 
    "clean_text": "We have chosen this evaluation strategy because this indirect approach was shown to correlate well with a direct evaluation, where the learned patterns were used to customize an IE system (Yangarberet al, 2000).", 
    "keep_for_gold": 0
  }
]
