[
  {
    "citance_No": 1, 
    "citing_paper_id": "P92-1032", 
    "citing_paper_authority": 41, 
    "citing_paper_authors": "William A., Gale | Kenneth Ward, Church | David, Yarowsky", 
    "raw_text": "(1991), Chouekand Lusignan (1985), Clear (1989), Dagan et al (1991), Gale et al (to appear), Hearst (1991), Lesk (1986), Smadja and McKeown (1990), Walker (1987), Veronis and Ide (1990), Yarowsky (1992), Zemik (1990, 1991)", 
    "clean_text": "", 
    "keep_for_gold": 0
  }, 
  {
    "citance_No": 2, 
    "citing_paper_id": "C04-1162", 
    "citing_paper_authority": 16, 
    "citing_paper_authors": "Rada, Mihalcea | Paul, Tarau | Elizabeth, Figa", 
    "raw_text": "Another related line of work is the word sense disambiguation algorithm proposed in (Veronis and Ide, 1990), where a large neural network is built by relating words through their dictionary definitions", 
    "clean_text": "Another related line of work is the word sense disambiguation algorithm proposed in (Veronis and Ide, 1990), where a large neural network is built by relating words through their dictionary definitions.", 
    "keep_for_gold": 0
  }, 
  {
    "citance_No": 3, 
    "citing_paper_id": "P98-2180", 
    "citing_paper_authority": 22, 
    "citing_paper_authors": "Stephen D., Richardson | William B., Dolan | Lucy, Vanderwende", 
    "raw_text": "Current set of semantic relation types m MindNet These relation types may be contrasted with simple co-occurrence statistics used to create network structures from dictionaries by researchers including Veronis and Ide (1990), Kozima and Furugori (1993), and Wilks et al (1996)", 
    "clean_text": "Current set of semantic relation types m MindNet These relation types may be contrasted with simple co-occurrence statistics used to create network structures from dictionaries by researchers including Veronis and Ide (1990), Kozima and Furugori (1993), and Wilks et al (1996).", 
    "keep_for_gold": 0
  }, 
  {
    "citance_No": 4, 
    "citing_paper_id": "P98-2180", 
    "citing_paper_authority": 22, 
    "citing_paper_authors": "Stephen D., Richardson | William B., Dolan | Lucy, Vanderwende", 
    "raw_text": "This deficiency limits the characterization f word pairs such as river~bank (Wilks et al 1996) and write~pen (Veronis and Ide 1990) to simple relatedness, whereas the labeled relations of MindNet specify precisely the relations river --Part -& gt; bank and write --Means --& gt; pen", 
    "clean_text": "This deficiency limits the characterization of word pairs such as river bank (Wilks et al 1996) and write pen (Veronis and Ide 1990) to simple relatedness, whereas the labeled relations of MindNet specify precisely the relations river --Part -& gt; bank and write --Means --& gt; pen.", 
    "keep_for_gold": 0
  }, 
  {
    "citance_No": 5, 
    "citing_paper_id": "P98-2180", 
    "citing_paper_authority": 22, 
    "citing_paper_authors": "Stephen D., Richardson | William B., Dolan | Lucy, Vanderwende", 
    "raw_text": "Invertedsemrel structure from a definition of motorist Researchers who produced spreading activation networks from MRDs, including Veronis and Ide (1990) and Kozima and Furugori (1993), typically only implemented forward links (from headwords to their definition words) in those networks", 
    "clean_text": "Inverted semrel structure from a definition of motorist Researchers who produced spreading activation networks from MRDs, including Veronis and Ide (1990) and Kozima and Furugori (1993), typically only implemented forward links (from headwords to their definition words) in those networks.", 
    "keep_for_gold": 0
  }, 
  {
    "citance_No": 6, 
    "citing_paper_id": "P05-1017", 
    "citing_paper_authority": 44, 
    "citing_paper_authors": "Hiroya, Takamura | Takashi, Inui | Manabu, Okumura", 
    "raw_text": "Since the model estimation has been reduced to simple update calculations, the proposed modelis similar to conventional spreading activation approaches, which have been applied, for example, to word sense disambiguation (Veronis and Ide, 1990)", 
    "clean_text": "Since the model estimation has been reduced to simple update calculations, the proposed model is similar to conventional spreading activation approaches, which have been applied, for example, to word sense disambiguation (Veronis and Ide, 1990).", 
    "keep_for_gold": 1
  }
]
