[
  {
    "citance_No": 1, 
    "citing_paper_id": "W91-0115", 
    "citing_paper_authority": 0, 
    "citing_paper_authors": "Masato, Ishizaki", 
    "raw_text": "As mentioned in (Emele and Zajac,1990), the proposed approach inevitably leads to the consequence that the data structure becomes slightly complicated", 
    "clean_text": "As mentioned in (Emele and Zajac, 1990), the proposed approach inevitably leads to the consequence that the data structure becomes slightly complicated.", 
    "keep_for_gold": 1
  }, 
  {
    "citance_No": 2, 
    "citing_paper_id": "P98-2154", 
    "citing_paper_authority": 0, 
    "citing_paper_authors": "Mikio, Nakano | Akira, Shimazu", 
    "raw_text": "935 (9) sign (v ,agr (sing, 3rd), sign (_ ,agr (sing, 3rd),_)) Feature structure (8) is a O &apos ;ped feature structure used in typed unification grammars (Emele and Zajac, 1990)", 
    "clean_text": "", 
    "keep_for_gold": 0
  }, 
  {
    "citance_No": 3, 
    "citing_paper_id": "E95-1025", 
    "citing_paper_authority": 15, 
    "citing_paper_authors": "Gregor, Erbach", 
    "raw_text": "Implementations of sorted feature formalisms such as TDL (Krieger and Sch~ifer, 1994), ALE (Carpenter, 1993), CUF (DSrre and Dorna, 1993), TFS (Emele and Zajac, 1990) and others have been used successfully for the development and testing of large grammars and lexicons, but they may be too slow for actual use in applications 180 because they are generally built on top of Prolog or LISP, and can therefore not be as efficient as the built-in unification of Prolog", 
    "clean_text": "Implementations of sorted feature formalisms such as TDL (Krieger and Schifer, 1994), ALE (Carpenter, 1993), CUF (DSrre and Dorna, 1993), TFS (Emele and Zajac, 1990) and others have been used successfully for the development and testing of large grammars and lexicons, but they may be too slow for actual use in applications 180 because they are generally built on top of Prolog or LISP, and can therefore not be as efficient as the built-in unification of Prolog.", 
    "keep_for_gold": 0
  }, 
  {
    "citance_No": 4, 
    "citing_paper_id": "C92-2121", 
    "citing_paper_authority": 0, 
    "citing_paper_authors": "Hiroaki, Kitano | Dan, Moldovan", 
    "raw_text": "A more radical approacl h however rooted in the traditional model is to fully map the typed unification grammars [Emele and Zajac, 1990 on the SNAP", 
    "clean_text": "A more radical approach however rooted in the traditional model is to fully map the typed unification grammars [Emele and Zajac, 1990 on the SNAP.", 
    "keep_for_gold": 0
  }, 
  {
    "citance_No": 5, 
    "citing_paper_id": "W97-1510", 
    "citing_paper_authority": 1, 
    "citing_paper_authors": "Lena, Str&ouml;mb&auml;ck", 
    "raw_text": "This resulted in formalisms as, for example, (Johnson and Rosner, 1989), (Emele and Zajac, 1990), (DSrre and Dorna, 1993) and (Carpenter, 1992)", 
    "clean_text": "", 
    "keep_for_gold": 0
  }, 
  {
    "citance_No": 6, 
    "citing_paper_id": "W97-1510", 
    "citing_paper_authority": 1, 
    "citing_paper_authors": "Lena, Str&ouml;mb&auml;ck", 
    "raw_text": "This gives the possibility to define more general relations, and in particular functions can be defined in a way similar to, for example, (Johnson and Rosner, 1989) and (Emele and Zajac, 1990)", 
    "clean_text": "This gives the possibility to define more general relations, and in particular functions can be defined in a way similar to, for example, (Johnson and Rosner, 1989) and (Emele and Zajac, 1990).", 
    "keep_for_gold": 0
  }, 
  {
    "citance_No": 7, 
    "citing_paper_id": "W97-1510", 
    "citing_paper_authority": 1, 
    "citing_paper_authors": "Lena, Str&ouml;mb&auml;ck", 
    "raw_text": "In this way the user can create an inheritance hierarchy which is similar but not identical to how inheritance is used in other formalisms uch as TFS (Emele and Zajac, 1990) or ALE (Carpenter, 1992)", 
    "clean_text": "In this way the user can create an inheritance hierarchy which is similar but not identical to how inheritance is used in other formalisms uch as TFS (Emele and Zajac, 1990) or ALE (Carpenter, 1992).", 
    "keep_for_gold": 0
  }
]
