[
  {
    "citance_No": 1, 
    "citing_paper_id": "W96-0303", 
    "citing_paper_authority": 5, 
    "citing_paper_authors": "Ted, Briscoe | Ann, Copestake", 
    "raw_text": "The ANLT lexicon was derived semi-automatically from a machine readable dictionary (LDOCE), and although the COMLEX syntax dictionary (Grishman et al, 1994), which was derived with much greater amounts of human effort, has a slightly better performance, the difference is not great", 
    "clean_text": "The ANLT lexicon was derived semi-automatically from a machine readable dictionary (LDOCE), and although the COMLEX syntax dictionary (Grishman et al, 1994), which was derived with much greater amounts of human effort, has a slightly better performance, the difference is not great.", 
    "keep_for_gold": 0
  }, 
  {
    "citance_No": 2, 
    "citing_paper_id": "C08-1109", 
    "citing_paper_authority": 44, 
    "citing_paper_authors": "Joel R., Tetreault | Martin, Chodorow", 
    "raw_text": "We extend our previous work (Chodorowetal., 2007) by experimenting with combination features, as well as features derived from the Google N-Gram corpus and Comlex (Grishman et al, 1994) .Second, we discuss drawbacks in current methods of annotating ESL data and evaluating error detection systems, which are not limited to preposition errors", 
    "clean_text": "We extend our previous work (Chodorowetal., 2007) by experimenting with combination features, as well as features derived from the Google N-Gram corpus and Comlex (Grishman et al, 1994).", 
    "keep_for_gold": 0
  }, 
  {
    "citance_No": 3, 
    "citing_paper_id": "C08-1109", 
    "citing_paper_authority": 44, 
    "citing_paper_authors": "Joel R., Tetreault | Martin, Chodorow", 
    "raw_text": "We also experimented with other features such as augmenting the model with verb-preposition preferences derived from Comlex (Grishman et al, 1994), and querying the Google Terabyte N-gramcorpus with the same patterns used in the combination features", 
    "clean_text": "We also experimented with other features such as augmenting the model with verb-preposition preferences derived from CoMlex (Grishman et al, 1994), and querying the Google Terabyte N-gram corpus with the same patterns used in the combination features.", 
    "keep_for_gold": 0
  }, 
  {
    "citance_No": 4, 
    "citing_paper_id": "E12-1056", 
    "citing_paper_authority": 1, 
    "citing_paper_authors": "Judith, Eckle-Kohler | Iryna, Gurevych", 
    "raw_text": "SCFs specify syntactic arguments of verbs and other predicate-like lexemes ,e.g. the verb say 1http: //www.ukp.tu-darmstadt.de/data/ubytakes two arguments that can be realized, for in stance, as noun phrase and that-clause as in He says that the window is open. Although a number of freely available, large scale and accurate SCF lexicons exist ,e.g. COM LEX (Grishman et al 1994), VerbNet (Kipperet al 2008) for English, availability and limitations in size and coverage remain an inherent is sue", 
    "clean_text": "Although a number of freely available, large scale and accurate SCF lexicons exist ,e.g. COMLEX (Grishman et al 1994), VerbNet (Kipperet al 2008) for English, availability and limitations in size and coverage remain an inherent is sue.", 
    "keep_for_gold": 0
  }, 
  {
    "citance_No": 5, 
    "citing_paper_id": "P04-2008", 
    "citing_paper_authority": 0, 
    "citing_paper_authors": "Naoki, Yoshinaga", 
    "raw_text": "The obtained SCFs comprise the total 163 SCF types which are originally based on the SCFs in the ANLT (Boguraev and Briscoe,1987) and COMLEX (Grishman et al, 1994) dictionaries", 
    "clean_text": "The obtained SCFs comprise the total 163 SCF types which are originally based on the SCFs in the ANLT (Boguraev and Briscoe,1987) and COMLEX (Grishman et al, 1994) dictionaries.", 
    "keep_for_gold": 0
  }, 
  {
    "citance_No": 6, 
    "citing_paper_id": "P03-1009", 
    "citing_paper_authority": 23, 
    "citing_paper_authors": "Anna, Korhonen | Yuval, Krymolowski | Zvika, Marx", 
    "raw_text": "We obtain our SCF data using the sub categorization acquisition system of Briscoe and Carroll (1997) .We expect the use of this system to be beneficial: it employs a robust statistical parser (Briscoe and Carroll, 2002) which yields complete though shallow parses, and a comprehensive SCF classifier, which incorporates 163 SCF distinctions, a super set of those found in the ANLT (Boguraev et al,1987) and COMLEX (Grishman et al, 1994) dictionaries", 
    "clean_text": "We obtain our SCF data using the sub categorization acquisition system of Briscoe and Carroll (1997). We expect the use of this system to be beneficial: it employs a robust statistical parser (Briscoe and Carroll, 2002) which yields complete though shallow parses, and a comprehensive SCF classifier, which incorporates 163 SCF distinctions, a super set of those found in the ANLT (Boguraev et al,1987) and COMLEX (Grishman et al, 1994) dictionaries.", 
    "keep_for_gold": 0
  }, 
  {
    "citance_No": 7, 
    "citing_paper_id": "W06-2605", 
    "citing_paper_authority": 1, 
    "citing_paper_authors": "Rajen, Subba | Barbara Di, Eugenio | Su Nam, Kim", 
    "raw_text": "The lexicon is based on COMLEX (Grishman et al., 1994)", 
    "clean_text": "The lexicon is based on COMLEX (Grishman et al., 1994).", 
    "keep_for_gold": 0
  }, 
  {
    "citance_No": 8, 
    "citing_paper_id": "W98-1123", 
    "citing_paper_authority": 21, 
    "citing_paper_authors": "Min-Yen, Kan | Judith L., Klavans | Kathleen R., McKeown", 
    "raw_text": "We based our POS table lookup on NYU &apos; s COMLEX (Grishman et al 1994)", 
    "clean_text": "We based our POS table lookup on NYU's COMLEX (Grishman et al 1994).", 
    "keep_for_gold": 0
  }, 
  {
    "citance_No": 9, 
    "citing_paper_id": "P07-1115", 
    "citing_paper_authority": 14, 
    "citing_paper_authors": "Judita, Preiss | Ted, Briscoe | Anna, Korhonen", 
    "raw_text": "SCF FramesThe SCFs recognized by the classifier were obtained by manually merging the frames exemplified in the COMLEX Syntax (Grishman et al, 1994), ANLT (Boguraev et al, 1987 )and/or NOMLEX (Macleod et al, 1997) dictionaries and including additional frames found by manual inspection of unclassifiable examples during development of the classifier", 
    "clean_text": "SCF FramesThe SCFs recognized by the classifier were obtained by manually merging the frames exemplified in the COMLEX Syntax (Grishman et al, 1994), ANLT (Boguraev et al, 1987 )and/or NOMLEX (Macleod et al, 1997) dictionaries and including additional frames found by manual inspection of unclassifiable examples during development of the classifier.", 
    "keep_for_gold": 0
  }, 
  {
    "citance_No": 10, 
    "citing_paper_id": "W04-2801", 
    "citing_paper_authority": 0, 
    "citing_paper_authors": "Mark G., Core | Johanna D., Moore", 
    "raw_text": "Carmel comes with a wide-coverage English grammar that is compatible with the wide-coverage COMLEX lex icon (Grishman et al, 1994)", 
    "clean_text": "Carmel comes with a wide-coverage English grammar that is compatible with the wide-coverage COMLEX lexicon (Grishman et al, 1994).", 
    "keep_for_gold": 0
  }, 
  {
    "citance_No": 11, 
    "citing_paper_id": "W04-2606", 
    "citing_paper_authority": 8, 
    "citing_paper_authors": "Anna, Korhonen | Ted, Briscoe", 
    "raw_text": "This fairly comprehensive classification incorporates 163 different sub categorization frames (SCFs), a superset of those listed in the ANLT (Boguraev et al, 1987) and COMLEX Syntax dictionaries (Grishman et al, 1994)", 
    "clean_text": "This fairly comprehensive classification incorporates 163 different sub categorization frames (SCFs), a superset of those listed in the ANLT (Boguraev et al, 1987) and COMLEX Syntax dictionaries (Grishman et al, 1994).", 
    "keep_for_gold": 0
  }, 
  {
    "citance_No": 12, 
    "citing_paper_id": "W04-2606", 
    "citing_paper_authority": 8, 
    "citing_paper_authors": "Anna, Korhonen | Ted, Briscoe", 
    "raw_text": "was available )and/or from the COMLEX Syntaxdictionary (Grishman et al, 1994) all the SCFs taken by its member verbs", 
    "clean_text": "was available and/or from the COMLEX Syntax dictionary (Grishman et al, 1994) all the SCFs taken by its member verbs.", 
    "keep_for_gold": 0
  }, 
  {
    "citance_No": 13, 
    "citing_paper_id": "W02-1501", 
    "citing_paper_authority": 1, 
    "citing_paper_authors": "Roberto, Bartolini | Alessandro, Lenci | Simonetta, Montemagni | Vito, Pirrelli", 
    "raw_text": "Important examples are LDOCE (Procter 1987), ComLex (Grishman et al 1994), PAROLE (Ruimy et al 1998)", 
    "clean_text": "Important examples are LDOCE (Procter 1987), ComLex (Grishman et al 1994), PAROLE (Ruimy et al 1998).", 
    "keep_for_gold": 0
  }, 
  {
    "citance_No": 14, 
    "citing_paper_id": "W07-0605", 
    "citing_paper_authority": 0, 
    "citing_paper_authors": "Paula, Buttery | Anna, Korhonen", 
    "raw_text": "Itincorpo rates 168 SCF distinctions, a superset of those found in the COMLEX Syntax (Grishman et al, 1994) and ANLT (Boguraev et al, 1987) dictionaries", 
    "clean_text": "Itincorpo rates 168 SCF distinctions, a superset of those found in the COMLEX Syntax (Grishman et al, 1994) and ANLT (Boguraev et al, 1987) dictionaries.", 
    "keep_for_gold": 0
  }, 
  {
    "citance_No": 15, 
    "citing_paper_id": "W08-0508", 
    "citing_paper_authority": 1, 
    "citing_paper_authors": "David, Hardcastle | Richard, Power", 
    "raw_text": "For example, we included the examination of a body part belonging to a person in the domain, and this was expressed through a Saxon genitive in English but a prepositional phrase (with the subsidiary NPs in the reverse order) in the other languages. To test our assumptions about efficiency and scalability we inferred a larger Tbox ,subcategorisation frames and mappings using a pre-existing data set of verb frames for English encoded using the COM LEXsubcategorisation frame inventory (Grishmanet al, 1994)", 
    "clean_text": "For example, we included the examination of a body part belonging to a person in the domain, and this was expressed through a Saxon genitive in English but a prepositional phrase (with the subsidiary NPs in the reverse order) in the other languages. To test our assumptions about efficiency and scalability we inferred a larger Tbox, subcategorisation frames and mappings using a pre-existing data set of verb frames for English encoded using the COMLEX subcategorisation frame inventory (Grishmanet al, 1994).", 
    "keep_for_gold": 0
  }, 
  {
    "citance_No": 16, 
    "citing_paper_id": "W07-1215", 
    "citing_paper_authority": 1, 
    "citing_paper_authors": "Mark, McConville | Myroslava O., Dzikovska", 
    "raw_text": "Syntactic lexicons have been derived from other resources? the LinGO ERG lexicon (Copestake and Flickinger, 2000) contains entries extracted from ComLex (Grishman et al, 1994), and Hockenmaier and Steedman (2002) acquire a CCG lexicon from the Penn Treebank", 
    "clean_text": "", 
    "keep_for_gold": 0
  }, 
  {
    "citance_No": 17, 
    "citing_paper_id": "W98-0718", 
    "citing_paper_authority": 4, 
    "citing_paper_authors": "Hongyan, Jing", 
    "raw_text": "Other resources such as COMLEX syntax dictionary (Grishman et al., 1994) and English Verb Classes and Alternations (EVCA) (Levin, 1993) can provide verb sub categorization information and syntactic paraphrases, but they are indexed by words thus not suitable to use in generation directly", 
    "clean_text": "Other resources such as COMLEX syntax dictionary (Grishman et al., 1994) and English Verb Classes and Alternations (EVCA) (Levin, 1993) can provide verb subategorization information and syntactic paraphrases, but they are indexed by words thus not suitable to use in generation directly.", 
    "keep_for_gold": 1
  }, 
  {
    "citance_No": 18, 
    "citing_paper_id": "W03-1606", 
    "citing_paper_authority": 4, 
    "citing_paper_authors": "Caroline, Brun | Caroline, Hagege", 
    "raw_text": "It also exploits the classification given bythe COMLEX lexicon (Grishman et al, 1994) in order to calculate the deep-subject of infinitive verbs", 
    "clean_text": "It also exploits the classification given bythe COMLEX lexicon (Grishman et al, 1994) in order to calculate the deep-subject of infinitive verbs.", 
    "keep_for_gold": 0
  }, 
  {
    "citance_No": 19, 
    "citing_paper_id": "W04-2803", 
    "citing_paper_authority": 1, 
    "citing_paper_authors": "Carolyn Penstein, Ros&eacute; | Brian S., Hall", 
    "raw_text": "et al,2002), the CARMEL grammar and semantic interpretation framework (Rose?, 2000), and the COMLEX lexicon (Grishman et al, 1994)", 
    "clean_text": "the CARMEL grammar and semantic interpretation framework (Rose, 2000), and the COMLEX lexicon (Grishman et al, 1994).", 
    "keep_for_gold": 0
  }, 
  {
    "citance_No": 20, 
    "citing_paper_id": "W02-0906", 
    "citing_paper_authority": 2, 
    "citing_paper_authors": "Izaskun, Aldezabal | Maxux J., Aranzabe | Koldo, Gojenola | Kepa, Sarasola | Aitziber, Atutxa", 
    "raw_text": "From the different diagnostics proposed in the literature some are quite consistent among various authors (R. Grishman et al 1994, C. Pollard and I. Sag 1987, C. Verspoor 1997)", 
    "clean_text": "From the different diagnostics proposed in the literature some are quite consistent among various authors (R. Grishman et al 1994, C. Pollard and I. Sag 1987, C. Verspoor 1997).", 
    "keep_for_gold": 0
  }
]
