[
  {
    "citance_No": 1, 
    "citing_paper_id": "C08-1091", 
    "citing_paper_authority": 5, 
    "citing_paper_authors": "Roi, Reichart | Ari, Rappoport", 
    "raw_text": "Given a weighted complete bipartite graph G= (X? Y; X? Y) where edge (X i, Y j) has weight w ij, 8Excluding punctuation and null elements, according to the scheme of (Klein, 2005) .9There are many possible methods for evaluating clustering quality (Rosenberg and Hirschberg, 2007)", 
    "clean_text": "There are many possible methods for evaluating clustering quality (Rosenberg and Hirschberg, 2007).", 
    "keep_for_gold": 0
  }, 
  {
    "citance_No": 2, 
    "citing_paper_id": "P14-1101", 
    "citing_paper_authority": 1, 
    "citing_paper_authors": "Stella, Frank | Naomi H., Feldman | Sharon, Goldwater", 
    "raw_text": "We evaluate both the inferred phonetic categories and words using the clustering evaluation measure V-Measure (VM; Rosenberg and Hirschberg, 2007)", 
    "clean_text": "We evaluate both the inferred phonetic categories and words using the clustering evaluation measure V-Measure (VM; Rosenberg and Hirschberg, 2007).", 
    "keep_for_gold": 0
  }, 
  {
    "citance_No": 3, 
    "citing_paper_id": "D11-1095", 
    "citing_paper_authority": 7, 
    "citing_paper_authors": "Lin, Sun | Anna, Korhonen", 
    "raw_text": "F= 2 ?mPUR? ACCmPUR+ ACCF is not suitable for comparing results with different cluster numbers (Rosenberg and Hirschberg, 2007)", 
    "clean_text": "F is not suitable for comparing results with different cluster numbers (Rosenberg and Hirschberg, 2007).", 
    "keep_for_gold": 1
  }, 
  {
    "citance_No": 4, 
    "citing_paper_id": "S10-1011", 
    "citing_paper_authority": 25, 
    "citing_paper_authors": "Suresh, Manandhar | Ioannis P., Klapaftis | Dmitriy, Dligach | Sameer S., Pradhan", 
    "raw_text": "answers were evaluated according to: (1) V Measure (Rosenberg and Hirschberg, 2007), and (2) paired F-Score (Artiles et al, 2009)", 
    "clean_text": "In the first one, unsupervised evaluation, systems' answers were evaluated according to: (1) V Measure (Rosenberg and Hirschberg, 2007), and (2) paired F-Score (Artiles et al, 2009).", 
    "keep_for_gold": 0
  }, 
  {
    "citance_No": 5, 
    "citing_paper_id": "S10-1011", 
    "citing_paper_authority": 25, 
    "citing_paper_authors": "Suresh, Manandhar | Ioannis P., Klapaftis | Dmitriy, Dligach | Sameer S., Pradhan", 
    "raw_text": "This section presents the measures of unsupervised evaluation ,i.e V-Measure (Rosenberg and Hirschberg, 2007) and (2) paired F-Score (Artiles et al, 2009)", 
    "clean_text": "This section presents the measures of unsupervised evaluation, i.e V-Measure (Rosenberg and Hirschberg, 2007) and (2) paired F-Score (Artiles et al, 2009).", 
    "keep_for_gold": 0
  }, 
  {
    "citance_No": 6, 
    "citing_paper_id": "S10-1011", 
    "citing_paper_authority": 25, 
    "citing_paper_authors": "Suresh, Manandhar | Ioannis P., Klapaftis | Dmitriy, Dligach | Sameer S., Pradhan", 
    "raw_text": "V-Measure (Rosenberg and Hirschberg, 2007) assesses the quality of a clustering solution by explicitly measuring its homogeneity and its completeness", 
    "clean_text": "V-Measure (Rosenberg and Hirschberg, 2007) assesses the quality of a clustering solution by explicitly measuring its homogeneity and its completeness.", 
    "keep_for_gold": 0
  }, 
  {
    "citance_No": 7, 
    "citing_paper_id": "S10-1011", 
    "citing_paper_authority": 25, 
    "citing_paper_authors": "Suresh, Manandhar | Ioannis P., Klapaftis | Dmitriy, Dligach | Sameer S., Pradhan", 
    "raw_text": "Homogeneity refers to the degree that each cluster consists of data points primarily be longing to a single GS class, while completeness refers to the degree that each GS class consists of data points primarily assigned to a single cluster (Rosenberg and Hirschberg, 2007)", 
    "clean_text": "Homogeneity refers to the degree that each cluster consists of data points primarily belonging to a single GS class, while completeness refers to the degree that each GS class consists of data points primarily assigned to a single cluster (Rosenberg and Hirschberg, 2007).", 
    "keep_for_gold": 0
  }, 
  {
    "citance_No": 8, 
    "citing_paper_id": "D12-1086", 
    "citing_paper_authority": 8, 
    "citing_paper_authors": "Enis, Sert | Mehmet Ali, Yatbaz | Deniz, Yuret", 
    "raw_text": "The V-measure (VM) (RosenbergandHirschberg, 2007) is an information theoretic metric that reports the harmonic mean of homogeneity (each cluster should contain only instances of a single class) and completeness (all instances of a class should be members of the same cluster)", 
    "clean_text": "The V-measure (VM) (Rosenberg and Hirschberg, 2007) is an information theoretic metric that reports the harmonic mean of homogeneity (each cluster should contain only instances of a single class) and completeness (all instances of a class should be members of the same cluster).", 
    "keep_for_gold": 1
  }, 
  {
    "citance_No": 9, 
    "citing_paper_id": "W09-2419", 
    "citing_paper_authority": 5, 
    "citing_paper_authors": "Suresh, Manandhar | Ioannis P., Klapaftis", 
    "raw_text": "A significant limitation of F-Score is that it does not evaluate the make up of clusters beyond the majority class (Rosenberg and Hirschberg, 2007) .Moreover, F-Score might also fail to evaluate clusters which are not matched to any GS class due to their small size", 
    "clean_text": "A significant limitation of F-Score is that it does not evaluate the make up of clusters beyond the majority class (Rosenberg and Hirschberg, 2007).", 
    "keep_for_gold": 1
  }, 
  {
    "citance_No": 10, 
    "citing_paper_id": "W09-2419", 
    "citing_paper_authority": 5, 
    "citing_paper_authors": "Suresh, Manandhar | Ioannis P., Klapaftis", 
    "raw_text": "These two limitations define the matching problem of F-Score (Rosenberg and Hirschberg, 2007) which can lead to: (1) identical scores between different clustering solutions, and (2) inaccurate assessment of the clustering quality", 
    "clean_text": "These two limitations define the matching problem of F-Score (Rosenberg and Hirschberg, 2007) which can lead to: (1) identical scores between different clustering solutions, and (2) inaccurate assessment of the clustering quality.", 
    "keep_for_gold": 0
  }, 
  {
    "citance_No": 11, 
    "citing_paper_id": "W09-2419", 
    "citing_paper_authority": 5, 
    "citing_paper_authors": "Suresh, Manandhar | Ioannis P., Klapaftis", 
    "raw_text": "Subsequently, we present the use of V 117 measure (Rosenberg and Hirschberg, 2007) as an evaluation measure that can overcome the current limitations of F-Score", 
    "clean_text": "ubsequently, we present the use of V measure (Rosenberg and Hirschberg, 2007) as an evaluation measure that can overcome the current limitations of F-Score.", 
    "keep_for_gold": 0
  }, 
  {
    "citance_No": 12, 
    "citing_paper_id": "W09-2419", 
    "citing_paper_authority": 5, 
    "citing_paper_authors": "Suresh, Manandhar | Ioannis P., Klapaftis", 
    "raw_text": "i=1 |gsi| N F (gsi) (1) As it can be observed, F-Score assesses the quality of a clustering solution by considering two different angles ,i.e. homogeneity and completeness (Rosenberg and Hirschberg, 2007)", 
    "clean_text": "As it can be observed, F-Score assesses the quality of a clustering solution by considering two different angles, i.e. homogeneity and completeness (Rosenberg and Hirschberg, 2007).", 
    "keep_for_gold": 0
  }, 
  {
    "citance_No": 13, 
    "citing_paper_id": "W09-2419", 
    "citing_paper_authority": 5, 
    "citing_paper_authors": "Suresh, Manandhar | Ioannis P., Klapaftis", 
    "raw_text": "The former situation is present, due to the fact that F-Score does not consider the make-up of the clusters beyond the majority class (Rosenberg and Hirschberg, 2007)", 
    "clean_text": "The former situation is present, due to the fact that F-Score does not consider the make-up of the clusters beyond the majority class (Rosenberg and Hirschberg, 2007).", 
    "keep_for_gold": 0
  }, 
  {
    "citance_No": 14, 
    "citing_paper_id": "W09-2419", 
    "citing_paper_authority": 5, 
    "citing_paper_authors": "Suresh, Manandhar | Ioannis P., Klapaftis", 
    "raw_text": "Moreover, let aij be the number of data points, which are members of class gsi and elements of cluster cj .V-measure assesses the quality of a clustering solution by explicitly measuring its homogeneity and its completeness (Rosenberg and Hirschberg, 2007)", 
    "clean_text": "V-measure assesses the quality of a clustering solution by explicitly measuring its homogeneity and its completeness (Rosenberg and Hirschberg, 2007).", 
    "keep_for_gold": 0
  }, 
  {
    "citance_No": 15, 
    "citing_paper_id": "W09-2419", 
    "citing_paper_authority": 5, 
    "citing_paper_authors": "Suresh, Manandhar | Ioannis P., Klapaftis", 
    "raw_text": "This happens when each Gs class is included in all clusters with a distribution equal to the distribution of sizes (Rosenberg and Hirschberg, 2007)", 
    "clean_text": "This happens when each Gs class is included in all clusters with a distribution equal to the distribution of sizes (Rosenberg and Hirschberg, 2007).", 
    "keep_for_gold": 0
  }, 
  {
    "citance_No": 16, 
    "citing_paper_id": "W09-2419", 
    "citing_paper_authority": 5, 
    "citing_paper_authors": "Suresh, Manandhar | Ioannis P., Klapaftis", 
    "raw_text": "This is due to the fact that V-measure cons id ers as the worst solution in terms of completeness the one, in which each class is represented by every cluster, and specifically with a distribution equal to the distribution of cluster sizes (RosenbergandHirschberg, 2007)", 
    "clean_text": "This is due to the fact that V-measure considers as the worst solution in terms of completeness the one, in which each class is represented by every cluster, and specifically with a distribution equal to the distribution of cluster sizes (Rosenberg and Hirschberg, 2007).", 
    "keep_for_gold": 0
  }, 
  {
    "citance_No": 17, 
    "citing_paper_id": "P11-1148", 
    "citing_paper_authority": 9, 
    "citing_paper_authors": "Tim, Van de Cruys | Marianna, Apidianaki", 
    "raw_text": "Consequently, th equality of the proposed clustering solution is evaluated by comparing the two groupings and measuring their similarity. Two evaluation metrics are used during the unsupervised evaluation in order to estimate the quality of the clustering solutions, the V-Measure (Rosenberg and Hirschberg, 2007) and the paired F 1481 Score (Artiles et al, 2009)", 
    "clean_text": "Two evaluation metrics are used during the unsupervised evaluation in order to estimate the quality of the clustering solutions, the V-Measure (Rosenberg and Hirschberg, 2007) and the paired F Score (Artiles et al, 2009).", 
    "keep_for_gold": 0
  }, 
  {
    "citance_No": 18, 
    "citing_paper_id": "W09-1121", 
    "citing_paper_authority": 8, 
    "citing_paper_authors": "Roi, Reichart | Ari, Rappoport", 
    "raw_text": "Recently, two measures have been proposed that avoid many of the weaknesses of previous measure sand exhibit several attractive properties (see Sections 2 and 3): the VI measure (Meila, 2007) and the V measure (Rosenberg and Hirschberg, 2007)", 
    "clean_text": "Recently, two measures have been proposed that avoid many of the weaknesses of previous measures and exhibit several attractive properties (see Sections 2 and 3): the VI measure (Meila, 2007) and the V measure (Rosenberg and Hirschberg, 2007).", 
    "keep_for_gold": 0
  }, 
  {
    "citance_No": 19, 
    "citing_paper_id": "W09-1121", 
    "citing_paper_authority": 8, 
    "citing_paper_authors": "Roi, Reichart | Ari, Rappoport", 
    "raw_text": "As noted in (Rosenberg and Hirschberg, 2007), these measures evaluate not only the quality of the proposed clustering but also of the mapping scheme", 
    "clean_text": "As noted in (Rosenberg and Hirschberg, 2007), these measures evaluate not only the quality of the proposed clustering but also of the mapping scheme.", 
    "keep_for_gold": 0
  }, 
  {
    "citance_No": 20, 
    "citing_paper_id": "W09-1121", 
    "citing_paper_authority": 8, 
    "citing_paper_authors": "Roi, Reichart | Ari, Rappoport", 
    "raw_text": "As noted by (Rosenberg and Hirschberg, 2007), the Q measure does not explicitly address the completeness of the suggested clustering", 
    "clean_text": "As noted by (Rosenberg and Hirschberg, 2007), the Q measure does not explicitly address the completeness of the suggested clustering.", 
    "keep_for_gold": 0
  }
]
