[
  {
    "citance_No": 1, 
    "citing_paper_id": "D11-1140", 
    "citing_paper_authority": 22, 
    "citing_paper_authors": "Tom, Kwiatkowski | Luke, Zettlemoyer | Sharon, Goldwater | Mark, Steedman", 
    "raw_text": "Following previous work (Kwiatkowski et al, 2010), we make use of a higher-order unification learning scheme that defines a space of CCG gram mars consistent with the (sentence, logical form) training pairs", 
    "clean_text": "Following previous work (Kwiatkowski et al, 2010), we make use of a higher-order unification learning scheme that defines a space of CCG grammars consistent with the (sentence, logical form) training pairs.", 
    "keep_for_gold": 0
  }, 
  {
    "citance_No": 2, 
    "citing_paper_id": "D11-1140", 
    "citing_paper_authority": 22, 
    "citing_paper_authors": "Tom, Kwiatkowski | Luke, Zettlemoyer | Sharon, Goldwater | Mark, Steedman", 
    "raw_text": "Kwiatkowski et al (2010) described an approach for language-independent learning that replaces the hand-specified templates with a higher-order-unification-based lexical induction method, but their approach does not scale well to challenging, unedited sentences", 
    "clean_text": "Kwiatkowski et al (2010) described an approach for language-independent learning that replaces the hand-specified templates with a higher-order-unification-based lexical induction method, but their approach does not scale well to challenging, unedited sentences.", 
    "keep_for_gold": 1
  }, 
  {
    "citance_No": 3, 
    "citing_paper_id": "D11-1140", 
    "citing_paper_authority": 22, 
    "citing_paper_authors": "Tom, Kwiatkowski | Luke, Zettlemoyer | Sharon, Goldwater | Mark, Steedman", 
    "raw_text": "The factored PCCG will also contain a parameter vector,?, that defines a log-linear distribution over the possible parses y, conditioned on the sentence x. Learning Our approach for learning factored PC CGs extends the work of Kwiatkowski et al (2010), as reviewed in Section 7", 
    "clean_text": "Our approach for learning factored PCCGs extends the work of Kwiatkowski et al (2010), as reviewed in Section 7.", 
    "keep_for_gold": 0
  }, 
  {
    "citance_No": 4, 
    "citing_paper_id": "D11-1140", 
    "citing_paper_authority": 22, 
    "citing_paper_authors": "Tom, Kwiatkowski | Luke, Zettlemoyer | Sharon, Goldwater | Mark, Steedman", 
    "raw_text": "Our Factored Unification Based Learning (FUBL) method extends the UBL algorithm (Kwiatkowski et al, 2010) to induce factored lexicons, while alsosimultanously estimating the parameters of a log linear CCG parsing model", 
    "clean_text": "Our Factored Unification Based Learning (FUBL) method extends the UBL algorithm (Kwiatkowski et al, 2010) to induce factored lexicons, while also simultanously estimating the parameters of a log linear CCG parsing model.", 
    "keep_for_gold": 0
  }, 
  {
    "citance_No": 5, 
    "citing_paper_id": "D11-1140", 
    "citing_paper_authority": 22, 
    "citing_paper_authors": "Tom, Kwiatkowski | Luke, Zettlemoyer | Sharon, Goldwater | Mark, Steedman", 
    "raw_text": "The overall approach is closely related to the UBL algorithm (Kwiatkowski et al, 2010), but includes extensions for updating the factored lexicon, as motivated in Section 6.Initialization The model is initialized with a factored lexicon as follows", 
    "clean_text": "The overall approach is closely related to the UBL algorithm (Kwiatkowski et al, 2010), but includes extensions for updating the factored lexicon, as motivated in Section 6.", 
    "keep_for_gold": 0
  }, 
  {
    "citance_No": 6, 
    "citing_paper_id": "D11-1140", 
    "citing_paper_authority": 22, 
    "citing_paper_authors": "Tom, Kwiatkowski | Luke, Zettlemoyer | Sharon, Goldwater | Mark, Steedman", 
    "raw_text": "and Collins, 2005, 2007),? -WASP (Wong and Mooney, 2007), UBL (Kwiatkowski et al, 2010) systems and DCS (Liang et al, 2011)", 
    "clean_text": "", 
    "keep_for_gold": 0
  }, 
  {
    "citance_No": 7, 
    "citing_paper_id": "D12-1069", 
    "citing_paper_authority": 17, 
    "citing_paper_authors": "Jayant, Krishnamurthy | Tom M., Mitchell", 
    "raw_text": "An area for future work is developing an automated way to produce this lexicon, perhaps by extending the recent work on automatic lexicon generation (Kwiatkowski et al2010) to the weakly supervised setting", 
    "clean_text": "An area for future work is developing an automated way to produce this lexicon, perhaps by extending the recent work on automatic lexicon generation (Kwiatkowski et al2010) to the weakly supervised setting.", 
    "keep_for_gold": 0
  }, 
  {
    "citance_No": 8, 
    "citing_paper_id": "P12-1051", 
    "citing_paper_authority": 6, 
    "citing_paper_authors": "Bevan K., Jones | Mark, Johnson | Sharon, Goldwater", 
    "raw_text": "For evaluation, following from Kwiatkowski et al (2010), we reserve 280 sentences for test and train on the remaining 600", 
    "clean_text": "For evaluation, following from Kwiatkowski et al (2010), we reserve 280 sentences for test and train on the remaining 600.", 
    "keep_for_gold": 0
  }, 
  {
    "citance_No": 9, 
    "citing_paper_id": "P12-1051", 
    "citing_paper_authority": 6, 
    "citing_paper_authors": "Bevan K., Jones | Mark, Johnson | Sharon, Goldwater", 
    "raw_text": "WASP (Wong and Mooney, 2006) and the hybrid tree (Lu et al, 2008) are chosen to rep resent tree transformation based approaches, and, while this comparison is our primary focus, we also report UBL-S (Kwiatkowski et al, 2010) as a non tree based top-performing system.6 The hybrid treeis notable as the only other system based on a generative model, and uni-hybrid, a version that uses a unigram distribution over words, is very similar to our own model", 
    "clean_text": "WASP (Wong and Mooney, 2006) and the hybrid tree (Lu et al, 2008) are chosen to represent tree transformation based approaches, and, while this comparison is our primary focus, we also report UBL-S (Kwiatkowski et al, 2010) as a non tree based top-performing system.", 
    "keep_for_gold": 0
  }, 
  {
    "citance_No": 10, 
    "citing_paper_id": "P13-1042", 
    "citing_paper_authority": 14, 
    "citing_paper_authors": "Qingqing, Cai | Alexander, Yates", 
    "raw_text": "As a starting point, we used the UBL system 427 developed by Kwiatkowski et al (2010) to learna semantic parser based on probabilistic Combinatory Categorial Grammar (PCCG)", 
    "clean_text": "As a starting point, we used the UBL system developed by Kwiatkowski et al (2010) to learn a semantic parser based on probabilistic Combinatory Categorial Grammar (PCCG).", 
    "keep_for_gold": 0
  }, 
  {
    "citance_No": 11, 
    "citing_paper_id": "E12-1024", 
    "citing_paper_authority": 13, 
    "citing_paper_authors": "Tom, Kwiatkowski | Sharon, Goldwater | Luke, Zettlemoyer | Mark, Steedman", 
    "raw_text": "We show that it outperforms a state-of-the-art semantic parser (Kwiatkowski et al 2010) when run with similar training conditions (i.e., neither system is given the corpus based initialization originally used byKwiatkowski et al. We then examine the learning curves of some individual words, showing that the model can learn word meanings on the basis of a single exposure, similar to the fast map ping phenomenon observed in children (Carey and Bartlett, 1978)", 
    "clean_text": "We show that it outperforms a state-of-the-art semantic parser (Kwiatkowski et al 2010) when run with similar training conditions (i.e., neither system is given the corpus based initialization originally used by Kwiatkowski et al).", 
    "keep_for_gold": 0
  }, 
  {
    "citance_No": 12, 
    "citing_paper_id": "E12-1024", 
    "citing_paper_authority": 13, 
    "citing_paper_authors": "Tom, Kwiatkowski | Sharon, Goldwater | Luke, Zettlemoyer | Mark, Steedman", 
    "raw_text": "Semantic parser induction as addressed by Zettlemoyer and Collins (2005, 2007, 2009), Kate and Mooney (2007), Wong and Mooney (2006, 2007), Lu et al (2008), Chen et al (2010), Kwiatkowski et al (2010, 2011) and Bo ?rschinger et al (2011) has the same task definition as theone addressed by this paper", 
    "clean_text": "", 
    "keep_for_gold": 0
  }, 
  {
    "citance_No": 13, 
    "citing_paper_id": "E12-1024", 
    "citing_paper_authority": 13, 
    "citing_paper_authors": "Tom, Kwiatkowski | Sharon, Goldwater | Luke, Zettlemoyer | Mark, Steedman", 
    "raw_text": "In particular, our approach is closely related that of Kwiatkowski et al (2010) but, whereas that work required careful initialisation and multiple passes over the training data to learn a discriminative parsing model, here we learn a generative parsing model without either", 
    "clean_text": "In particular, our approach is closely related that of Kwiatkowski et al (2010) but, whereas that work required careful initialisation and multiple passes over the training data to learn a discriminative parsing model, here we learn a generative parsing model without either.", 
    "keep_for_gold": 0
  }, 
  {
    "citance_No": 14, 
    "citing_paper_id": "E12-1024", 
    "citing_paper_authority": 13, 
    "citing_paper_authors": "Tom, Kwiatkowski | Sharon, Goldwater | Luke, Zettlemoyer | Mark, Steedman", 
    "raw_text": "This set is generated with the functional mapping T:{ t}= T (s, m), (2) which is defined, following Kwiatkowski et al (2010), using only the CCG combinators and a mapping from semantic type to syntactic category (presented in in Section 4)", 
    "clean_text": "This set is generated with the functional mapping T:{t}= T (s, m), which is defined, following Kwiatkowski et al (2010), using only the CCG combinators and a mapping from semantic type to syntactic category (presented in in Section 4).", 
    "keep_for_gold": 0
  }, 
  {
    "citance_No": 15, 
    "citing_paper_id": "E12-1024", 
    "citing_paper_authority": 13, 
    "citing_paper_authors": "Tom, Kwiatkowski | Sharon, Goldwater | Luke, Zettlemoyer | Mark, Steedman", 
    "raw_text": "Here we review the splitting procedure of Kwiatkowski et al (2010) that is used to generate CCG lexical items and describe how it is used by T to create a packed chart representation of all parses{ t} that are consistent with s and at least one of the meaning representations in{ m}", 
    "clean_text": "Here we review the splitting procedure of Kwiatkowski et al (2010) that is used to generate CCG lexical items and describe how it is used by T to create a packed chart representation of all parses {t} that are consistent with s and at least one of the meaning representations in {m}.", 
    "keep_for_gold": 0
  }, 
  {
    "citance_No": 16, 
    "citing_paper_id": "E12-1024", 
    "citing_paper_authority": 13, 
    "citing_paper_authors": "Tom, Kwiatkowski | Sharon, Goldwater | Luke, Zettlemoyer | Mark, Steedman", 
    "raw_text": "For comparison we use the UBL semantic parser of Kwiatkowski et al (2010) trained in a similar setting ?i.e., with no language specific initialisation4", 
    "clean_text": "For comparison we use the UBL semantic parser of Kwiatkowski et al (2010) trained in a similar setting i.e., with no language specific initialisation.", 
    "keep_for_gold": 0
  }, 
  {
    "citance_No": 17, 
    "citing_paper_id": "E12-1024", 
    "citing_paper_authority": 13, 
    "citing_paper_authors": "Tom, Kwiatkowski | Sharon, Goldwater | Luke, Zettlemoyer | Mark, Steedman", 
    "raw_text": "Figure 4 shows accuracy for our approach with and without guessing, for UBL 4Kwiatkowski et al (2010 )initialise lexical weights in their learning algorithm using corpus-wide alignment statistics across words and meaning elements", 
    "clean_text": "Kwiatkowski et al (2010) initialise lexical weights in their learning algorithm using corpus-wide alignment statistics across words and meaning elements.", 
    "keep_for_gold": 1
  }, 
  {
    "citance_No": 18, 
    "citing_paper_id": "E12-1024", 
    "citing_paper_authority": 13, 
    "citing_paper_authors": "Tom, Kwiatkowski | Sharon, Goldwater | Luke, Zettlemoyer | Mark, Steedman", 
    "raw_text": "240 when run over the training data once (UBL1) and for UBL when run over the training data 10 times (UBL10) as in Kwiatkowski et al (2010)", 
    "clean_text": "Figure 4 shows accuracy for our approach with and without guessing, for UBL when run over the training data once (UBL1) and for UBL when run over the training data 10 times (UBL10) as in Kwiatkowski et al (2010).", 
    "keep_for_gold": 0
  }, 
  {
    "citance_No": 19, 
    "citing_paper_id": "P13-2009", 
    "citing_paper_authority": 1, 
    "citing_paper_authors": "Jacob, Andreas | Andreas, Vlachos | Stephen, Clark", 
    "raw_text": "We also compare the MT-based semantic parsers to several recently published ones: WASP (Wong and Mooney, 2006), which like the hierarchical model described here learns a SCFG to translate between NL and MRL; ts Vb (Jonesetal., 2012), which uses variational Bayesian inference to learn weights for a tree transducer; UBL (Kwiatkowski et al, 2010), which learns a CCGlexicon with semantic annotations; and hybrid tree (Lu et al, 2008), which learns a synchronous generative model over variable-free MRs and NL strings", 
    "clean_text": "We also compare the MT-based semantic parsers to several recently published ones: WASP (Wong and Mooney, 2006), which like the hierarchical model described here learns a SCFG to translate between NL and MRL; ts Vb (Jonesetal., 2012), which uses variational Bayesian inference to learn weights for a tree transducer; UBL (Kwiatkowski et al, 2010), which learns a CCGlexicon with semantic annotations; and hybrid tree (Lu et al, 2008), which learns a synchronous generative model over variable-free MRs and NL strings.", 
    "keep_for_gold": 0
  }, 
  {
    "citance_No": 20, 
    "citing_paper_id": "P13-2009", 
    "citing_paper_authority": 1, 
    "citing_paper_authors": "Jacob, Andreas | Andreas, Vlachos | Stephen, Clark", 
    "raw_text": "The remaining system discussed in this paper, UBL (Kwiatkowski et al, 2010), leverages the fact that the MRL does not simply encode trees, but rather? -calculus expressions", 
    "clean_text": "The remaining system discussed in this paper, UBL (Kwiatkowski et al, 2010), leverages the fact that the MRL does not simply encode trees, but rather - calculus expressions.", 
    "keep_for_gold": 0
  }
]
