[
  {
    "citance_No": 1, 
    "citing_paper_id": "D07-1047", 
    "citing_paper_authority": 5, 
    "citing_paper_authors": "Krysta, Svore | Lucy, Vanderwende | Christopher, Burges", 
    "raw_text": "p (q)= Count (q) |q? D|, where Count (q) is the number of times term q appears in D and |q? D| is the number of news query terms in D. We also include the sum of news query terms in Si, given by NT+ (Si)=? q? Si p (q), and the relative probability of news query terms in Si, given by NTr (Si)=? q? Si p (q) |Si| .We perform term disambiguation on each document using an entity extractor (Cucerzan, 2007)", 
    "clean_text": "We perform term disambiguation on each document using an entity extractor (Cucerzan, 2007).", 
    "keep_for_gold": 0
  }, 
  {
    "citance_No": 2, 
    "citing_paper_id": "P14-2013", 
    "citing_paper_authority": 0, 
    "citing_paper_authors": "Ayman, Alhelbawy | Robert J., Gaizauskas", 
    "raw_text": "More similarity features were added by Cucerzan (2007) who realized that topical coherence between a candidate entity andother entities in the context will improve NED ac curacy and by Milne and Witten (2008) who built on Cucerzan? s work", 
    "clean_text": "More similarity features were added by Cucerzan (2007) who realized that topical coherence between a candidate entity and other entities in the context will improve NED accuracy and by Milne and Witten (2008) who built on Cucerzan's work.", 
    "keep_for_gold": 1
  }, 
  {
    "citance_No": 3, 
    "citing_paper_id": "C10-1150", 
    "citing_paper_authority": 7, 
    "citing_paper_authors": "Yiping, Zhou | Lan, Nie | Omid, Rouhani-Kalleh | Flavian, Vasile | Scott, Gaffney", 
    "raw_text": "Cucerzan (2007) employed context vectors consisting of phrases and categories extracted from Wikipedia", 
    "clean_text": "Cucerzan (2007) employed context vectors consisting of phrases and categories extracted from Wikipedia.", 
    "keep_for_gold": 1
  }, 
  {
    "citance_No": 4, 
    "citing_paper_id": "C10-1150", 
    "citing_paper_authority": 7, 
    "citing_paper_authors": "Yiping, Zhou | Lan, Nie | Omid, Rouhani-Kalleh | Flavian, Vasile | Scott, Gaffney", 
    "raw_text": "This entity disambiguation data set was introduced by Cucerzan (2007)", 
    "clean_text": "This entity disambiguation data set was introduced by Cucerzan (2007).", 
    "keep_for_gold": 1
  }, 
  {
    "citance_No": 5, 
    "citing_paper_id": "C10-1150", 
    "citing_paper_authority": 7, 
    "citing_paper_authors": "Yiping, Zhou | Lan, Nie | Omid, Rouhani-Kalleh | Flavian, Vasile | Scott, Gaffney", 
    "raw_text": "3) Baseline-m: we implemented the approach brought by Cucerzan (2007) based on our best understanding", 
    "clean_text": "we implemented the approach brought by Cucerzan (2007) based on our best understanding.", 
    "keep_for_gold": 0
  }, 
  {
    "citance_No": 6, 
    "citing_paper_id": "W10-3503", 
    "citing_paper_authority": 2, 
    "citing_paper_authors": "Luisa, Bentivogli | Pamela, Forner | Claudio, Giuliano | Alessandro, Marchetti | Emanuele, Pianta | Kateryna, Tymoshenko", 
    "raw_text": "The corpus created by (Cucerzan, 2007) contains annotation of named entities only6", 
    "clean_text": "e.", 
    "keep_for_gold": 0
  }, 
  {
    "citance_No": 7, 
    "citing_paper_id": "W11-2213", 
    "citing_paper_authority": 2, 
    "citing_paper_authors": "Zornitsa, Kozareva | Sujith, Ravi", 
    "raw_text": "To model these characteristics, Bunescu and Pasca (2006) and Cucerzan (2007) incorporate information from Wikipedia articles, Artiles et al (2007) use Webpage content, Mann and Yarowsky (2003) extract biographic facts", 
    "clean_text": "To model these characteristics, Bunescu and Pasca (2006) and Cucerzan (2007) incorporate information from Wikipedia articles, Artiles et al (2007) use Webpage content, Mann and Yarowsky (2003) extract biographic facts.", 
    "keep_for_gold": 0
  }, 
  {
    "citance_No": 8, 
    "citing_paper_id": "P10-1006", 
    "citing_paper_authority": 4, 
    "citing_paper_authors": "Xianpei, Han | Zhao, Jun", 
    "raw_text": "(2008), Wan et al (2005) and Lu et al (2007)), the ontology connection in DBLP (Has sell et al, 2006) and the semantic relations in Wikipedia (Cucerzan (2007), Han and Zhao (2009))", 
    "clean_text": "", 
    "keep_for_gold": 0
  }, 
  {
    "citance_No": 9, 
    "citing_paper_id": "P10-1006", 
    "citing_paper_authority": 4, 
    "citing_paper_authors": "Xianpei, Han | Zhao, Jun", 
    "raw_text": "Cucerzan (2007) disambiguated the names by combining the BOW model with the Wikipedia category information", 
    "clean_text": "Cucerzan (2007) disambiguated the names by combining the BOW model with the Wikipedia category information.", 
    "keep_for_gold": 0
  }, 
  {
    "citance_No": 10, 
    "citing_paper_id": "N10-1072", 
    "citing_paper_authority": 12, 
    "citing_paper_authors": "Zhicheng, Zheng | Fangtao, Li | Minlie, Huang | Xiaoyan, Zhu", 
    "raw_text": "Cucerzan (2007) and 484Bunescu (2006) used Wikipedia? s category information in the disambiguation process", 
    "clean_text": "Cucerzan (2007) and Bunescu (2006) used Wikipedia's category information in the disambiguation process.", 
    "keep_for_gold": 0
  }, 
  {
    "citance_No": 11, 
    "citing_paper_id": "W12-3902", 
    "citing_paper_authority": 0, 
    "citing_paper_authors": "Santosh, GSK | Mahathi, Bhagavatula | Vasudeva, Varma", 
    "raw_text": "The most relevant work to this paper are Kazama and Torisawa (2007), Toral and Munoz (2006), Cucerzan (2007), Richman and Schone (2008)", 
    "clean_text": "", 
    "keep_for_gold": 0
  }, 
  {
    "citance_No": 12, 
    "citing_paper_id": "W12-3902", 
    "citing_paper_authority": 0, 
    "citing_paper_authors": "Santosh, GSK | Mahathi, Bhagavatula | Vasudeva, Varma", 
    "raw_text": "Cucerzan (2007), by contrast to the above, used Wikipedia primarily for Named Entity Disambiguation, following the path of Bunescu and Pasca (2006)", 
    "clean_text": "Cucerzan (2007), by contrast to the above, used Wikipedia primarily for Named Entity Disambiguation, following the path of Bunescu and Pasca (2006).", 
    "keep_for_gold": 0
  }, 
  {
    "citance_No": 13, 
    "citing_paper_id": "W12-3902", 
    "citing_paper_authority": 0, 
    "citing_paper_authors": "Santosh, GSK | Mahathi, Bhagavatula | Vasudeva, Varma", 
    "raw_text": "As in our paper, and unlike the above mentioned works, Cucerzan (2007) made use of the explicit Category information found within Wikipedia", 
    "clean_text": "As in our paper, and unlike the above mentioned works, Cucerzan (2007) made use of the explicit Category information found within Wikipedia.", 
    "keep_for_gold": 1
  }, 
  {
    "citance_No": 14, 
    "citing_paper_id": "W12-3902", 
    "citing_paper_authority": 0, 
    "citing_paper_authors": "Santosh, GSK | Mahathi, Bhagavatula | Vasudeva, Varma", 
    "raw_text": "Cucerzan (2007) did not make use of the Category information in identifying the class of a given entity", 
    "clean_text": "Cucerzan (2007) did not make use of the Category information in identifying the class of a given entity.", 
    "keep_for_gold": 0
  }, 
  {
    "citance_No": 15, 
    "citing_paper_id": "E09-1007", 
    "citing_paper_authority": 0, 
    "citing_paper_authors": "Julien, Ah-Pine | Guillaume, Jacquet", 
    "raw_text": "However, most of them do not build a NEs resource but exploit external gazetteers (Bunescu and Pasca, 2006), (Cucerzan, 2007)", 
    "clean_text": "", 
    "keep_for_gold": 0
  }, 
  {
    "citance_No": 16, 
    "citing_paper_id": "C10-1032", 
    "citing_paper_authority": 15, 
    "citing_paper_authors": "Mark, Dredze | Paul, McNamee | Delip, Rao | Adam, Gerber | Tim, Finin", 
    "raw_text": "BunescuandPasca (2006) and Cucerzan (2007) presented important pioneering work in this area, but suffer from several limitations including Wikipediaspecific dependencies, scale, and the assumption ofa KB entry for each entity", 
    "clean_text": "Bunescu and Pasca (2006) and Cucerzan (2007) presented important pioneering work in this area, but suffer from several limitations including Wikipedia specific dependencies, scale, and the assumption of a KB entry for each entity.", 
    "keep_for_gold": 0
  }, 
  {
    "citance_No": 17, 
    "citing_paper_id": "C10-1032", 
    "citing_paper_authority": 15, 
    "citing_paper_authors": "Mark, Dredze | Paul, McNamee | Delip, Rao | Adam, Gerber | Tim, Finin", 
    "raw_text": "Previous work by Bunescu and Pasca (2006) and Cucerzan (2007) aims to link entity mentions to their corresponding topic pages inWikipedia but the authors differ in their approaches", 
    "clean_text": "Previous work by Bunescu and Pasca (2006) and Cucerzan (2007) aims to link entity mentions to their corresponding topic pages in Wikipedia but the authors differ in their approaches.", 
    "keep_for_gold": 0
  }, 
  {
    "citance_No": 18, 
    "citing_paper_id": "C10-1032", 
    "citing_paper_authority": 15, 
    "citing_paper_authors": "Mark, Dredze | Paul, McNamee | Delip, Rao | Adam, Gerber | Tim, Finin", 
    "raw_text": "We evaluated our system on two datasets: the Text Analysis Conference (TAC) track on Knowl edge Base Population (TAC-KBP) (McNamee and Dang, 2009) and the newswire data used by Cucerzan (2007) (Microsoft News Data) .Since our approach relies on supervised learning, we begin by constructing our own trainingcorpus.7 We highlighted 1496 named entity mentions in news documents (from the TAC-KBP document collection) and linked these to entries in a KB derived from Wikipedia info boxes", 
    "clean_text": "We evaluated our system on two datasets: the Text Analysis Conference (TAC) track on Knowl edge Base Population (TAC-KBP) (McNamee and Dang, 2009) and the newswire data used by Cucerzan (2007) (Microsoft News Data).", 
    "keep_for_gold": 0
  }, 
  {
    "citance_No": 19, 
    "citing_paper_id": "C10-1032", 
    "citing_paper_authority": 15, 
    "citing_paper_authors": "Mark, Dredze | Paul, McNamee | Delip, Rao | Adam, Gerber | Tim, Finin", 
    "raw_text": "We downloaded the evaluation data used in Cucerzan (2007) 9: 20 news stories from MSNBC with 642 entity mentions manually linked to Wikipedia and another 113 mentions not having any corresponding link to Wikipedia.10 Asignificant percentage of queries were not of type PER, ORG, or GPE (e.g.,? Christmas?)", 
    "clean_text": "We downloaded the evaluation data used in Cucerzan (2007): 20 news stories from MSNBC with 642 entity mentions manually linked to Wikipedia and another 113 mentions not having any corresponding link to Wikipedia.", 
    "keep_for_gold": 1
  }, 
  {
    "citance_No": 20, 
    "citing_paper_id": "C10-1032", 
    "citing_paper_authority": 15, 
    "citing_paper_authors": "Mark, Dredze | Paul, McNamee | Delip, Rao | Adam, Gerber | Tim, Finin", 
    "raw_text": "Queries Accuracy Total Nil All non-NIL NIL NIL 452 187 0.4137 0.0 1.0 GPE 132 20 0.9696 1.00 0.8000 ORG 115 45 0.8348 0.7286 1.00 PER 205 122 0.9951 0.9880 1.00 All 452 187 0.9469 0.9245 0.9786Cucerzan (2007) 0.914 Table 3: Micro-average results for Microsoft data", 
    "clean_text": "", 
    "keep_for_gold": 0
  }
]
