<PAPER>
  <S sid="0" ssid="0">]~{ECOGNI:ZING ]:F:XT GENII.ES Wl r l l  S:lb,/l:ll,I,; ~/~I,;II/I(~S USING DISCII .</S>
  <S sid="1" ssid="1">IMINANT ANAI ,YS IS J USSI  [ (AIt I ,C,  ILEN juss i~sics.se Swedish Insl;il,ute of (2)ml),tter Science Box 1263, S 164 28 K[SrA, Stockholm, Sw(.den I)OUOI,ASS (]UTIIN(-} cut t ing@apple ,  com hl)l)le Compel ,  or Cupe.rl.lno, CA 95014, USA Abstract A siml)le method for (:~d, egorizing texts into pre-deturmincd text gem:e c;ttcgorics using tit(: st;tti.,t, icM sl.+utd+ud tcch nique of discriminatH, amdysis is demonstrated wil.h appli- cation to the Brown(:orpus.</S>
  <S sid="2" ssid="2">I)is(:rimina.ut analysis makes it possibh~ tl,qC it, la,rge l l l l l l lber of  l).~Xla-Ill(:l,(:rs Lh;tL llHl,y 1)(!</S>
  <S sid="3" ssid="3">SI)(1 cific for a. certain corpus or inlormation stream, and combine I.henl into ~t small tmmber ol + functions, wiLh t.he pa.ram(:i(:rs weighted oil basis of how usehd they ;u:e for discritniml.t ing text genres.</S>
  <S sid="4" ssid="4">An a.ppli(:~tl.ion to inforuta.tiott retrieval is discussed.</S>
  <S sid="5" ssid="5">Text  Types Thor(; are.</S>
  <S sid="6" ssid="6">different types of l;exL [exl.s "al)oui," l.he sa.me th ing m~ty be in differing geurcs, of difl(~rem.</S>
  <S sid="7" ssid="7">I y I)eS, ;rod of v;trying quality.</S>
  <S sid="8" ssid="8">Texts  vary along st.ver;d param.</S>
  <S sid="9" ssid="9">el.ers, a.ll relcwull, for l,he gcuera.l inlortlu~tiol~ rel, ri(wal problem of real.thing rea(lcr needs m.I texts.</S>
  <S sid="10" ssid="10">(liven this variat ion, in a text retrieval eonl.ext, the l)rol)lems arc (i) i (Mttifying ;cures,  and (ii) choosing criteria t,o ch,s-- ter texts of the smnc gem:e, wit, h l)redictal&gt;le l&gt;recision aml rcca.ll.</S>
  <S sid="11" ssid="11">This should uot he eonfused with t, he issue of idenl.ifying topics, m,d choosiug criW+ria that.</S>
  <S sid="12" ssid="12">diserinl- inatc on(: topic from auother.</S>
  <S sid="13" ssid="13">All.hough u(&gt;t orthogonal to gem(, del)endent; wu+iat, ion, the wuiat, ioll i, hat, rela, l,es dirc(-t.ly to (:onW.uI; and topic is Moug or, her (litu&lt;.usions.</S>
  <S sid="14" ssid="14">Na.l,ura.lly, there is (;o-va.riancc.. Iexl.s al)oul.</S>
  <S sid="15" ssid="15">(:(+rl.aitl topics ula,y only occur iu (:(;rt;ailt g(!tll(!s, alt(] {.exl.s ill eertaiu ge.nres may only t.rea.t c(ql.ain topics; mosl.</S>
  <S sid="16" ssid="16">l.ol)- ics do, however, occur iu several ;cures, which is what inl;erests us here.</S>
  <S sid="17" ssid="17">Douglas I~il)et: has sl, udied l;exl, variat.ion along scv eral l )aranmtcrs, and found that  t,cxt.s can I)(,, cousidcrcd to wvry along live ditnensious.</S>
  <S sid="18" ssid="18">In his st, udy, he clush.rs [~ai.ures according t.o eowuiauce, t.o find tmderlyiug di mens ions  (198!)).</S>
  <S sid="19" ssid="19">We wish to liud a method  for idenl.ifv- in ;  easily eomput.al)h; I)[tl:al,|et.cHs t.hat ra.l&gt;idly classify previously IlllS(?</S>
  <S sid="20" ssid="20">(~ll texts in gell(:r~ql classes and along a smal l  set smalh~r 1,tmn I~,il&gt;ers [ivl.</S>
  <S sid="21" ssid="21">of dimm,siot,s, s,,ch that l.hcy can bc cxplai,,(~d in i,,t,tit.iwdy siml)le terms to l.hc ,,so," of a.n informal.ion rel.riewd ~Hq)liea-- tion.</S>
  <S sid="22" ssid="22">()m: a im is 1,o t;~ke ~ set of texts that.</S>
  <S sid="23" ssid="23">has b(:ei, select, ed I)y sotne sort of crude semant ic  analysis uch as is typica.lly performexl I&gt;y an iufornmtion rel, ri(!vM sys- l, em and I)art.il.ion il, flulher I)y genre or (.cxl.</S>
  <S sid="24" ssid="24">t;yl)e , aud Experiment I I",xperiment 2 l~xperiment 3 .</S>
  <S sid="25" ssid="25">( l]~?w~Lc at e g ?zies) .. [.</S>
  <S sid="26" ssid="26">Informa.tive 1.</S>
  <S sid="27" ssid="27">Press: report;tge B.</S>
  <S sid="28" ssid="28">Press: editoriaJ (L Press: reviews 4.</S>
  <S sid="29" ssid="29">Mis(: - l )~  Ileligion- " I,,.</S>
  <S sid="30" ssid="30">Skills and lIohhies 1..</S>
  <S sid="31" ssid="31">I)olml~u: Lore C. Belles ],cttr(s, cl.c.</S>
  <S sid="32" ssid="32">21 Non-.tiction -- l lT(h)v. doc.</S>
  <S sid="33" ssid="33">[,estr n(.d II.</S>
  <S sid="34" ssid="34">[magin;ttivu 3.</S>
  <S sid="35" ssid="35">Fiction K. (,eneral "ietion I,.</S>
  <S sid="36" ssid="36">Mystery - - N. Adv.</S>
  <S sid="37" ssid="37">~ Wes{elll P. tloma.nce }i: ii i ,h.; i .</S>
  <S sid="38" ssid="38">Table 1: (,al,egories iu the I]rowu (;orpus t.o display this wuiat.iou as si luply as possible in oue or l.wo dilu(msions.</S>
  <S sid="39" ssid="39">Method vVe st,art by using [catmes similar go those firsl, hlw!s (.igat(d by ]~iber, but wc eonc(.ul,rate on (;hose t, hat; arc easy 1.o comput&lt;~ assuming  we have a parl, of speech tag get ((hll, l.ing e/ /*l, 1992; ( /hureh, 1988), such ;Is ,queh as i, Jlhd l)(:lSOll l)FoIIOllIl oeeull+Ci,C() l;atc ;18 o])l)obed 1.o geucral hedges  (l~iher, 1989).</S>
  <S sid="40" ssid="40">More mid more of I/ihcrs |egtlaileS will be awfilahle with tim advent of more prolieieut aua.lysis programs,  for iusl,a.nce if eom- plel.e surface syntaet.ic l&gt;a.rsing were performed hefore catl!gorizat.iotl (Voul;ilaiueu ,~ Talmnai lu u ,  1993).</S>
  <S sid="41" ssid="41">W(~ then use ( l iscr iuduant analysis,  a. technique from descriptive .~tatist.ics.</S>
  <S sid="42" ssid="42">atmlysis tak,s a set of l)rCcat.egorized iml iv iduals and (I;~ta ou t,hcir vm.m l iOl, Oil iI lltllIlb(21" o1 plLr~lliiCl.elS~ lLlld WOlks olll.</S>
  <S sid="43" ssid="43">a s(!t discriminant Juuctions which dist;ingnishes hetw(.etl t.he groups.</S>
  <S sid="44" ssid="44">These l uuetious can l.llen l)e used I.o predicl, the ca+l.egory mlmd)ershil)s of new iudiv iduals  based on tJmir )ara.met(!r scores (Tal.sluoka, 1971 ; M ustouen,  1965).</S>
  <S sid="45" ssid="45">Evaluat ion "or data.</S>
  <S sid="46" ssid="46">we used the Browu corpus of English text sn,i, )hs of uuifolnt length, ca.l,cgorized ht se,cral cal.cgorh~s I07/ Variable Range Adverb count 19 - 157 Character  count 7601 12143 ],ong word count (&gt; 6 chars) 168 - 838 Preposit ion count 151 433 Seeond person pronoun count 0 - 89 "Therefore" count 0 -  11 Words per sentence average 8.2 - 5a.2 Chars / sentence average 34.6 266.3 First person pronoun count 0 - 156 "Me" count 0 3(1 Present part iciple count 6 - 1(11 Sentence count 40 236 Type / token rat io 14.3 - 53.0 "I" count 0 120 Character  per word average 3.8 - 5.8 "It" count 1 - 53 Noun count 243 -- 75:l Present verb count 0 - 79 "That"  count :1 72 "Which" count 0 -- 40 Fable 2: Parameters  for l ) i sc r iminant  Ana lys i s Category  I tems Er rors [.</S>
  <S sid="47" ssid="47">ln fo rmat iw  .</S>
  <S sid="48" ssid="48">374 16 (4 %) I I .</S>
  <S sid="49" ssid="49">Imag inat ive  126 6 (5 %) qbtM 500 22 (4 %) Tab le  3: Categor i za t ion  in Two Categor ies as seen in tab le  1.</S>
  <S sid="50" ssid="50">We ran d i sc r iminant  ana lys i s  on the texts  in the cor l )us us ing seve.ral d i f ferent features as seen in tab le  2.</S>
  <S sid="51" ssid="51">We used the SPSS sys tem for sta- t i s t i ca l  data  ana lys i s ,  wh ich  has  as one of i ts  fcatm.es a complete  d i sc r iminant  ana lys i s  (SPSS,  1990).</S>
  <S sid="52" ssid="52">The d i ser iminant  f lmct ion  ext rac ted  t?om the data  by the ana lys i s  is a l inear  combinat ion  of t l le parameters .</S>
  <S sid="53" ssid="53">To categor i ze  a set in to  N categor ies  N - 1 funct ions  need to be determined ,  l l owever ,  if we are content  w i th  be ing able to p lot  al l  ca tegor ies  on a two-d imens iona l  p lane, wh id l  p robab ly  is what  we want  to do, for ease of ex- pos i t ion ,  we on ly  use the  two f irst  and  most  s ign i f i cant funct ions .</S>
  <S sid="54" ssid="54">2 categor ies In the ease of two categor ies ,  on ly  one funct ion  is nec- essary  foe determin ing  the category  of an i tenl .</S>
  <S sid="55" ssid="55">The f lmct ion  c lassi f ied 478 cases cor rec t ly  and  mise lass i l l ed 22, out  of the 500 cases, as shown in tab le  3 and  f igure I.</S>
  <S sid="56" ssid="56">4 categor ies Us ing the three funct ions  ext rac ted ,  366 cases were cor- rect ly  c lassi f ied,  and  134 eases were misc lass i f ied,  out  of t i le 500 cases, as can be seen in tab le  4 and  f igure 2.</S>
  <S sid="57" ssid="57">"M isce l laneous" ,  the most  p rob lemat ic  category ,  is a loose group ing  of d i f ferent  in fo rmat ive  texts .</S>
  <S sid="58" ssid="58">The  s ing le most  p rob lemat ic  subsubset  of  texts  is a subset  of eigh teen non- f ic t ion  texts  labe led  "learned/humalfities".</S>
  <S sid="59" ssid="59">S ix teen of them were eniselassit ied,  th i r teen  as "mis - eell&amp;eleotls".</S>
  <S sid="60" ssid="60">40 + I I I 20 + I I I X .</S>
  <S sid="61" ssid="61">X I 11 I 111 + 1111 I I i i i i  I 11111111 I 211111111 + 11111111111 2 ] 11111111111112212 2 2 22 [ 11111111111111111112222222222221 x .</S>
  <S sid="62" ssid="62">x -2 .0  0 .0  2 .0 Cent ro ids  : * * F igure  1: D is t r ibut ion ,  2 Categor ies Category J ~  Errors 2.</S>
  <S sid="63" ssid="63">Non-Iiction 28 (25 %) 3.</S>
  <S sid="64" ssid="64">12(; I ~ (~ %) 4.</S>
  <S sid="65" ssid="65">/ 176 I 68 (47 %) focal L%~ ?</S>
  <S sid="66" ssid="66">l 134 (27 ?/~T Tab le  4: Categor i za t ion  in Four  Categor ies + .</S>
  <S sid="67" ssid="67">+ I 223 [ I 23 I [ 233 I + + 22433 + + [ 244433 [ I 224 44333 I 1 244 44433 * ] I * 224 44333 I I 244 44433 I + 0.0  + 224 + 4433+ + ] 2244 * 44333 [ [ 2444 44433 [ I 22211444444444444444433 ] I 221111111111111111111443333 I I 2211 * 111111333[ + 22211 + + 1113+ I 22111 i i I I 2211  I I 22211 ] + .</S>
  <S sid="68" ssid="68">+ -2 .0  0 .0  2 .0 F igure  2: l ) i s t r ibut ion ,  4 Categor ies 1072 15 (or 10) cat(;gorh.~s Using th0 [Oill:l;eell funetions extracted, 258 cases w(we correctly classified and 242 cases inischlssilied out of the 500 cases, as shown in table 5.</S>
  <S sid="69" ssid="69">Trying to distin.</S>
  <S sid="70" ssid="70">guish I)eLween the di[ferenL types of fiction is exl)en- sive.</S>
  <S sid="71" ssid="71">hi tornis of errors.</S>
  <S sid="72" ssid="72">[[ the tiction subcategories were collapsed there only wouht be ten categories, and the error rate R)r the c.atogorizal,ion would iniprove as showil ill th0 "revis0d totM" record of the tal)le.</S>
  <S sid="73" ssid="73">The "learned~humanities" nubcal;egory is, as I)erore, prol)-- lematic: only two of the.</S>
  <S sid="74" ssid="74">eighteen itomn were correctly classified.</S>
  <S sid="75" ssid="75">others were irlost often misclassilied as "l / ,cl igion" or "Belles l.ettre.s".</S>
  <S sid="76" ssid="76">Va l idat ion  o f  the  Techn ique It is i inl)ortant o note that this exl)erinlent does not claim to show how geHrc, s ill fact ditfer.</S>
  <S sid="77" ssid="77">What  we show is tha.t this sort of teellnique can.</S>
  <S sid="78" ssid="78">bc used t.o determine which l)aramcters to line, given ~ set of them.</S>
  <S sid="79" ssid="79">We did not use a test set disjoint from I, he training set, and we do not claiul I;hat the functions we had the method extract fi:onl the data are useful iu theulselves.</S>
  <S sid="80" ssid="80">We dis- cuss how well this meJ, hod categorizes a set texl, given a set of categories, alld given a net of paralllCl.ers.</S>
  <S sid="81" ssid="81">The error rates clinlt) steelfly with the iiunlher of categories tested Ibr in the (:()rims we used.</S>
  <S sid="82" ssid="82">This ,m,y have to do with how the categories are chosen aud de- fined.</S>
  <S sid="83" ssid="83">For iustance, distinguishing between dill(rein.</S>
  <S sid="84" ssid="84">types of l iction by fornlal or stylistic criteria of this kind may just he sonicthing we shouht not a.tteml)t: the fictiou types are naturally delined ill ternln o1 their content, a.fter all.</S>
  <S sid="85" ssid="85">Fhc statistical tcchni(luc of factor  anM:qsi,~ can be used to discover categories, like l~iher has done.</S>
  <S sid="86" ssid="86">The prol/lenl with using automatically (lerived categories is that even if they are iu a sense tea.l, lneaniug that they are SUl)l)orted by data, i.hey may t)e di l l icult  to C?l)lain for l he uuenthusiastic l ltyl l ial l  if l.he ahii is to tlS(!</S>
  <S sid="87" ssid="87">the techlii(lUe in retrieval tooln.</S>
  <S sid="88" ssid="88">Other criteria that shouhl be studied are second alld higher order statistics on the rospeoLivc l)aranle ters.</S>
  <S sid="89" ssid="89">(-Jorl, ain l)aranieterst)robal)ly varG lnor~ ill certahl text types than other% aild they may have a s[~c?lJcd dislribulion as well.</S>
  <S sid="90" ssid="90">This is i iot dillicull, to deterli i ine, although l.h(!</S>
  <S sid="91" ssid="91">standard methods do llOt nupl)orl, illltO lnatic detcr ininat ion of staudard devial,iou or skl:wness as discrinl ination criteria.</S>
  <S sid="92" ssid="92">lT)gethcr with iJle hwesti-.</S>
  <S sid="93" ssid="93">gation of sew;ra] hil, herto Ultl.ried l)aranlcters, this is a 11(7.</S>
  <S sid="94" ssid="94">Readab i l i ty  Index ing Not unrel~Lted to the study of genre is the study of rcadabilily which aims to categorize texts aecoMing to their suital)ility for assumed sets of assumed readers.</S>
  <S sid="95" ssid="95">There ix a weall, h of formula: to couqmte readahilil.y.</S>
  <S sid="96" ssid="96">Most commonly l,hey combine easily computed text measures&gt; typically average or Saml)led averag,: s&lt;n t(;ncc leugth couibiucd with siulihMy couqluled woM length, or in(ides((, of words not on a sl/ecified "easy word lint" (( ,hall, 1948; K late, 1963).</S>
  <S sid="97" ssid="97">hi spite of C, halln warnings al)out inj,.ticious application to writing tasks, readal)ility measurement has naively come to be used as a l)l:escriptive metric of good wr i t iug as a tool for writers, ~md has thus COllie into some disrepute, among text researchers: Our small study conlirms the I)asie findings of the early readal)ility studies: the most im i)ortant fa.cl.ors of tim ones we tested are.</S>
  <S sid="98" ssid="98">word length, sentence length, and different derivatives of these two parameters.</S>
  <S sid="99" ssid="99">As long as readM)ility indexing nchemes are used iT, descriptive at)l)lications they work well to discrinlilml;e between text types.</S>
  <S sid="100" ssid="100">App l i ca t ion The technique shows practical promise.</S>
  <S sid="101" ssid="101">The territo- rial nial)s showu in ligmes 1, 2, and 3 are intuitively une[ul tools for (lisplayiug what type a particular text is, compared with other existing texts.</S>
  <S sid="102" ssid="102">The technique denionstrated above has au obvious application in in- formatiol~ retrieval, for l)ieking out interesting texts, if (cutest  based methods select a too large set for easy nlanipulation and browning (Cutting c/ al, 1992).</S>
  <S sid="103" ssid="103">In any specific application area it will be unlikely t, hat the text datM)ase to be accessed will be completely free form.</S>
  <S sid="104" ssid="104">The texts uuder consideration will probably he speciiic in some way.</S>
  <S sid="105" ssid="105">C, encral text tyl)eS may be useful, but quite l)rohably there wil l  be a domain or liehl-sl)ecilic text typology.</S>
  <S sid="106" ssid="106">In till envisioned apl)lica~ tics, a user will employ a cascade of filters starting with filtering by topic, and continuing with filters by genre or text, l.yl)e, aim ending by filters for text quality, or other t(mtal,iv(; liner-grained quMilieal,ionn.</S>
  <S sid="107" ssid="107">The In tF i l te r  P ro jec t The [Ntl,ilter Froject at the departments of Computer aml Systems Sciences, C, omputational  [,inguistics, ~md Psychology at Stockhohn University is at present stiMy.. ing texts on the USli.NIi;T News contercncing system, The project at present studies texts which appear on several different types of USF.Nt;T News coll[erences, a, ml investigates how well the classilieation criteria and categories tllat exl)erienced USENI,71 News users report using (lutl"ilter, 1993) can be used by a newsreader systeni.</S>
  <S sid="108" ssid="108">To do this the l)roject apl)lics the method described here.</S>
  <S sid="109" ssid="109">The project uses categories uch as " l tuery"  ~ lCCOI I l l l | e l l t ) l  1 l l kL l l I l ( ) | l | lC (~ l l le l l t l l  1 "FAQ", a l l ( l  so [orth, categorizing theui I,sing paranieters such ;is dif- ti~rent ypes of length tneanurcs, form word content, quote level, ]lereentage quoted text and other USEN I;T News Sl)ecific parameters.</S>
  <S sid="110" ssid="110">Acknowledgements Thanl,:s to Hans Karlgrcu, Gumml  K,~iJlgren, (_h~c, ff Nun- berg, Jau l&gt;ederscn, and the (,&lt;&gt;ling re.ferees, who all have colH:ril&gt;uted with suggestions and method()logical discussious.</S>
  <S sid="111" ssid="111">70,7.7 Category A.</S>
  <S sid="112" ssid="112">Press: reportage B.</S>
  <S sid="113" ssid="113">Press: editorial C. Press: reviews l).</S>
  <S sid="114" ssid="114">Religion E. Skills and Hobbies I".</S>
  <S sid="115" ssid="115">Popular Lore G. Belles Lettres, 13iogral&gt;hies re.</S>
  <S sid="116" ssid="116">Government documents &amp; misc.</S>
  <S sid="117" ssid="117">d. Learned K. General Fiction L. Mystery M. Science Fiction N. Adventure and Western P. Romance R. Ilumor Total l!ietion (From prev ious  table) Revised total Items 44 27 17 17 36 48 75 3O 80 29 24 6 29 29 9 500 126 500 Errors Miss ~1 (25 %) l, 8 (ao %) A 4 (~4 %) I~ 8 (47 %) G 17 (47 %) ,I 32 (67 %) ?,1~: 49 (65 %) I),B,A 9 (3o %) J 32 (40 %) II,I),G,F 16 (55 %) fiction 12 (50 %) -"- l (17 %) -"- 18 (62 %) -"- 22 (76 %) -"- a (aa %) -"- 242 (4s %) (i (,5 %) 178 (35 %) ( Table 5: Categorization i 15 ,at(go les + .</S>
  <S sid="118" ssid="118">+ [ -4  -2  L J J  0 2 JHH [ [ LL J  J JH  [ [ LLP J J  JH  [ + + + LLLPKF J J+  + +JHH + [ LLLPKKKFF J J J  J Jn  [ ] LLLPKKKKFFFFF J J J  * * JHH [ [ * LLLPKKK KF FFF J J  J JH  [ [ L**LNPRK KF FF J J J  JH  [ [ LLLLNNNKKK*  KKF *FF J J J  J I I t t  I + LLLLNNNNKKK*  + KFF  + *FFF J J+  + J JH  + [ LLLLNNNNNRKK KF  * FFF J J J J  JHH [ {LLLLNNNNNNNKK KKF  *FFFGGGGGJ J J  J J t l  [ ] LNNNN NNNKKK KK*RFFFFFFFFFFGGGG GGGJ J J J  JH ] INN NNKKK KKRRRBBBBBBB*BBBBBGGGGGGGGGJJJJ JHH [ [ NNNKK KKKRR RB * BBBBBBGGGGGGGJJ J J  JJll I + NNNKKK + KKKRRR RRB + + BBAAAAAAAAAJJ J JHH + ]NNKKK KKKRRR RBB * BBA AAAAJJHH] {NKK KKRRR RB BBAA AAAAHI [KK KKKRR RRB BAA AA{ [ KKKRRR RBB BBA [ { KKKRRR RRB BBHBBBAAAAAA [ + KKRRR +RBBBBBBBBBBHBBBCCCCCCCCCCAAAAAAAAAAAAAA+ { KKKRR RRBBBCCCCCCCCCCCC CCCCCCCCCCCCCCC [ [ KKKRRR RRCCCCC [ IKKRRR RRCC I + .</S>
  <S sid="119" ssid="119">+ Figure 3: l)istribution, 15 C.ategories * Indicates a group eentroid.</S>
  <S sid="120" ssid="120">7074 l~eferences Doug las  B i tmr  1989.</S>
  <S sid="121" ssid="121">"A typology of English texts", I, iu- guistics, 27:3--43.</S>
  <S sid="122" ssid="122">Jeanne  S. Cha l l  1948.</S>
  <S sid="123" ssid="123">I~cadnbility, Ohio Stal, c Univ.</S>
  <S sid="124" ssid="124">Ke lnmth  C lmrch  1988.</S>
  <S sid="125" ssid="125">"A Stochastic Parts of 5;fmc&lt;:h aJtd Noun Pitrasa Pa+rser for Unrestricted Text", lbocs.</S>
  <S sid="126" ssid="126">2rid ANLP,  Austbt.</S>
  <S sid="127" ssid="127">Douglas,+ Cut th tg ,  Ju l ian  Kupi(w., Jan  l)(.</S>
  <S sid="128" ssid="128">(hns(m, an(1 l.N.n(~h)l)e S ibun  1992.</S>
  <S sid="129" ssid="129">"A Ihact.ical lbn:t-of--Stmech 13.gger", lbocs.</S>
  <S sid="130" ssid="130">2rd A NLP, Trcnto.</S>
  <S sid="131" ssid="131">Doug lass  Cu?,t.lng, D. Karger ,  Jan  Pedersml ,  m~d John  Tuk(,.y 1992.</S>
  <S sid="132" ssid="132">~Scatl.e,/(~ather: A (Jh,sl.cr-lmst~d Al)l)roa(:h to Browsing [,arge ])ocument (2olhx:l.ions" Irocs.</S>
  <S sid="133" ssid="133">I n tF i l te r  199:1.</S>
  <S sid="134" ssid="134">Working Papers of the lnll"illcr Project, available I,y gopher from dsv .su .se : /pub/ In tF i  ]  te r .</S>
  <S sid="135" ssid="135">George  R. K la re  1963.</S>
  <S sid="136" ssid="136">ThcMcasurcmcntoft~adabi l i tg, [owa.</S>
  <S sid="137" ssid="137">W.  N. ~5ancis "rod F. Ku i :era  1982. l"rcq++cm:g An,/!/sis of /J*tglish Usage , [loughton MilllilL.</S>
  <S sid="138" ssid="138">Sept&gt;o Mus l ,onmi  1965.</S>
  <S sid="139" ssid="139">"M ultiple t)iscriminsu+l Analy sis in Linguistic Problems", 5t:ttislical Methods i~t /,in- :lui.slics, /t:37-:1,t.</S>
  <S sid="140" ssid="140">M. M.  Tatsuoka  7197l.</S>
  <S sid="141" ssid="141">Multivariate Analgsis, New York:.lohn Wiley &amp; Sons.</S>
  <S sid="142" ssid="142">A t ro  Vout i la inen  and  pas l  5[?1I)all~-thlelt I993.</S>
  <S sid="143" ssid="143">"Ambi- guity resoh,l.ion in a, reduct.ionistic parser", Procs.</S>
  <S sid="144" ssid="144">6lh ]~uropcan A CL, t ltrcchl.. SPSS  1990.</S>
  <S sid="145" ssid="145">The ,5/,5.b Ib:[ercncc (;~+id+:, (.qdca+go: ,qP,q5 I I IC+ 7075</S>
</PAPER>
