[
  {
    "citance_No": 1, 
    "citing_paper_id": "W02-1112", 
    "citing_paper_authority": 1, 
    "citing_paper_authors": "Josef, Meyer | Robert, Dale", 
    "raw_text": "To identify associative constructions, we first process our texts using Conexor? s FDG parser (Tapanainen and Jarvinen, 1997)", 
    "clean_text": "To identify associative constructions, we first process our texts using Conexor's FDG parser (Tapanainen and Jarvinen, 1997).", 
    "keep_for_gold": 0
  }, 
  {
    "citance_No": 2, 
    "citing_paper_id": "W04-2709", 
    "citing_paper_authority": 4, 
    "citing_paper_authors": "Stephen, Helmreich | David, Farwell | Bonnie Jean, Dorr | Nizar, Habash | Lori S., Levin | Teruko, Mitamura | Florence M., Reeder | Keith, Miller | Eduard, Hovy | Owen, Rambow | Advaith, Siddharthan", 
    "raw_text": "For English texts, these trees were first provided by the Connexor parser at UMIACS (Tapanainen and Jarvinen, 1997), and then corrected by one of the team PIs", 
    "clean_text": "For English texts, these trees were first provided by the Connexor parser at UMIACS (Tapanainen and Jarvinen, 1997), and then corrected by one of the team PIs.", 
    "keep_for_gold": 0
  }, 
  {
    "citance_No": 3, 
    "citing_paper_id": "W04-2007", 
    "citing_paper_authority": 2, 
    "citing_paper_authors": "Nuria, Gala", 
    "raw_text": "It is deve lopped at the Xerox Research Centre Europe (XRCE) and shares the same computation nal paradigm as the PNLPL approach (Jensen, 1992) and the FDGP approach (Tapanainen and Jarvinen, 1997)", 
    "clean_text": "It is developped at the Xerox Research Centre Europe (XRCE) and shares the same computationnal paradigm as the PNLPL approach (Jensen, 1992) and the FDGP approach (Tapanainen and Jarvinen, 1997).", 
    "keep_for_gold": 0
  }
]
