[
  {
    "citance_No": 1, 
    "citing_paper_id": "D07-1096", 
    "citing_paper_authority": 178, 
    "citing_paper_authors": "Joakim, Nivre | Johan, Hall | Sandra, K&uuml;bler | Ryan, McDonald | Jens, Nilsson | Sebastian, Riedel | Deniz, Yuret", 
    "raw_text": "and? Hall, K.?, to disambiguate between the teams involving Johan Hall (Hall et al, 2007a) and Keith Hall (Hall et al, 2007b), respectively", 
    "clean_text": "", 
    "keep_for_gold": 0
  }, 
  {
    "citance_No": 2, 
    "citing_paper_id": "D07-1096", 
    "citing_paper_authority": 178, 
    "citing_paper_authors": "Joakim, Nivre | Johan, Hall | Sandra, K&uuml;bler | Ryan, McDonald | Jens, Nilsson | Sebastian, Riedel | Deniz, Yuret", 
    "raw_text": "For languages with non-projective dependencies, graphs therefore need to be projectivized for training and deprojectivized for testing (Hall et al., 2007a; Johansson and Nugues, 2007b; Titov and Henderson, 2007)", 
    "clean_text": "", 
    "keep_for_gold": 0
  }, 
  {
    "citance_No": 3, 
    "citing_paper_id": "D07-1096", 
    "citing_paper_authority": 178, 
    "citing_paper_authors": "Joakim, Nivre | Johan, Hall | Sandra, K&uuml;bler | Ryan, McDonald | Jens, Nilsson | Sebastian, Riedel | Deniz, Yuret", 
    "raw_text": "Onesystem (Hall et al, 2007b) extends this two-stage approach to a three-stage architecture where the parser and labeler generate an n-best list of parses which in turn is reranked.6 In ensemble-based systems several base parsers provide parsing decisions, which are added together for a combined score for each potential dependency arc", 
    "clean_text": "One system (Hall et al, 2007b) extends this two-stage approach to a three-stage architecture where the parser and labeler generate an n-best list of parses which in turn is reranked.", 
    "keep_for_gold": 1
  }, 
  {
    "citance_No": 4, 
    "citing_paper_id": "D07-1096", 
    "citing_paper_authority": 178, 
    "citing_paper_authors": "Joakim, Nivre | Johan, Hall | Sandra, K&uuml;bler | Ryan, McDonald | Jens, Nilsson | Sebastian, Riedel | Deniz, Yuret", 
    "raw_text": "This technique is used by Sagae and Tsujii (2007) and in the Nilsson system (Hall et al, 2007a)", 
    "clean_text": "", 
    "keep_for_gold": 0
  }, 
  {
    "citance_No": 5, 
    "citing_paper_id": "D07-1096", 
    "citing_paper_authority": 178, 
    "citing_paper_authors": "Joakim, Nivre | Johan, Hall | Sandra, K&uuml;bler | Ryan, McDonald | Jens, Nilsson | Sebastian, Riedel | Deniz, Yuret", 
    "raw_text": "An alternative model is based on the list-based parsing algorithm described by Covington (2001), which iterates over the input tokens in a sequential manner and evaluates for each preceding token whether it can be linked to the current token or not. This model is used by Marinov (2007) and in component parsers of the Nilsson ensemble system (Hall et al, 2007a)", 
    "clean_text": "This model is used by Marinov (2007) and in component parsers of the Nilsson ensemble system (Hall et al, 2007a).", 
    "keep_for_gold": 0
  }, 
  {
    "citance_No": 6, 
    "citing_paper_id": "D07-1096", 
    "citing_paper_authority": 178, 
    "citing_paper_authors": "Joakim, Nivre | Johan, Hall | Sandra, K&uuml;bler | Ryan, McDonald | Jens, Nilsson | Sebastian, Riedel | Deniz, Yuret", 
    "raw_text": "The most extreme case is the top per forming Nilsson system (Hall et al, 2007a), which reached rank 1 for five languages and rank 2 for two more languages", 
    "clean_text": "The most extreme case is the top performing Nilsson system (Hall et al, 2007a), which reached rank 1 for five languages and rank 2 for two more languages.", 
    "keep_for_gold": 0
  }, 
  {
    "citance_No": 7, 
    "citing_paper_id": "D07-1096", 
    "citing_paper_authority": 178, 
    "citing_paper_authors": "Joakim, Nivre | Johan, Hall | Sandra, K&uuml;bler | Ryan, McDonald | Jens, Nilsson | Sebastian, Riedel | Deniz, Yuret", 
    "raw_text": "However, Hall et al (2007a) point out that the official results for Chinese contained a bug, and the true performance of their system was actually much higher", 
    "clean_text": "However, Hall et al (2007a) point out that the official results for Chinese contained a bug, and the true performance of their system was actually much higher.", 
    "keep_for_gold": 1
  }, 
  {
    "citance_No": 8, 
    "citing_paper_id": "D07-1096", 
    "citing_paper_authority": 178, 
    "citing_paper_authors": "Joakim, Nivre | Johan, Hall | Sandra, K&uuml;bler | Ryan, McDonald | Jens, Nilsson | Sebastian, Riedel | Deniz, Yuret", 
    "raw_text": "It is worth noting that variants of this scheme were used in two of the participating 928 5 10 15 20Number of Systems 80 82 84 86 88 Accu racy Unlabeled AccuracyLabeled Accuracy Figure 1: System Combination systems, the Nilsson system (Hall et al, 2007a) and the system of Sagae and Tsujii (2007) .Figure 1 plots the labeled and unlabeled accuracies when combining an increasing number of systems", 
    "clean_text": "", 
    "keep_for_gold": 0
  }, 
  {
    "citance_No": 9, 
    "citing_paper_id": "P14-2106", 
    "citing_paper_authority": 0, 
    "citing_paper_authors": "Kepa, Bengoetxea | Eneko, Agirre | Joakim, Nivre | Yue, Zhang | Koldo, Gojenola", 
    "raw_text": "The same technique was also used by the winning team of the CoNLL 2007 Shared Task (Hall et al, 2007), combining six transition-based parsers", 
    "clean_text": "The same technique was also used by the winning team of the CoNLL 2007 Shared Task (Hall et al, 2007), combining six transition-based parsers.", 
    "keep_for_gold": 0
  }, 
  {
    "citance_No": 10, 
    "citing_paper_id": "D08-1059", 
    "citing_paper_authority": 69, 
    "citing_paper_authors": "Yue, Zhang | Stephen, Clark", 
    "raw_text": "An existing method to combine multiple parsing algorithms is the ensemble approach (Sagae and Lavie, 2006a), which was reported to be useful in improving dependency parsing (Halletal., 2007)", 
    "clean_text": "An existing method to combine multiple parsing algorithms is the ensemble approach (Sagae and Lavie, 2006a), which was reported to be useful in improving dependency parsing (Halletal., 2007).", 
    "keep_for_gold": 0
  }, 
  {
    "citance_No": 11, 
    "citing_paper_id": "D08-1059", 
    "citing_paper_authority": 69, 
    "citing_paper_authors": "Yue, Zhang | Stephen, Clark", 
    "raw_text": "Both Hall et al (2007) and Nivre and McDonald (2008) can be seen as methods to combine separately defined models", 
    "clean_text": "Both Hall et al (2007) and Nivre and McDonald (2008) can be seen as methods to combine separately defined models.", 
    "keep_for_gold": 0
  }, 
  {
    "citance_No": 12, 
    "citing_paper_id": "W08-2127", 
    "citing_paper_authority": 1, 
    "citing_paper_authors": "Hai, Zhao | Chunyu, Kitt", 
    "raw_text": "We implement a left-to-right arc-eager parsing model in a way that the parser scan through an input sequence from left to right and the right dependents are attached to their heads as soon as possible (Hall et al, 2007)", 
    "clean_text": "We implement a left-to-right arc-eager parsing model in a way that the parser scan through an input sequence from left to right and the right dependents are attached to their heads as soon as possible (Hall et al, 2007).", 
    "keep_for_gold": 1
  }, 
  {
    "citance_No": 13, 
    "citing_paper_id": "W08-2127", 
    "citing_paper_authority": 1, 
    "citing_paper_authors": "Hai, Zhao | Chunyu, Kitt", 
    "raw_text": "Only one model was used for syntactic parsing in our system, in contrast to the existing work using an ensemble technique for further performance enhancement ,e.g., (Hall et al, 2007)", 
    "clean_text": "Only one model was used for syntactic parsing in our system, in contrast to the existing work using an ensemble technique for further performance enhancement, e.g., (Hall et al, 2007).", 
    "keep_for_gold": 0
  }, 
  {
    "citance_No": 14, 
    "citing_paper_id": "N10-1093", 
    "citing_paper_authority": 0, 
    "citing_paper_authors": "Phani, Gadde | Karan, Jindal | Samar, Husain | Dipti Misra, Sharma | Rajeev, Sangal", 
    "raw_text": "Not surprisingly, most parsers for such languages are dependency based (Nivre et al, 2007a; Bharati et al, 2008a; Hall et al, 2007)", 
    "clean_text": "", 
    "keep_for_gold": 0
  }, 
  {
    "citance_No": 15, 
    "citing_paper_id": "I08-1012", 
    "citing_paper_authority": 5, 
    "citing_paper_authors": "Wenliang, Chen | Daisuke, Kawahara | Kiyotaka, Uchimoto | Yujie, Zhang | Hitoshi, Isahara", 
    "raw_text": "This model is simple and works very well in the shared-tasks of CoNLL2006 (Nivre et al, 2006) and CoNLL2007 (Hall et al, 2007)", 
    "clean_text": "This model is simple and works very well in the shared-tasks of CoNLL2006 (Nivre et al, 2006) and CoNLL2007 (Hall et al, 2007).", 
    "keep_for_gold": 0
  }, 
  {
    "citance_No": 16, 
    "citing_paper_id": "P09-1007", 
    "citing_paper_authority": 14, 
    "citing_paper_authors": "Hai, Zhao | Yan, Song | Chunyu, Kitt | Guodong, Zhou", 
    "raw_text": "In this work, we adopt a left-to-right arc-eager parsing model, that means that the parser scans the input sequence from left to right and right dependents are attached to their heads as soon as possible (Hall et al, 2007) .While memory-based and margin-based learning approaches such as support vector machines are popularly applied to shift-reduce parsing, we apply maximum entropy model as the learning model for efficient training and adopting over lapped features as our work in (Zhao and Kit, 2008), especially, those character-level ones for Chinese parsing", 
    "clean_text": "In this work, we adopt a left-to-right arc-eager parsing model, that means that the parser scans the input sequence from left to right and right dependents are attached to their heads as soon as possible (Hall et al, 2007).", 
    "keep_for_gold": 0
  }, 
  {
    "citance_No": 17, 
    "citing_paper_id": "C10-1094", 
    "citing_paper_authority": 7, 
    "citing_paper_authors": "Joakim, Nivre | Laura, Rimell | Ryan, McDonald | Carlos, G&oacute;mez-Rodr&iacute;guez", 
    "raw_text": "Over the years, both systems have been applied to a wide range of languages (see ,e.g., McDonald et al (2006), Mc Donald (2006), Nivre et al (2006b), Hall et al (2007), Nivre et al (2007)), but they come with no language-specific enhancements and are not equipped specifically to deal with unbounded dependencies", 
    "clean_text": "", 
    "keep_for_gold": 0
  }, 
  {
    "citance_No": 18, 
    "citing_paper_id": "W08-2136", 
    "citing_paper_authority": 1, 
    "citing_paper_authors": "Yvonne, Samuelsson | Oscar, T&auml;ckstr&ouml;m | Sumithra, Velupillai | Johan, Eklund | Mark, Fishel | Markus, Saers", 
    "raw_text": "For the final system, feature models and training parameters were adapted from Hall et al (2007)", 
    "clean_text": "For the final system, feature models and training parameters were adapted from Hall et al (2007).", 
    "keep_for_gold": 0
  }, 
  {
    "citance_No": 19, 
    "citing_paper_id": "W08-2136", 
    "citing_paper_authority": 1, 
    "citing_paper_authors": "Yvonne, Samuelsson | Oscar, T&auml;ckstr&ouml;m | Sumithra, Velupillai | Johan, Eklund | Mark, Fishel | Markus, Saers", 
    "raw_text": "The single parses were blended following the procedure of Hall et al (2007)", 
    "clean_text": "The single parses were blended following the procedure of Hall et al (2007).", 
    "keep_for_gold": 0
  }, 
  {
    "citance_No": 20, 
    "citing_paper_id": "W08-2136", 
    "citing_paper_authority": 1, 
    "citing_paper_authors": "Yvonne, Samuelsson | Oscar, T&auml;ckstr&ouml;m | Sumithra, Velupillai | Johan, Eklund | Mark, Fishel | Markus, Saers", 
    "raw_text": "system for English described in Hall et al (2007) was used as a baseline, and then optimized for this new task, focusing on feature selection", 
    "clean_text": "system for English described in Hall et al (2007) was used as a baseline, and then optimized for this new task, focusing on feature selection.", 
    "keep_for_gold": 0
  }
]
