[
  {
    "citance_No": 1, 
    "citing_paper_id": "P10-3018", 
    "citing_paper_authority": 0, 
    "citing_paper_authors": "Bharat Ram, Ambati", 
    "raw_text": "In all these efforts, state-of-the-art accuracies are obtained by two data-driven parsers, namely, Malt (Nivre et al, 2007b) and MST (McDonald et al, 2006)", 
    "clean_text": "", 
    "keep_for_gold": 0
  }, 
  {
    "citance_No": 2, 
    "citing_paper_id": "P10-3018", 
    "citing_paper_authority": 0, 
    "citing_paper_authors": "Bharat Ram, Ambati", 
    "raw_text": "They used two well-known data-driven parsers, Malt2 (Nivre et al, 2007b), and MST3 (McDonald et al, 2006) for their experiments", 
    "clean_text": "", 
    "keep_for_gold": 0
  }, 
  {
    "citance_No": 3, 
    "citing_paper_id": "P10-3018", 
    "citing_paper_authority": 0, 
    "citing_paper_authors": "Bharat Ram, Ambati", 
    "raw_text": "We evaluated our experiments based on unlabeled attachment score (UAS), labeled attachment score (LAS) and labeled score 5http: //maxent.sourceforge.net/ (LS) (Nivre et al, 2007a)", 
    "clean_text": "", 
    "keep_for_gold": 0
  }, 
  {
    "citance_No": 4, 
    "citing_paper_id": "P09-1007", 
    "citing_paper_authority": 14, 
    "citing_paper_authors": "Hai, Zhao | Yan, Song | Chunyu, Kitt | Guodong, Zhou", 
    "raw_text": "tokens, while the sum of tokens from all tree banks is about two million (Nivre et al, 2007)", 
    "clean_text": "For example, of ten treebanks for CoNLL-2007 shared task, none includes more than 500K tokens, while the sum of tokens from all tree banks is about two million (Nivre et al, 2007).", 
    "keep_for_gold": 0
  }, 
  {
    "citance_No": 5, 
    "citing_paper_id": "D07-1122", 
    "citing_paper_authority": 0, 
    "citing_paper_authors": "Wenliang, Chen | Yujie, Zhang | Hitoshi, Isahara", 
    "raw_text": "The CoNLL-2007 shared tasks include two tracks: the Multilingual Track and Domain AdaptationTrack (Nivre et al, 2007)", 
    "clean_text": "The CoNLL-2007 shared tasks include two tracks: the Multilingual Track and Domain AdaptationTrack (Nivre et al, 2007).", 
    "keep_for_gold": 0
  }, 
  {
    "citance_No": 6, 
    "citing_paper_id": "W09-1212", 
    "citing_paper_authority": 2, 
    "citing_paper_authors": "Xavier, Llu&iacute;s | Stefan, Bott | Llu&iacute;s, M&agrave;rquez", 
    "raw_text": "Our second-order parser still does not reproduce the state-of-the art results presented by similar systems (Nivre et al, 2007)", 
    "clean_text": "Our second-order parser still does not reproduce the state-of-the art results presented by similar systems (Nivre et al, 2007).", 
    "keep_for_gold": 0
  }, 
  {
    "citance_No": 7, 
    "citing_paper_id": "W08-2135", 
    "citing_paper_authority": 0, 
    "citing_paper_authors": "Weiwei, Sun | Hongzhan, Li | Zhifang, Sui", 
    "raw_text": "Some dependency parsing systems prefer two-stage architecture: unlabeled parsing and dependency classification (Nivre et al, 2007)", 
    "clean_text": "Some dependency parsing systems prefer two-stage architecture: unlabeled parsing and dependency classification (Nivre et al, 2007).", 
    "keep_for_gold": 0
  }, 
  {
    "citance_No": 8, 
    "citing_paper_id": "W08-2104", 
    "citing_paper_authority": 1, 
    "citing_paper_authors": "Lilja, &Oslash;vrelid", 
    "raw_text": "Data-driven dependency parsing has recently received extensive attention in the parsing community and impressive results have been obtained for a range of languages (Nivre et al, 2007)", 
    "clean_text": "Data-driven dependency parsing has recently received extensive attention in the parsing community and impressive results have been obtained for a range of languages (Nivre et al, 2007).", 
    "keep_for_gold": 0
  }, 
  {
    "citance_No": 9, 
    "citing_paper_id": "N12-1032", 
    "citing_paper_authority": 3, 
    "citing_paper_authors": "Matt, Hohensee | Emily M., Bender", 
    "raw_text": "The CoNLL-X (Buchholz and Marsi, 2006 )andCoNLL 2007 (Nivre et al, 2007) shared tasks focused on multilingual dependency parsing", 
    "clean_text": "The CoNLL-X (Buchholz and Marsi, 2006) and CoNLL 2007 (Nivre et al, 2007) shared tasks focused on multilingual dependency parsing.", 
    "keep_for_gold": 0
  }, 
  {
    "citance_No": 10, 
    "citing_paper_id": "N12-1032", 
    "citing_paper_authority": 3, 
    "citing_paper_authors": "Matt, Hohensee | Emily M., Bender", 
    "raw_text": "The organizers of the CoNLL 2007 shared task noted that languages with free word order and high morphological complexity are the most difficult for dependency parsing (Nivre et al, 2007)", 
    "clean_text": "The organizers of the CoNLL 2007 shared task noted that languages with free word order and high morphological complexity are the most difficult for dependency parsing (Nivre et al, 2007).", 
    "keep_for_gold": 1
  }, 
  {
    "citance_No": 11, 
    "citing_paper_id": "W12-3407", 
    "citing_paper_authority": 0, 
    "citing_paper_authors": "Iakes, Goenaga | Mar&Atilde;&not;a Jes&Atilde;&ordm;s, Aranzabe | Arantza, D&iacute;az de Ilarraza | Kepa, Bengoetxea | Koldo, Gojenola", 
    "raw_text": "Morphologically rich languages present new challenges, as the use of state of the art parsers for more configurational and non-inflected languages like English does not reach similar performance levels in languages like Basque, Greek or Turkish (Nivre et al, 2007a)", 
    "clean_text": "Morphologically rich languages present new challenges, as the use of state of the art parsers for more configurational and non-inflected languages like English does not reach similar performance levels in languages like Basque, Greek or Turkish (Nivre et al, 2007a).", 
    "keep_for_gold": 1
  }, 
  {
    "citance_No": 12, 
    "citing_paper_id": "W12-3407", 
    "citing_paper_authority": 0, 
    "citing_paper_authors": "Iakes, Goenaga | Mar&Atilde;&not;a Jes&Atilde;&ordm;s, Aranzabe | Arantza, D&iacute;az de Ilarraza | Kepa, Bengoetxea | Koldo, Gojenola", 
    "raw_text": "We will use two statistical dependency parsers, MaltParser (Nivre et al, 2007b) and MST (McDonald et al 2005)", 
    "clean_text": "", 
    "keep_for_gold": 0
  }, 
  {
    "citance_No": 13, 
    "citing_paper_id": "W12-3407", 
    "citing_paper_authority": 0, 
    "citing_paper_authors": "Iakes, Goenaga | Mar&Atilde;&not;a Jes&Atilde;&ordm;s, Aranzabe | Arantza, D&iacute;az de Ilarraza | Kepa, Bengoetxea | Koldo, Gojenola", 
    "raw_text": "Regarding the data-driven parsers, we have made use of MaltParser (Nivre et al, 2007b) and MST Parser (McDonald et al, 2006), two state of the art dependency parsers representing two dominant approaches in data-driven dependency parsing, and that have been successfully applied to typologically different languages and tree banks (McDonald and Nivre, 2007)", 
    "clean_text": "", 
    "keep_for_gold": 0
  }, 
  {
    "citance_No": 14, 
    "citing_paper_id": "P11-2123", 
    "citing_paper_authority": 8, 
    "citing_paper_authors": "Eneko, Agirre | Kepa, Bengoetxea | Koldo, Gojenola | Joakim, Nivre", 
    "raw_text": "For the experiments, we used the best configuration for English at the CoNLL 2007 Shared Task on Dependency Parsing (Nivre et al, 2007) as our baseline", 
    "clean_text": "For the experiments, we used the best configuration for English at the CoNLL 2007 Shared Task on Dependency Parsing (Nivre et al, 2007) as our baseline.", 
    "keep_for_gold": 0
  }, 
  {
    "citance_No": 15, 
    "citing_paper_id": "P12-1044", 
    "citing_paper_authority": 4, 
    "citing_paper_authors": "Thomas, Lippincott | Diarmuid, &Oacute; S&eacute;aghdha | Anna, Korhonen", 
    "raw_text": "We? ll use a simple example sentence to illustrate how our feature sets are extracted from CONLL formatted data (Nivre et al, 2007)", 
    "clean_text": "We'll use a simple example sentence to illustrate how our feature sets are extracted from CONLL formatted data (Nivre et al, 2007).", 
    "keep_for_gold": 0
  }, 
  {
    "citance_No": 16, 
    "citing_paper_id": "D07-1125", 
    "citing_paper_authority": 3, 
    "citing_paper_authors": "Svetoslav, Marinov", 
    "raw_text": "First, we investigate the impact of using different flavours of Covington? s algorithm (Covington, 2001) for non projective dependency parsing on the ten different languages provided for CoNLL-X Shared Task (Nivre et al, 2007)", 
    "clean_text": "First, we investigate the impact of using different flavours of Covington's algorithm (Covington, 2001) for non projective dependency parsing on the ten different languages provided for CoNLL-X Shared Task (Nivre et al, 2007).", 
    "keep_for_gold": 0
  }, 
  {
    "citance_No": 17, 
    "citing_paper_id": "D07-1125", 
    "citing_paper_authority": 3, 
    "citing_paper_authors": "Svetoslav, Marinov", 
    "raw_text": "In this paper we showed the performance of three flavours of Covington? s algorithm for non-projective dependency parsing on the ten languages provided for the CoNLL-X Shared Task (Nivre et al, 2007)", 
    "clean_text": "In this paper we showed the performance of three flavours of Covington's algorithm for non-projective dependency parsing on the ten languages provided for the CoNLL-X Shared Task (Nivre et al, 2007).", 
    "keep_for_gold": 0
  }, 
  {
    "citance_No": 18, 
    "citing_paper_id": "D07-1124", 
    "citing_paper_authority": 1, 
    "citing_paper_authors": "Prashanth, Mannem", 
    "raw_text": "Weevaluated our system using the standard evaluation script provided by the organizers (Nivre et al, 2007)", 
    "clean_text": "We evaluated our system using the standard evaluation script provided by the organizers (Nivre et al, 2007).", 
    "keep_for_gold": 0
  }, 
  {
    "citance_No": 19, 
    "citing_paper_id": "P10-3004", 
    "citing_paper_authority": 0, 
    "citing_paper_authors": "Federico, Sangati", 
    "raw_text": "1staff.science.uva.nl/ ?fsangati/TDS 2The DS representation is taken from the conversion procedure used in the CoNLL 2007 Shared Task on dependency parsing (Nivre et al, 2007)", 
    "clean_text": "The DS representation is taken from the conversion procedure used in the CoNLL 2007 Shared Task on dependency parsing (Nivre et al, 2007).", 
    "keep_for_gold": 0
  }, 
  {
    "citance_No": 20, 
    "citing_paper_id": "D12-1067", 
    "citing_paper_authority": 2, 
    "citing_paper_authors": "David A., Smith | Sebastian, Riedel | Andrew, McCallum", 
    "raw_text": "Dependency trees are representations of the syntactic structure of a sentence (Nivre et al2007)", 
    "clean_text": "Dependency trees are representations of the syntactic structure of a sentence (Nivre et al 2007).", 
    "keep_for_gold": 0
  }
]
