[
  {
    "citance_No": 1, 
    "citing_paper_id": "W08-2006", 
    "citing_paper_authority": 3, 
    "citing_paper_authors": "Delip, Rao | David, Yarowsky | Chris, Callison-Burch", 
    "raw_text": "We further note that our results are different from that of (Hughes and Ramage, 2007) as they use extensive feature engineering and weight tuning during the graph generation process that we have not been able to reproduce", 
    "clean_text": "We further note that our results are different from that of (Hughes and Ramage, 2007) as they use extensive feature engineering and weight tuning during the graph generation process that we have not been able to reproduce.", 
    "keep_for_gold": 0
  }, 
  {
    "citance_No": 2, 
    "citing_paper_id": "P14-1131", 
    "citing_paper_authority": 0, 
    "citing_paper_authors": "Sascha, Rothe | Hinrich, Sch\u00c3\u00bctze", 
    "raw_text": "Hughes and Ramage (2007) find that PPR+coshas high correlation with human similarity judgments on WordNet-based graphs", 
    "clean_text": "Hughes and Ramage (2007) find that PPR+cos has high correlation with human similarity judgments on WordNet-based graphs.", 
    "keep_for_gold": 0
  }, 
  {
    "citance_No": 3, 
    "citing_paper_id": "P14-1131", 
    "citing_paper_authority": 0, 
    "citing_paper_authors": "Sascha, Rothe | Hinrich, Sch\u00c3\u00bctze", 
    "raw_text": "Apart from SimRank, extensions of PageRankare the main methods for computing the similarity of nodes in graphs in NLP (e.g., HughesandRamage (2007), Agirre et al (2009) and other papers discussed in related work)", 
    "clean_text": "", 
    "keep_for_gold": 0
  }, 
  {
    "citance_No": 4, 
    "citing_paper_id": "C08-1036", 
    "citing_paper_authority": 1, 
    "citing_paper_authors": "Ann, Gledson | John, Keane", 
    "raw_text": "The most commonly used similarity measures are based on the WordNet lexical database (eg Budanitsky and Hirst 2006, Hughes and Ramage 2007) and a number of such measures have been made publicly available (Pedersenet-al 2004)", 
    "clean_text": "", 
    "keep_for_gold": 0
  }, 
  {
    "citance_No": 5, 
    "citing_paper_id": "N09-2060", 
    "citing_paper_authority": 1, 
    "citing_paper_authors": "Diarmuid, &Oacute; S&eacute;aghdha", 
    "raw_text": "This is similar to the graph construction method of Hughes and Ramage (2007) and Rao et al (2008) .However, preliminary experiments on the SemEval Task 4 dataset indicate that further refinement of this approach may be necessary in order to match the performance of kernels based on distributional lexical similarity (O? Se ?aghdha and Copestake, 2008)", 
    "clean_text": "", 
    "keep_for_gold": 0
  }, 
  {
    "citance_No": 6, 
    "citing_paper_id": "D11-1098", 
    "citing_paper_authority": 2, 
    "citing_paper_authors": "Dipak L., Chaudhari | Om P., Damani | Srivatsan, Laxman", 
    "raw_text": "1065 Method Resourcewordsimwordsimsim rel Esslli (353) (203) (252) (272) PMI Wikipedia 0.69 0.72 0.68 0.32 Ochiai (? 2) Wikipedia 0.62 0.68 0.62 0.44 Significance Ratio (CSR) Wikipedia 0.63 0.70 0.64 0.43 Latent Semantic Analysis (Wandmacher et al, 2008) Newspaper corpus- 0.38Graph Traversal (WN30g) (Agirre et al, 2009)) Wordnet 0.66 0.72 0.56 Bag of Words based Distributional Similarity (BoW) (Agirre et al, 2009)) Web corpus 0.65 0.70 0.62 Context Window based Distributional Similarity (CW) (Agirre et al, 2009)) Web corpus 0.60 0.77 0.46 Hyperlink Graph (Milne and Witten, 2008) Wikipedia hyper links graph 0.69- Random Graph Walk (Hughes and Ramage, 2007) WordNet 0.55- Explicit Semantic Analysis (Gabrilovich and Markovitch, 2007) Wikipedia concepts 0.75- (reimplemented in (Yeh et al, 2009)) (0.71) Normalized Path-length (lch) (Strube and Ponzetto, 2006) Wikipedia category tree 0.55- Thesarus based (Jarmasz, 2003) Roget? s thesaurus 0.55- Latent Semantic Analysis (Finkelstein et al, 2002) Web corpus 0.56- Table 6: Comparison of co-occurrence based measures with knowledge-based and distributional similarity based measures", 
    "clean_text": "", 
    "keep_for_gold": 0
  }, 
  {
    "citance_No": 7, 
    "citing_paper_id": "P10-2068", 
    "citing_paper_authority": 1, 
    "citing_paper_authors": "David, Vickrey | Oscar, Kipersztok | Daphne, Koller", 
    "raw_text": "Hughes and Ramage (2007) use random walks over WordNet, incorporating information such as meronymy and dictionary glosses", 
    "clean_text": "Hughes and Ramage (2007) use random walks over WordNet, incorporating information such as meronymy and dictionary glosses.", 
    "keep_for_gold": 1
  }, 
  {
    "citance_No": 8, 
    "citing_paper_id": "W11-0149", 
    "citing_paper_authority": 1, 
    "citing_paper_authors": "Pia-Ramona, Wojtinnek | Stephen G., Pulman", 
    "raw_text": "The collection contains classically similar word 2The spreading activation algorithm is based on Harrington (2010) 392 Approach Spearman (Strube and Ponzetto, 2006) Wikipedia 0.19-0.48 (Jarmasz, 2003) Roget? s 0.55 (Hughes and Ramage, 2007) WordNet 0.55 (Agirre et al, 2009) WordNet 0.56 (Finkelstein et al, 2002) Web corpus, LSA 0.56 (Harrington, 2010) Sem", 
    "clean_text": "", 
    "keep_for_gold": 0
  }, 
  {
    "citance_No": 9, 
    "citing_paper_id": "N09-1003", 
    "citing_paper_authority": 59, 
    "citing_paper_authors": "Eneko, Agirre | Enrique, Alfonseca | Keith, Hall | Jana, Kravalova | Marius, Pa&scedil;ca | Aitor, Soroa", 
    "raw_text": "Our similarity method issimilar, but simpler, to that used by (Hughes and Ramage, 2007), which report very good results on similarity datasets", 
    "clean_text": "Our similarity method is similar, but simpler, to that used by (Hughes and Ramage, 2007), which report very good results on similarity datasets.", 
    "keep_for_gold": 0
  }, 
  {
    "citance_No": 10, 
    "citing_paper_id": "N09-1003", 
    "citing_paper_authority": 59, 
    "citing_paper_authors": "Eneko, Agirre | Enrique, Alfonseca | Keith, Hall | Jana, Kravalova | Marius, Pa&scedil;ca | Aitor, Soroa", 
    "raw_text": "Method Source Spearman (Strube and Ponzetto, 2006) Wikipedia 0.19? 0.48 (Jarmasz, 2003) WordNet 0.33? 0.35 (Jarmasz, 2003) Roget? s 0.55 (Hughes and Ramage, 2007) WordNet 0.55 (Finkelstein et al, 2002) Web corpus, WN 0.56 (Gabrilovich and Markovitch, 2007) ODP 0.65 (Gabrilovich and Markovitch, 2007) Wikipedia 0.75 SVM Web corpus, WN 0.78 Table 9: Comparison with previous work for WordSim353", 
    "clean_text": "", 
    "keep_for_gold": 0
  }, 
  {
    "citance_No": 11, 
    "citing_paper_id": "P13-1155", 
    "citing_paper_authority": 7, 
    "citing_paper_authors": "Hany, Hassan | Arul, Menezes", 
    "raw_text": "Forexample, (Hughes and Ramage, 2007) used random walks on Wordnet graph to measure lexical semantic relatedness between words", 
    "clean_text": "For example, (Hughes and Ramage, 2007) used random walks on Wordnet graph to measure lexical semantic relatedness between words.", 
    "keep_for_gold": 0
  }, 
  {
    "citance_No": 12, 
    "citing_paper_id": "W11-1105", 
    "citing_paper_authority": 0, 
    "citing_paper_authors": "Majid, Yazdani | Andrei, Popescu-Belis", 
    "raw_text": "As for Personalized PageRank, it was used for word sense disambiguation (Agirre and Soroa, 2009), and for measuring lexical relatedness of words in a graph built from WordNet (Hughes and Ramage, 2007)", 
    "clean_text": "As for Personalized PageRank, it was used for word sense disambiguation (Agirre and Soroa, 2009), and for measuring lexical relatedness of words in a graph built from WordNet (Hughes and Ramage, 2007).", 
    "keep_for_gold": 0
  }, 
  {
    "citance_No": 13, 
    "citing_paper_id": "P13-1132", 
    "citing_paper_authority": 7, 
    "citing_paper_authors": "Mohammad Taher, Pilehvar | David, Jurgens | Roberto, Navigli", 
    "raw_text": "As can be seen from the Table, our approach with the Weighted Overlap signature comparison improves over the similar approach of Hughes and Ramage (2007) which, however, does not involve the disambiguation step and considers a word as a whole unit as represented by the set of its senses", 
    "clean_text": "As can be seen from the Table, our approach with the Weighted Overlap signature comparison improves over the similar approach of Hughes and Ramage (2007) which, however, does not involve the disambiguation step and considers a word as a whole unit as represented by the set of its senses.", 
    "keep_for_gold": 0
  }, 
  {
    "citance_No": 14, 
    "citing_paper_id": "P13-1132", 
    "citing_paper_authority": 7, 
    "citing_paper_authors": "Mohammad Taher, Pilehvar | David, Jurgens | Roberto, Navigli", 
    "raw_text": "Earlier work on reducing the polysemy of sense inventories has considered WordNet-based sense relatedness measures (Mihalcea and Moldovan, 2001) and corpus-based vector representations of 1347 Approach Correlation ADWCos 0.825 Agirre et al (2009) 0.830 Hughes and Ramage (2007) 0.838 Zesch et al (2008) 0.840 ADWJac 0.841 ADWWO 0.868 Table 6: Spearman? s? correlation coefficients with human judgments on the RG65 dataset", 
    "clean_text": "", 
    "keep_for_gold": 0
  }, 
  {
    "citance_No": 15, 
    "citing_paper_id": "N12-1077", 
    "citing_paper_authority": 4, 
    "citing_paper_authors": "Scott Wen-Tau, Yih | Vahed, Qazvinian", 
    "raw_text": "Unlike some approach like (Hughes and Ramage, 2007), which performs well on some datasets but poorly on others, combing the VSMsfrom heterogeneous sources is more robust", 
    "clean_text": "Unlike some approach like (Hughes and Ramage, 2007), which performs well on some datasets but poorly on others, combing the VSMs from heterogeneous sources is more robust.", 
    "keep_for_gold": 0
  }, 
  {
    "citance_No": 16, 
    "citing_paper_id": "N12-1077", 
    "citing_paper_authority": 4, 
    "citing_paper_authors": "Scott Wen-Tau, Yih | Vahed, Qazvinian", 
    "raw_text": "618 Spearman? s? Method WS-353 WS-sim WS-rel MC-30 RG-65 MTurk-287 (Radinsky et al, 2011) 0.80-- 0.63 (Reisinger and Mooney, 2010) 0.77-- (Agirre et al, 2009) 0.78 0.83 0.72 0.92 0.96 (Gabrilovich and Markovitch, 2007) 0.75-- 0.59 (Hughes and Ramage, 2007) 0.55- 0.90 0.84 Web Search 0.56 0.56 0.54 0.48 0.44 0.44 Wikipedia 0.73 0.80 0.73 0.87 0.83 0.62 Bloomsbury 0.45 0.60 0.60 0.71 0.78 0.29 WordNet 0.37 0.49 0.49 0.79 0.78 0.25 Combining VSMs 0.81 0.87 0.77 0.89 0.89 0.68 Table 1: The performance of the state-of-the-art methods and different vector space models on measuring semantic word relatedness using the cosine similarity", 
    "clean_text": "", 
    "keep_for_gold": 0
  }, 
  {
    "citance_No": 17, 
    "citing_paper_id": "W12-4104", 
    "citing_paper_authority": 2, 
    "citing_paper_authors": "Einat, Minkov | William W., Cohen", 
    "raw_text": "Examples include summarization (Barzilay and Elhadad, 1999), question answering (Lin and Pantel, 2001), and textual entailment (Mirkin et al, 2006) .Graph-based methods have been successfully applied to evaluate word similarity using available ontologies, where the underlying graph included word senses and semantic relationships between them (Hughes and Ramage, 2007)", 
    "clean_text": "Graph-based methods have been successfully applied to evaluate word similarity using available ontologies, where the underlying graph included word senses and semantic relationships between them (Hughes and Ramage, 2007).", 
    "keep_for_gold": 0
  }, 
  {
    "citance_No": 18, 
    "citing_paper_id": "D08-1095", 
    "citing_paper_authority": 4, 
    "citing_paper_authors": "Einat, Minkov | William W., Cohen", 
    "raw_text": "For instance, Hughes and Ramage (2007) constructed agraph which represented various types of word relations from WordNet, and compared random-walk similarity to similarity assessments from human subject trials", 
    "clean_text": "For instance, Hughes and Ramage (2007) constructed a graph which represented various types of word relations from WordNet, and compared random-walk similarity to similarity assessments from human subject trials.", 
    "keep_for_gold": 0
  }
]
