[
  {
    "citance_No": 1, 
    "citing_paper_id": "E89-1032", 
    "citing_paper_authority": 23, 
    "citing_paper_authors": "Jonathan, Calder | Mike, Reape | Henk, Zeevat", 
    "raw_text": "We relate the algorithm to proposals by Shieber (1988)", 
    "clean_text": "We relate the algorithm to proposals by Shieber (1988).", 
    "keep_for_gold": 0
  }, 
  {
    "citance_No": 2, 
    "citing_paper_id": "E89-1032", 
    "citing_paper_authority": 23, 
    "citing_paper_authors": "Jonathan, Calder | Mike, Reape | Henk, Zeevat", 
    "raw_text": "Shieber (1988) claims that the problem of logical equivalence reduces to the knowledge representation problem", 
    "clean_text": "Shieber (1988) claims that the problem of logical equivalence reduces to the knowledge representation problem.", 
    "keep_for_gold": 0
  }, 
  {
    "citance_No": 3, 
    "citing_paper_id": "E89-1032", 
    "citing_paper_authority": 23, 
    "citing_paper_authors": "Jonathan, Calder | Mike, Reape | Henk, Zeevat", 
    "raw_text": "Two further problems are the treatment of unary rules and functors with what Shieber (1988) calls vestigial semantics, which we prefer to call identity semantics", 
    "clean_text": "Two further problems are the treatment of unary rules and functors with what Shieber (1988) calls vestigial semantics, which we prefer to call identity semantics.", 
    "keep_for_gold": 0
  }, 
  {
    "citance_No": 4, 
    "citing_paper_id": "E89-1032", 
    "citing_paper_authority": 23, 
    "citing_paper_authors": "Jonathan, Calder | Mike, Reape | Henk, Zeevat", 
    "raw_text": "The obvious olution is to use a lemma table or chart (as discussed by Pereira and Warren 1984 and Shieber 1988)", 
    "clean_text": "The obvious solution is to use a lemma table or chart (as discussed by Pereira and Warren 1984 and Shieber 1988).", 
    "keep_for_gold": 0
  }, 
  {
    "citance_No": 5, 
    "citing_paper_id": "E89-1032", 
    "citing_paper_authority": 23, 
    "citing_paper_authors": "Jonathan, Calder | Mike, Reape | Henk, Zeevat", 
    "raw_text": "Shieber (1988) states that to guarantee completeness in using a precomputed entry in the chart, the entry must subsume the formula being generated top-down", 
    "clean_text": "Shieber (1988) states that to guarantee completeness in using a precomputed entry in the chart, the entry must subsume the formula being generated top-down.", 
    "keep_for_gold": 1
  }, 
  {
    "citance_No": 6, 
    "citing_paper_id": "W91-0115", 
    "citing_paper_authority": 0, 
    "citing_paper_authors": "Masato, Ishizaki", 
    "raw_text": "versible And Bi-directional Grammar Shieber proposed auniform architecture for sentence parsing and generation based on the Early type deduction mechanism (Shieber,1988)", 
    "clean_text": "And Bi-directional Grammar Shieber proposed auniform architecture for sentence parsing and generation based on the Early type deduction mechanism (Shieber,1988).", 
    "keep_for_gold": 0
  }, 
  {
    "citance_No": 7, 
    "citing_paper_id": "E95-1024", 
    "citing_paper_authority": 1, 
    "citing_paper_authors": "Guido, Minnen | Dale, Gerdemann | Thilo, Gotz", 
    "raw_text": "Shieber (1988) gave the first use of Earley &apos; s algorithm for generation, but this algorithm does not *The presented research was sponsored by &apos ;l~eilprojekt B4& quot; Constraints on Grammar for Efficient Generation& quot; of the Sonderforschungsbereich 340& quot; Sprachtheoretische Grundlagenfiir die Computerllnguistik& quot; of the Deutsche Forschungsgemeinschaft", 
    "clean_text": "Shieber (1988) gave the first use of Earley's algorithm for generation, but this algorithm does not.", 
    "keep_for_gold": 0
  }, 
  {
    "citance_No": 8, 
    "citing_paper_id": "E95-1024", 
    "citing_paper_authority": 1, 
    "citing_paper_authors": "Guido, Minnen | Dale, Gerdemann | Thilo, Gotz", 
    "raw_text": "As Shieber (1988) noted, the main shortcoming of Earley generation is a lack of goal-directedness that results in a proliferation of edges", 
    "clean_text": "As Shieber (1988) noted, the main shortcoming of Earley generation is a lack of goal-directedness that results in a proliferation of edges.", 
    "keep_for_gold": 0
  }, 
  {
    "citance_No": 9, 
    "citing_paper_id": "E91-1050", 
    "citing_paper_authority": 5, 
    "citing_paper_authors": "Graham J., Russell | Afzal, Ballim | Dominique, Estival | Susan, Armstrong", 
    "raw_text": "In generation, as Shieber (1988) and Appelt (1989) observe, a situation may arise in which the representation supplied as input to the process (perhaps by another program) is not itself directly suitable, but is logically equivalent to one that is. The use of distinct grammars for parsing and generation could provide a solution to this problem, but it raises others connected with management of the resulting system", 
    "clean_text": "In generation, as Shieber (1988) and Appelt (1989) observe, a situation may arise in which the representation supplied as input to the process (perhaps by another program) is not itself directly suitable, but is logically equivalent to one that is. The use of distinct grammars for parsing and generation could provide a solution to this problem, but it raises others connected with management of the resulting system.", 
    "keep_for_gold": 0
  }, 
  {
    "citance_No": 10, 
    "citing_paper_id": "P01-1028", 
    "citing_paper_authority": 2, 
    "citing_paper_authors": "Claire, Gardent | Stefan, Thater", 
    "raw_text": "As (Shieber, 1988) showed, the problem with such words is that they can not be selected on the basis of the input semantics", 
    "clean_text": "As (Shieber, 1988) showed, the problem with such words is that they can not be selected on the basis of the input semantics.", 
    "keep_for_gold": 0
  }, 
  {
    "citance_No": 11, 
    "citing_paper_id": "P01-1028", 
    "citing_paper_authority": 2, 
    "citing_paper_authors": "Claire, Gardent | Stefan, Thater", 
    "raw_text": "In (Shieber, 1988), a chart-based bottom-up generator is presented which is devoid of an indexing scheme: all word edges leave and enter the same vertex and as a result, interactions must be considered explicitly between new edges and all edges currently in the chart", 
    "clean_text": "In (Shieber, 1988), a chart-based bottom-up generator is presented which is devoid of an indexing scheme: all word edges leave and enter the same vertex and as a result, interactions must be considered explicitly between new edges and all edges currently in the chart.", 
    "keep_for_gold": 0
  }, 
  {
    "citance_No": 12, 
    "citing_paper_id": "P96-1027", 
    "citing_paper_authority": 32, 
    "citing_paper_authors": "Martin, Kay", 
    "raw_text": "Shieber (1988) showed that parsing charts can be also used in generation and raised the question, which we take up again here, of whether they constitute a natural uniform architecture for parsing and generation", 
    "clean_text": "Shieber (1988) showed that parsing charts can be also used in generation and raised the question, which we take up again here, of whether they constitute a natural uniform architecture for parsing and generation.", 
    "keep_for_gold": 0
  }, 
  {
    "citance_No": 13, 
    "citing_paper_id": "P96-1027", 
    "citing_paper_authority": 32, 
    "citing_paper_authors": "Martin, Kay", 
    "raw_text": "In this respect, it differs from the proposal of Shieber (1988) which starts with all word edges leaving and entering asingle vertex", 
    "clean_text": "In this respect, it differs from the proposal of Shieber (1988) which starts with all word edges leaving and entering a single vertex.", 
    "keep_for_gold": 0
  }, 
  {
    "citance_No": 14, 
    "citing_paper_id": "C94-1077", 
    "citing_paper_authority": 0, 
    "citing_paper_authors": "Koiti, Hasida", 
    "raw_text": "Shieber (1988) has generalized this method so as to adapt to sentence generation as well", 
    "clean_text": "Shieber (1988) has generalized this method so as to adapt to sentence generation as well.", 
    "keep_for_gold": 0
  }, 
  {
    "citance_No": 15, 
    "citing_paper_id": "P96-1033", 
    "citing_paper_authority": 2, 
    "citing_paper_authors": "Guido, Minnen", 
    "raw_text": "In generation, examples of such extended processing strategies are head corner generation with its semantic linking (Shieber et al, 1990) or bottom-up (Earley) generation with a semantic filter (Shieber, 1988)", 
    "clean_text": "In generation, examples of such extended processing strategies are head corner generation with its semantic linking (Shieber et al, 1990) or bottom-up (Earley) generation with a semantic filter (Shieber, 1988).", 
    "keep_for_gold": 0
  }, 
  {
    "citance_No": 16, 
    "citing_paper_id": "P96-1033", 
    "citing_paper_authority": 2, 
    "citing_paper_authors": "Guido, Minnen", 
    "raw_text": "The use of such a semantic filter in bottom-up evaluation requires the grammar to obey the semantic monotonicity constraint in order to ensure completeness (Shieber, 1988) (see below)", 
    "clean_text": "The use of such a semantic filter in bottom-up evaluation requires the grammar to obey the semantic monotonicity constraint in order to ensure completeness (Shieber, 1988) (see below).", 
    "keep_for_gold": 0
  }, 
  {
    "citance_No": 17, 
    "citing_paper_id": "P96-1033", 
    "citing_paper_authority": 2, 
    "citing_paper_authors": "Guido, Minnen", 
    "raw_text": "In order to obtain a generator similar to the bottom-up generator as described in Shieber (1988) the compilation process can be modified such that only lexical entries are extended with magic literals", 
    "clean_text": "In order to obtain a generator similar to the bottom-up generator as described in Shieber (1988) the compilation process can be modified such that only lexical entries are extended with magic literals.", 
    "keep_for_gold": 0
  }, 
  {
    "citance_No": 18, 
    "citing_paper_id": "C96-2155", 
    "citing_paper_authority": 6, 
    "citing_paper_authors": "Hadar, Shemtov", 
    "raw_text": "The first demonstration f using charts for generation appeared in Shieber (1988)", 
    "clean_text": "The first demonstration of using charts for generation appeared in Shieber (1988).", 
    "keep_for_gold": 0
  }, 
  {
    "citance_No": 19, 
    "citing_paper_id": "P89-1002", 
    "citing_paper_authority": 32, 
    "citing_paper_authors": "Stuart M., Shieber | Gertjan, van Noord | Robert C., Moore | Fernando, Pereira", 
    "raw_text": "In particular, unlike an Earley deduction generator (Shieber, 1988), it allows use of semantically non monotonic grammars, yet unlike top down methods, it also permits left-recursion", 
    "clean_text": "In particular, unlike an Earley deduction generator (Shieber, 1988), it allows use of semantically non monotonic grammars, yet unlike top down methods, it also permits left-recursion.", 
    "keep_for_gold": 0
  }, 
  {
    "citance_No": 20, 
    "citing_paper_id": "P89-1002", 
    "citing_paper_authority": 32, 
    "citing_paper_authors": "Stuart M., Shieber | Gertjan, van Noord | Robert C., Moore | Fernando, Pereira", 
    "raw_text": "In previous work (Shieber, 1988), however, one of us attempted to characterize these differing properties in such a way that a single uniform architecture, appropriately parameterized, might be used for both natural-language processes", 
    "clean_text": "In previous work (Shieber, 1988), however, one of us attempted to characterize these differing properties in such a way that a single uniform architecture, appropriately parameterized, might be used for both natural-language processes.", 
    "keep_for_gold": 0
  }
]
