[
  {
    "citance_No": 1, 
    "citing_paper_id": "P06-1015", 
    "citing_paper_authority": 74, 
    "citing_paper_authors": "Patrick, Pantel | Marco, Pennacchiotti", 
    "raw_text": "Pantel et al (2004) proposed a similar, highly scalable approach, based on an edit-distance technique, to learn lexico-POS patterns, showing both good performance and efficiency", 
    "clean_text": "Pantel et al (2004) proposed a similar, highly scalable approach, based on an edit-distance technique, to learn lexico-POS patterns, showing both good performance and efficiency.", 
    "keep_for_gold": 1
  }, 
  {
    "citance_No": 2, 
    "citing_paper_id": "P06-1015", 
    "citing_paper_authority": 74, 
    "citing_paper_authors": "Patrick, Pantel | Marco, Pennacchiotti", 
    "raw_text": "Following (Pantel et al 2004), we define the relative recall of system A given system B, RA|B, as: BP AP C C R R R B A B A C C C C B A BA B A?? ====| where RA is the recall of A, CA is the number of correct instances extracted by A, C is the (un known) total number of correct instances in the corpus, PA is A? s precision in our experiments, 2 The kappa statistic jumps to?= 0.79 if we treat partially", 
    "clean_text": "", 
    "keep_for_gold": 0
  }, 
  {
    "citance_No": 3, 
    "citing_paper_id": "W09-0805", 
    "citing_paper_authority": 2, 
    "citing_paper_authors": "Elad, Dinur | Dmitry, Davidov | Ari, Rappoport", 
    "raw_text": "Patterns have been shown to produce more accurate results than feature vectors, at a lower computational cost on large corpora (Pantel et al, 2004)", 
    "clean_text": "Patterns have been shown to produce more accurate results than feature vectors, at a lower computational cost on large corpora (Pantel et al, 2004).", 
    "keep_for_gold": 0
  }, 
  {
    "citance_No": 4, 
    "citing_paper_id": "W09-1122", 
    "citing_paper_authority": 1, 
    "citing_paper_authors": "Erik F., Tjong Kim Sang | Katja, Hofmann", 
    "raw_text": "Lately there has been a lot of interest in acquiring such text patterns using a set of hyper nymy examples ,e.g. Pantel et al (2004) and Snow (2006)", 
    "clean_text": "Lately there has been a lot of interest in acquiring such text patterns using a set of hypernymy examples ,e.g. Pantel et al (2004) and Snow (2006).", 
    "keep_for_gold": 0
  }, 
  {
    "citance_No": 5, 
    "citing_paper_id": "P08-1077", 
    "citing_paper_authority": 22, 
    "citing_paper_authors": "Rahul, Bhagat | Deepak, Ravichandran", 
    "raw_text": "However, following Pantel et al (2004), we assume that the recall of the baseline is 1 and estimate the relative recall RRS|B of the system S with respect to the baseline B using their respective precision scores PS and PB and number of instances extracted by them |S| and |B| as: RRS|B= PS? |S|PB? |B| 6.3 Gold Standard", 
    "clean_text": "However, following Pantel et al (2004), we assume that the recall of the baseline is 1 and estimate the relative recall RRS|B of the system S with respect to the baseline B using their respective precision scores PS and PB and number of instances extracted by them |S| and |B| as: RRS|B= PS? |S|PB? |B| 6.3 Gold Standard.", 
    "keep_for_gold": 0
  }, 
  {
    "citance_No": 6, 
    "citing_paper_id": "E09-1021", 
    "citing_paper_authority": 1, 
    "citing_paper_authors": "Dmitry, Davidov | Ari, Rappoport", 
    "raw_text": "Patterns have been shown to produce more accurate results than feature vectors, at a lower computational cost on large corpora (Pantel et al,2004)", 
    "clean_text": "Patterns have been shown to produce more accurate results than feature vectors, at a lower computational cost on large corpora (Pantel et al,2004).", 
    "keep_for_gold": 0
  }, 
  {
    "citance_No": 7, 
    "citing_paper_id": "P06-3011", 
    "citing_paper_authority": 0, 
    "citing_paper_authors": "Berenike, Loos", 
    "raw_text": "KAON Text-To-Onto (Maedche and Staab, 2004) applies text mining algorithms for English and German texts to semi-automatically create an ontology, which includes algorithms for term extraction, for concept association extraction and for ontology pruning. Pattern-based approaches to extract hy ponym/hypernym relationships range from hand-crafted lexico-syntactic patterns (Hearst, 1992) to the automatic discovery of such patterns by e.g. a minimal edit distance algorithm (Pantel et al, 2004)", 
    "clean_text": "KAON Text-To-Onto (Maedche and Staab, 2004) applies text mining algorithms for English and German texts to semi-automatically create an ontology, which includes algorithms for term extraction, for concept association extraction and for ontology pruning. Pattern-based approaches to extract hy ponym/hypernym relationships range from hand-crafted lexico-syntactic patterns (Hearst, 1992) to the automatic discovery of such patterns by e.g. a minimal edit distance algorithm (Pantel et al, 2004).", 
    "keep_for_gold": 0
  }, 
  {
    "citance_No": 8, 
    "citing_paper_id": "P09-1031", 
    "citing_paper_authority": 10, 
    "citing_paper_authors": "Hui, Yang | James, P., Callan", 
    "raw_text": "Pantel et al (2004) extended is-a relation acquisition towards terascale, and automatically identified hypernym patterns by minimal edit distance", 
    "clean_text": "Pantel et al (2004) extended is-a relation acquisition towards terascale, and automatically identified hypernym patterns by minimal edit distance.", 
    "keep_for_gold": 1
  }, 
  {
    "citance_No": 9, 
    "citing_paper_id": "P08-1027", 
    "citing_paper_authority": 15, 
    "citing_paper_authors": "Dmitry, Davidov | Ari, Rappoport", 
    "raw_text": "Many relationship classification methods utilize some language-dependent preprocessing, like deep or shallow parsing, part of speech tagging and 228 named entity annotation (Pantel et al, 2004)", 
    "clean_text": "Many relationship classification methods utilize some language-dependent preprocessing, like deep or shallow parsing, part of speech tagging and 228 named entity annotation (Pantel et al, 2004).", 
    "keep_for_gold": 0
  }, 
  {
    "citance_No": 10, 
    "citing_paper_id": "W06-0502", 
    "citing_paper_authority": 1, 
    "citing_paper_authors": "Eric, Nichols | Francis, Bond | Takaaki, Tanaka | Sanae, Fujita | Daniel P., Flickinger", 
    "raw_text": "Useful semantic relations can be extracted from large corpora using relatively simple patterns (e.g., (Pantel et al, 2004))", 
    "clean_text": "Useful semantic relations can be extracted from large corpora using relatively simple patterns (e.g., (Pantel et al, 2004)).", 
    "keep_for_gold": 0
  }, 
  {
    "citance_No": 11, 
    "citing_paper_id": "D09-1089", 
    "citing_paper_authority": 2, 
    "citing_paper_authors": "Dmitry, Davidov | Ari, Rappoport", 
    "raw_text": "Patterns have been shown to produce more accurate results than feature vectors, at a lower computational cost on large corpora (Pantel et al, 2004)", 
    "clean_text": "Patterns have been shown to produce more accurate results than feature vectors, at a lower computational cost on large corpora (Pantel et al, 2004).", 
    "keep_for_gold": 0
  }, 
  {
    "citance_No": 12, 
    "citing_paper_id": "P06-2075", 
    "citing_paper_authority": 10, 
    "citing_paper_authors": "Shachar, Mirkin | Ido, Dagan | Maayan, Zhitomirsky-Geffet", 
    "raw_text": "11 NP1-pl are NP2-pl. Table 1: The patterns we used for entailment acquisition based on (Hearst, 1992) and (Pantel et al, 2004)", 
    "clean_text": "The patterns we used for entailment acquisition based on (Hearst, 1992) and (Pantel et al, 2004).", 
    "keep_for_gold": 0
  }, 
  {
    "citance_No": 13, 
    "citing_paper_id": "P06-2075", 
    "citing_paper_authority": 10, 
    "citing_paper_authors": "Shachar, Mirkin | Ido, Dagan | Maayan, Zhitomirsky-Geffet", 
    "raw_text": "For example, the pattern& quot; NP1 ,a|an NP2& quot;, ranked among the top IS-A pat terns by (Pantel et al, 2004), can represent both apposition (entailing) and a list of co-hyponyms (non-entailing)", 
    "clean_text": "For example, the pattern& quot; NP1 ,a|an NP2& quot;, ranked among the top IS-A pat terns by (Pantel et al, 2004), can represent both apposition (entailing) and a list of co-hyponyms (non-entailing).", 
    "keep_for_gold": 0
  }, 
  {
    "citance_No": 14, 
    "citing_paper_id": "W09-1703", 
    "citing_paper_authority": 4, 
    "citing_paper_authors": "Sean, Igo | Ellen, Riloff", 
    "raw_text": "Due to the need for POS tagging and/or parsing, these types of methods have been evaluated only on fixed corpora1, although (Pantel et al, 2004) demonstrated how to scale up their algorithms for the Web", 
    "clean_text": "Due to the need for POS tagging and/or parsing, these types of methods have been evaluated only on fixed corpora1, although (Pantel et al, 2004) demonstrated how to scale up their algorithms for the Web.", 
    "keep_for_gold": 0
  }, 
  {
    "citance_No": 15, 
    "citing_paper_id": "C10-1112", 
    "citing_paper_authority": 3, 
    "citing_paper_authors": "Shuming, Shi | Huibin, Zhang | Xiaojie, Yuan | Ji-Rong, Wen", 
    "raw_text": "Pantel et al, (2004) proposed, in the scenario of extracting isa relations, one pattern-based approach and com pared it with a baseline syntactic distributional similarity method (called syntactic co-occurrence in their paper)", 
    "clean_text": "Pantel et al, (2004) proposed, in the scenario of extracting is-a relations, one pattern-based approach and compared it with a baseline syntactic distributional similarity method (called syntactic co-occurrence in their paper).", 
    "keep_for_gold": 1
  }, 
  {
    "citance_No": 16, 
    "citing_paper_id": "D09-1028", 
    "citing_paper_authority": 2, 
    "citing_paper_authors": "Dmitry, Davidov | Ari, Rappoport", 
    "raw_text": "Patterns were shown to be very useful in all sorts of lexical acquisition tasks, giving high precision results at relatively low computational costs (Pantel et al, 2004)", 
    "clean_text": "Patterns were shown to be very useful in all sorts of lexical acquisition tasks, giving high precision results at relatively low computational costs (Pantel et al, 2004).", 
    "keep_for_gold": 0
  }, 
  {
    "citance_No": 17, 
    "citing_paper_id": "D09-1028", 
    "citing_paper_authority": 2, 
    "citing_paper_authors": "Dmitry, Davidov | Ari, Rappoport", 
    "raw_text": "The second major algorithmic approach is to use lexico-syntactic patterns, which have been shown to produce more accurate results than feature vectors at a lower computational cost on large corpora (Pantel et al, 2004)", 
    "clean_text": "", 
    "keep_for_gold": 0
  }, 
  {
    "citance_No": 18, 
    "citing_paper_id": "P06-1038", 
    "citing_paper_authority": 25, 
    "citing_paper_authors": "Dmitry, Davidov | Ari, Rappoport", 
    "raw_text": "Patterns have been shown to produce more accurate results than feature vectors, at a lower computational cost on large corpora (Pantel et al 2004)", 
    "clean_text": "Patterns have been shown to produce more accurate results than feature vectors, at a lower computational cost on large corpora (Pantel et al 2004).", 
    "keep_for_gold": 0
  }, 
  {
    "citance_No": 19, 
    "citing_paper_id": "P06-1038", 
    "citing_paper_authority": 25, 
    "citing_paper_authors": "Dmitry, Davidov | Ari, Rappoport", 
    "raw_text": "(Pantel et al 2004) reduce the depth of the linguistic data used but still requires POS tagging. Many papers directly target specific applications, and build lexical resources as a side effect. Named Entity Recognition can be viewed as an in stance of our problem where the desired categories contain words that are names of entities of a particular kind, as done in (Freitag, 2004) using co clustering", 
    "clean_text": "(Pantel et al 2004) reduce the depth of the linguistic data used but still requires POS tagging. Many papers directly target specific applications, and build lexical resources as a side effect. Named Entity Recognition can be viewed as an in stance of our problem where the desired categories contain words that are names of entities of a particular kind, as done in (Freitag, 2004) using co clustering.", 
    "keep_for_gold": 0
  }, 
  {
    "citance_No": 20, 
    "citing_paper_id": "P06-1038", 
    "citing_paper_authority": 25, 
    "citing_paper_authors": "Dmitry, Davidov | Ari, Rappoport", 
    "raw_text": "Note how small they are, when com pared to (Pantel et al 2004), which took 4 days for a smaller corpus using the same CPU", 
    "clean_text": "Note how small they are, when compared to (Pantel et al 2004), which took 4 days for a smaller corpus using the same CPU.", 
    "keep_for_gold": 0
  }
]
