[
  {
    "citance_No": 1, 
    "citing_paper_id": "C10-1042", 
    "citing_paper_authority": 3, 
    "citing_paper_authors": "Claire, Gardent | Laura, Perez-Beltrachini", 
    "raw_text": "A Feature-based TAG (Vijay-Shanker and Joshi,1988) consists of a set of (auxiliary or initial) elementary trees and of two tree-composition operations: substitution and ad junction", 
    "clean_text": "A Feature-based TAG (Vijay-Shanker and Joshi,1988) consists of a set of (auxiliary or initial) elementary trees and of two tree-composition operations: substitution and adjunction.", 
    "keep_for_gold": 1
  }, 
  {
    "citance_No": 2, 
    "citing_paper_id": "P07-1042", 
    "citing_paper_authority": 6, 
    "citing_paper_authors": "Claire, Gardent | Eric, Kow", 
    "raw_text": "A Feature-based TAG (FTAG, (Vijay-Shanker and Joshi, 1988)) consists of a set of (auxiliary or initial) elementary trees and of two tree composition operations: substitution and ad junction", 
    "clean_text": "A Feature-based TAG (FTAG, (Vijay-Shanker and Joshi, 1988)) consists of a set of (auxiliary or initial) elementary trees and of two tree composition operations: substitution and adjunction.", 
    "keep_for_gold": 0
  }, 
  {
    "citance_No": 3, 
    "citing_paper_id": "W06-1511", 
    "citing_paper_authority": 1, 
    "citing_paper_authors": "Timm, Lichte | Laura, Kallmeyer", 
    "raw_text": "They arise from top-bottom feature identifications parallel to the unifications performed in FTAG (Vijay-Shanker and Joshi, 1988) and from identifications of global features", 
    "clean_text": "They arise from top-bottom feature identifications parallel to the unifications performed in FTAG (Vijay-Shanker and Joshi, 1988) and from identifications of global features.", 
    "keep_for_gold": 0
  }, 
  {
    "citance_No": 4, 
    "citing_paper_id": "C08-1032", 
    "citing_paper_authority": 4, 
    "citing_paper_authors": "Claire, Gardent", 
    "raw_text": "A Feature based TAG (FTAG, (Vijay-Shanker and Joshi,1988)) consists of a set of (auxiliary or initial) elementary trees and of two tree composition operations: substitution and ad junction", 
    "clean_text": "A Feature based TAG (FTAG, (Vijay-Shanker and Joshi,1988)) consists of a set of (auxiliary or initial) elementary trees and of two tree composition operations: substitution and adjunction.", 
    "keep_for_gold": 0
  }, 
  {
    "citance_No": 5, 
    "citing_paper_id": "W05-1605", 
    "citing_paper_authority": 5, 
    "citing_paper_authors": "Claire, Gardent | Eric, Kow", 
    "raw_text": "1For more details on FTAG see [Vijay-Shanker and Joshi, 1988]", 
    "clean_text": "", 
    "keep_for_gold": 0
  }, 
  {
    "citance_No": 6, 
    "citing_paper_id": "W06-1510", 
    "citing_paper_authority": 1, 
    "citing_paper_authors": "Laura, Kallmeyer | Maribel, Romero", 
    "raw_text": "The equations of top and bottom features linked to specific node positions in the elementary trees are parallel to the syntactic unifications in FTAG (Vijay-Shanker and Joshi, 1988)", 
    "clean_text": "The equations of top and bottom features linked to specific node positions in the elementary trees are parallel to the syntactic unifications in FTAG (Vijay-Shanker and Joshi, 1988).", 
    "keep_for_gold": 0
  }, 
  {
    "citance_No": 7, 
    "citing_paper_id": "C10-2039", 
    "citing_paper_authority": 1, 
    "citing_paper_authors": "Claire, Gardent | Benjamin, Gottesman | Laura, Perez-Beltrachini", 
    "raw_text": "A Feature-based TAG (Vijay-Shankerand Joshi, 1988) consists of a set of (auxiliary or initial) elementary trees and of two tree composition operations: substitution and ad junction", 
    "clean_text": "A Feature based TAG (FTAG, (Vijay-Shanker and Joshi,1988)) consists of a set of (auxiliary or initial) elementary trees and of two tree composition operations: substitution and adjunction.", 
    "keep_for_gold": 0
  }
]
