[
  {
    "citance_No": 1, 
    "citing_paper_id": "W11-2124", 
    "citing_paper_authority": 17, 
    "citing_paper_authors": "Jan, Niehues | Teresa, Herrmann | Stephan, Vogel | Alex, Waibel", 
    "raw_text": "For both tasks the reordering was performed as a preprocessing step using POS information from the TreeTagger (Schmid, 1994) for German and using the Amira Tagger (Diab, 2009) for Arabic", 
    "clean_text": "For both tasks the reordering was performed as a preprocessing step using POS information from the TreeTagger (Schmid, 1994) for German and using the Amira Tagger (Diab, 2009) for Arabic.", 
    "keep_for_gold": 0
  }, 
  {
    "citance_No": 2, 
    "citing_paper_id": "A97-1013", 
    "citing_paper_authority": 5, 
    "citing_paper_authors": "Atro, Voutilainen | Llu&iacute;s, Padr&oacute;", 
    "raw_text": "In the data-driven approach, the model is automatically generated from annotated text corpora, and the model can be represented e.g. as n-grams (Garside t al., 1987), local rules (Hindle, 1989) or neural nets (Schmid, 1994)", 
    "clean_text": "", 
    "keep_for_gold": 0
  }, 
  {
    "citance_No": 3, 
    "citing_paper_id": "P98-2132", 
    "citing_paper_authority": 4, 
    "citing_paper_authors": "Takaki, Makino | Minoru, Yoshida | Kentaro, Torisawa | Jun'ichi, Tsujii", 
    "raw_text": "Several kinds of POS taggers using rule-based (e.g., Brill et al, 1990), statistical (e.g., Merialdo, 1994), memory-based (e.g., Daelemans, 1996), and neural network (e.g., Schmid, 1994) models have been proposed for some languages", 
    "clean_text": "", 
    "keep_for_gold": 0
  }, 
  {
    "citance_No": 4, 
    "citing_paper_id": "P98-2132", 
    "citing_paper_authority": 4, 
    "citing_paper_authors": "Takaki, Makino | Minoru, Yoshida | Kentaro, Torisawa | Jun'ichi, Tsujii", 
    "raw_text": "The correct rate of tagging of these models has reached 95%, in part by using a very large amount of training data (e.g., 1,000,000 words in Schmid, 1994)", 
    "clean_text": "The correct rate of tagging of these models has reached 95%, in part by using a very large amount of training data (e.g., 1,000,000 words in Schmid, 1994).", 
    "keep_for_gold": 1
  }, 
  {
    "citance_No": 5, 
    "citing_paper_id": "P98-2132", 
    "citing_paper_authority": 4, 
    "citing_paper_authors": "Takaki, Makino | Minoru, Yoshida | Kentaro, Torisawa | Jun'ichi, Tsujii", 
    "raw_text": "Thatneuro models require few parameters may offer another advantage: their performance is less affected by a small amount of training data than that of the statistical methods (Schmid, 1994)", 
    "clean_text": "", 
    "keep_for_gold": 0
  }, 
  {
    "citance_No": 6, 
    "citing_paper_id": "P98-1029", 
    "citing_paper_authority": 42, 
    "citing_paper_authors": "Eric, Brill | Jun, Wu", 
    "raw_text": "Since the advent of manually tagged corpora such as the Brown Corpus and the Penn Treebank (Francis (1982), Marcus (1993)), the efficacy of machine learning for training a tagger has been demonstrated using a wide array of techniques, including: Markov models, decision trees ,connectionist machines, transformations, nearest-neighbor algorithms, and maximum entropy (Weischedel (1993), Black (1992), Schmid (1994), Brill (1995), Daelemans (1995), Ratnaparkhi (1996))", 
    "clean_text": "", 
    "keep_for_gold": 0
  }, 
  {
    "citance_No": 7, 
    "citing_paper_id": "P96-1043", 
    "citing_paper_authority": 7, 
    "citing_paper_authors": "Andrei, Mikheev", 
    "raw_text": "A statistical-based suffix learner is presented in (Schmid, 1994)", 
    "clean_text": "A statistical-based suffix learner is presented in (Schmid, 1994).", 
    "keep_for_gold": 0
  }, 
  {
    "citance_No": 8, 
    "citing_paper_id": "P06-2100", 
    "citing_paper_authority": 6, 
    "citing_paper_authors": "Smriti, Singh | Kuhoo, Gupta | Manish, Shrivastava | Pushpak, Bhattacharyya", 
    "raw_text": "The common choice for disambiguation rule learning in POS tagging task is usually ma chine learning techniques mainly focussing on decision tree based algorithms (Orphanos and Christodoulalds, 1999), neural networks (Schmid, 1994), etc. Among the various decision tree based algorithms like ID3, AQR, ASSIS TANT and CN2, CN2 is known to perform better than the rest (Clark and Niblett, 1989)", 
    "clean_text": "", 
    "keep_for_gold": 0
  }, 
  {
    "citance_No": 9, 
    "citing_paper_id": "E09-1079", 
    "citing_paper_authority": 1, 
    "citing_paper_authors": "Hassan, Sajjad | Helmut, Schmid", 
    "raw_text": "The TreeTagger showed an accuracy of 96.06% (Schmid, 1994a)", 
    "clean_text": "The TreeTagger showed an accuracy of 96.06% (Schmid, 1994a).", 
    "keep_for_gold": 0
  }, 
  {
    "citance_No": 10, 
    "citing_paper_id": "S10-1025", 
    "citing_paper_authority": 1, 
    "citing_paper_authors": "Richard, Wicentowski | Maria, Kelly | Rachel, Lee", 
    "raw_text": "3.3.1 Resources The SWAT-S system used both Google? s 4and Yahoo? s 5 on line translation tools, the Spanish section of the Web1T European 5-gram corpus, Roget? s on line thesaurus, TreeTagger (Schmid, 1994) for 4http: //translate.google.com/ 5http: //babelfish.yahoo.com/morphological analysis and both Google? s and Yahoo? s 6 English-Spanish dictionaries", 
    "clean_text": "", 
    "keep_for_gold": 0
  }, 
  {
    "citance_No": 11, 
    "citing_paper_id": "P98-2186", 
    "citing_paper_authority": 9, 
    "citing_paper_authors": "Dan, Roth | Dmitry, Zelenko", 
    "raw_text": "There have been attempts to apply neural networks to POS tagging (e.g., (Schmid, 1994))", 
    "clean_text": "There have been attempts to apply neural networks to POS tagging (e.g., (Schmid, 1994)).", 
    "keep_for_gold": 0
  }, 
  {
    "citance_No": 12, 
    "citing_paper_id": "P08-1088", 
    "citing_paper_authority": 56, 
    "citing_paper_authors": "Aria, Haghighi | Percy, Liang | Taylor, Berg-Kirkpatrick | Dan, Klein", 
    "raw_text": "11We use the Tree Tagger (Schmid, 1994) for all POS tagging except for Arabic, where we use the tagger described in Diab et al", 
    "clean_text": "We use the Tree Tagger (Schmid, 1994) for all POS tagging except for Arabic, where we use the tagger described in Diab et al.", 
    "keep_for_gold": 0
  }, 
  {
    "citance_No": 13, 
    "citing_paper_id": "P08-1070", 
    "citing_paper_authority": 1, 
    "citing_paper_authors": "Rebecca, Dridan | Valia, Kordoni | Jeremy, Nicholson", 
    "raw_text": "We use TreeTagger (Schmid, 1994) to produce POS tags and then open class words are restricted if the POS tagger assigned a tag with a probability over a certain threshold", 
    "clean_text": "We use TreeTagger (Schmid, 1994) to produce POS tags and then open class words are restricted if the POS tagger assigned a tag with a probability over a certain threshold.", 
    "keep_for_gold": 0
  }, 
  {
    "citance_No": 14, 
    "citing_paper_id": "C96-2130", 
    "citing_paper_authority": 3, 
    "citing_paper_authors": "Andrei, Mikheev", 
    "raw_text": "A statistical-based suffix learnex is presented in (Schmid, 1994)", 
    "clean_text": "A statistical-based suffix learner is presented in (Schmid, 1994).", 
    "keep_for_gold": 0
  }, 
  {
    "citance_No": 15, 
    "citing_paper_id": "W11-2401", 
    "citing_paper_authority": 4, 
    "citing_paper_authors": "Detmar, Meurers | Ramon, Ziai | Niels, Ott | Janina, Kopp", 
    "raw_text": "Annotation Task NLP Component Sentence Detection OpenNLPhttp: //incubator.apache.org/opennlp Tokenization OpenNLP Lemmatization TreeTagger (Schmid, 1994) Spell Checking Edit distance (Levenshtein, 1966) ,igerman98 word list http: //www.j3e.de/ispell/igerman98 Part-of-speech Tagging TreeTagger (Schmid, 1994) Noun Phrase Chunking OpenNLP Lexical Relations GermaNet (Hamp and Feldweg, 1997) Similarity Scores PMI-IR (Turney, 2001) Dependency Relations MaltParser (Nivre et al, 2007) Table 2: NLP tools used in the German system Integrating the multitude of units and their representations at different levels of abstraction poses significant challenges to the system architecture", 
    "clean_text": "", 
    "keep_for_gold": 0
  }
]
