[
  {
    "citance_No": 1, 
    "citing_paper_id": "P05-1066", 
    "citing_paper_authority": 142, 
    "citing_paper_authors": "Michael John, Collins | Philipp, Koehn | Ivona, Kucerova", 
    "raw_text": "(Xia and McCord, 2004) describe an approach for translation from French to English, where reordering rules are acquired automatically", 
    "clean_text": "(Xia and McCord, 2004) describe an approach for translation from French to English, where reordering rules are acquired automatically.", 
    "keep_for_gold": 1
  }, 
  {
    "citance_No": 2, 
    "citing_paper_id": "P05-1066", 
    "citing_paper_authority": 142, 
    "citing_paper_authors": "Michael John, Collins | Philipp, Koehn | Ivona, Kucerova", 
    "raw_text": "Our method differs from that of (Xia and McCord, 2004) in acouple of important respects", 
    "clean_text": "Our method differs from that of (Xia and McCord, 2004) in a couple of important respects.", 
    "keep_for_gold": 0
  }, 
  {
    "citance_No": 3, 
    "citing_paper_id": "W10-1762", 
    "citing_paper_authority": 4, 
    "citing_paper_authors": "Katsuhito, Sudoh | Kevin, Duh | Hajime, Tsukada | Tsutomu, Hirao | Masaaki, Nagata", 
    "raw_text": "XiaandMcCord (2004) extracted reordering rules automatically from bilingual corpora for English-to French translation; Collins et al (2005) used linguistically-motivated clause restructuring rules for German-to-English translation; Li et al (2007) modeled reordering on parse tree nodes by using a maximum entropy model with surface and syntactic features for Chinese-to-English translation; Katz-Brown and Collins (2008 )applieda very simple reverse ordering to Japanese-to English translation, which reversed the word order in Japanese segments separated by a few simple cues; Xu et al (2009) utilized a dependency parser with several hand-labeled precedence rules for re ordering English to subject-object-verb order like Korean and Japanese", 
    "clean_text": "Xia and McCord (2004) extracted reordering rules automatically from bilingual corpora for English-to-French translation; Collins et al (2005) used linguistically-motivated clause restructuring rules for German-to-English translation; Li et al (2007) modeled reordering on parse tree nodes by using a maximum entropy model with surface and syntactic features for Chinese-to-English translation; Katz-Brown and Collins (2008) applied a very simple reverse ordering to Japanese-to-English translation, which reversed the word order in Japanese segments separated by a few simple cues; Xu et al (2009) utilized a dependency parser with several hand-labeled precedence rules for re ordering English to subject-object-verb order like Korean and Japanese.", 
    "keep_for_gold": 0
  }, 
  {
    "citance_No": 4, 
    "citing_paper_id": "W11-2102", 
    "citing_paper_authority": 4, 
    "citing_paper_authors": "David, Talbot | Hideto, Kazawa | Hiroshi, Ichikawa | Jason, Katz-Brown | Masakazu, Seno | Franz Josef, Och", 
    "raw_text": "While our framework can be applied to any translation system in which it is possible to derive a token-level alignment from the input source tokens to the out put target tokens, it is of particular practical interest when applied to a system that performs reordering as a preprocessing step (Xia and McCord, 2004)", 
    "clean_text": "While our framework can be applied to any translation system in which it is possible to derive a token-level alignment from the input source tokens to the output target tokens, it is of particular practical interest when applied to a system that performs reordering as a preprocessing step (Xia and McCord, 2004).", 
    "keep_for_gold": 0
  }, 
  {
    "citance_No": 5, 
    "citing_paper_id": "W11-2102", 
    "citing_paper_authority": 4, 
    "citing_paper_authors": "David, Talbot | Hideto, Kazawa | Hiroshi, Ichikawa | Jason, Katz-Brown | Masakazu, Seno | Franz Josef, Och", 
    "raw_text": "(Xia and McCord, 2004), and perform these two operations in separate steps, the latter conditioned on the former, Birch et al (2010 )aremaking a much stronger assumption when they perform these simulations: they are assuming that lexical choice and word order are entirely independent", 
    "clean_text": "(Xia and McCord, 2004), and perform these two operations in separate steps, the latter conditioned on the former, Birch et al (2010) a remaking a much stronger assumption when they perform these simulations: they are assuming that lexical choice and word order are entirely independent.", 
    "keep_for_gold": 0
  }, 
  {
    "citance_No": 6, 
    "citing_paper_id": "W12-0704", 
    "citing_paper_authority": 1, 
    "citing_paper_authors": "Sara, Stymne", 
    "raw_text": "Generally reordering rules are applied to the source language, but there have been attempts at target side reordering as well (Na et al, 2009) .Reordering rules can be based on different levels of linguistic annotation, such as POS-tags (Niehues and Kolss, 2009), chunks (Zhang et al, 2007) or parse trees (Xia and McCord, 2004)", 
    "clean_text": "Generally reordering rules are applied to the source language, but there have been attempts at target side reordering as well (Na et al, 2009). Reordering rules can be based on different levels of linguistic annotation, such as POS-tags (Niehues and Kolss, 2009), chunks (Zhang et al, 2007) or parse trees (Xia and McCord, 2004).", 
    "keep_for_gold": 0
  }, 
  {
    "citance_No": 7, 
    "citing_paper_id": "P11-3003", 
    "citing_paper_authority": 1, 
    "citing_paper_authors": "Sara, Stymne", 
    "raw_text": "Preprocessing approaches can use either hand-written rules targeting known language differences (e.g. Collins et al (2005), Li et al (2009)), or automatically learnt rules (e.g. Xia and McCord (2004), Zhang et al (2007b)), which are basically language independent", 
    "clean_text": "Preprocessing approaches can use either hand-written rules targeting known language differences (e.g. Collins et al (2005), Li et al (2009)), or automatically learnt rules (e.g. Xia and McCord (2004), Zhang et al (2007b)), which are basically language independent.", 
    "keep_for_gold": 0
  }, 
  {
    "citance_No": 8, 
    "citing_paper_id": "W08-0405", 
    "citing_paper_authority": 2, 
    "citing_paper_authors": "Christoph, Tillmann", 
    "raw_text": "In future work our novel approach might allow to make use of lexicalized reorder rules as in (Xia and McCord, 2004) or syntactic rules as in (Wang et al, 2007)", 
    "clean_text": "In future work our novel approach might allow to make use of lexicalized reorder rules as in (Xia and McCord, 2004) or syntactic rules as in (Wang et al, 2007).", 
    "keep_for_gold": 0
  }, 
  {
    "citance_No": 9, 
    "citing_paper_id": "C10-2023", 
    "citing_paper_authority": 4, 
    "citing_paper_authors": "Josep Maria, Crego | Fran&ccedil;ois, Yvon", 
    "raw_text": "To the bestof our knowledge, the authors of (Xia and McCord, 2004) were the first to address this problem in the statistical MT paradigm", 
    "clean_text": "To the best of our knowledge, the authors of (Xia and McCord, 2004) were the first to address this problem in the statistical MT paradigm.", 
    "keep_for_gold": 0
  }, 
  {
    "citance_No": 10, 
    "citing_paper_id": "E09-1011", 
    "citing_paper_authority": 3, 
    "citing_paper_authors": "Ibrahim, Badr | Rabih, Zbib | James R., Glass", 
    "raw_text": "(Xia and McCord, 2004) present a similar approach ,witha notable difference: the re-ordering rules are automatically learned from aligning parse trees for both the source and target sentences", 
    "clean_text": "(Xia and McCord, 2004) present a similar approach, with a notable difference: the re-ordering rules are automatically learned from aligning parse trees for both the source and target sentences.", 
    "keep_for_gold": 1
  }, 
  {
    "citance_No": 11, 
    "citing_paper_id": "P11-2067", 
    "citing_paper_authority": 0, 
    "citing_paper_authors": "Susan, Howlett | Mark, Dras", 
    "raw_text": "Many such systems exist, with results being mixed; we review several here. Xia and McCord (2004) (English-to-French translation, using automatically-extracted reordering rules) train on the Canadian Hansard", 
    "clean_text": "Many such systems exist, with results being mixed; we review several here. Xia and McCord (2004) (English-to-French translation, using automatically-extracted reordering rules) train on the Canadian Hansard.", 
    "keep_for_gold": 0
  }, 
  {
    "citance_No": 12, 
    "citing_paper_id": "C08-1137", 
    "citing_paper_authority": 1, 
    "citing_paper_authors": "Jiajun, Zhang | Chengqing, Zong | Shoushan, Li", 
    "raw_text": "The most notable models are given by Xia and McCord (2004), Collins et al (2005), Li et al (2007) and Wang et al (2007)", 
    "clean_text": "The most notable models are given by Xia and McCord (2004), Collins et al (2005), Li et al (2007) and Wang et al (2007).", 
    "keep_for_gold": 0
  }, 
  {
    "citance_No": 13, 
    "citing_paper_id": "C08-1137", 
    "citing_paper_authority": 1, 
    "citing_paper_authors": "Jiajun, Zhang | Chengqing, Zong | Shoushan, Li", 
    "raw_text": "Xia and McCord (2004) parsed the source and target sides of the training data and then automatically extracted the rewriting pat terns", 
    "clean_text": "Xia and McCord (2004) parsed the source and target sides of the training data and then automatically extracted the rewriting patterns.", 
    "keep_for_gold": 0
  }, 
  {
    "citance_No": 14, 
    "citing_paper_id": "W09-2310", 
    "citing_paper_authority": 1, 
    "citing_paper_authors": "Maxim, Khalilov | Jos&eacute; A. R., Fonollosa | Mark, Dras", 
    "raw_text": "The technique proposed in this study is most similar to the one proposed for French-to-English translation task in Xia and McCord (2004), where the authors present a hybrid system for FrenchEnglish translation based on the principle of automatic rewrite patterns extraction using a parse tree and phrase alignments", 
    "clean_text": "The technique proposed in this study is most similar to the one proposed for French-to-English translation task in Xia and McCord (2004), where the authors present a hybrid system for French English translation based on the principle of automatic rewrite patterns extraction using a parse tree and phrase alignments.", 
    "keep_for_gold": 0
  }, 
  {
    "citance_No": 15, 
    "citing_paper_id": "D12-1077", 
    "citing_paper_authority": 8, 
    "citing_paper_authors": "Graham, Neubig | Taro, Watanabe | Shinsuke, Mori", 
    "raw_text": "As a result, there is a large amount of previous research that handles the problem of reordering through the use of improved reordering models for phrase-based SMT (Koehn et al2005), hierarchical phrase-based translation (Chiang, 2007), syntax-based translation (Yamada and Knight, 2001), or pre ordering (Xia and McCord, 2004) .In particular, systems that use source language syntax allow for the handling of long distance reordering without large increases in The first author is now affiliated with the Nara Institute of Science and Technology", 
    "clean_text": "As a result, there is a large amount of previous research that handles the problem of reordering through the use of improved reordering models for phrase-based SMT (Koehn et al2005), hierarchical phrase-based translation (Chiang, 2007), syntax-based translation (Yamada and Knight, 2001), or pre ordering (Xia and McCord, 2004). In particular, systems that use source language syntax allow for the handling of long distance reordering without large increases in The first author is now affiliated with the Nara Institute of Science and Technology.", 
    "keep_for_gold": 0
  }, 
  {
    "citance_No": 16, 
    "citing_paper_id": "D12-1077", 
    "citing_paper_authority": 8, 
    "citing_paper_authors": "Graham, Neubig | Taro, Watanabe | Shinsuke, Mori", 
    "raw_text": "eI. In this paper, we take 843Figure 1: An example with a source sentence F re ordered into target order F?, and its corresponding target sentence E. D is one of the BTG derivations that can produce this ordering.the pre-ordering approach to machine translation (Xia and McCord, 2004), which performs translation as a two step process of reordering and translation (Figure 1)", 
    "clean_text": "Figure 1: An example with a source sentence F re ordered into target order F, and its corresponding target sentence E. D is one of the BTG derivations that can produce this ordering.the pre-ordering approach to machine translation (Xia and McCord, 2004), which performs translation as a two step process of reordering and translation (Figure 1).", 
    "keep_for_gold": 0
  }, 
  {
    "citance_No": 17, 
    "citing_paper_id": "W09-0420", 
    "citing_paper_authority": 8, 
    "citing_paper_authors": "Alexander, Fraser", 
    "raw_text": "Preprocessing approaches involving the use of a syntactic parse of the source sentence to change the word order to more closely match the word order of the target language have been studied by Niessen and Ney (2004), Xia and McCord (2004), Dra ?bek and Yarowsky (2004), Collins et al", 
    "clean_text": "Preprocessing approaches involving the use of a syntactic parse of the source sentence to change the word order to more closely match the word order of the target language have been studied by Niessen and Ney (2004), Xia and McCord (2004), Dra ?bek and Yarowsky (2004), Collins et al.", 
    "keep_for_gold": 0
  }, 
  {
    "citance_No": 18, 
    "citing_paper_id": "W08-0411", 
    "citing_paper_authority": 13, 
    "citing_paper_authors": "Alon, Lavie | Alok, Parlikar | Vamshi, Ambati", 
    "raw_text": "Syntax-based reordering rules can be used as a preprocessing step for PB-SMT (and other approaches), to decrease the word-order and syntactic distortion between the source and target languages (Xia and McCord, 2004)", 
    "clean_text": "Syntax-based reordering rules can be used as a preprocessing step for PB-SMT (and other approaches), to decrease the word-order and syntactic distortion between the source and target languages (Xia and McCord, 2004).", 
    "keep_for_gold": 0
  }, 
  {
    "citance_No": 19, 
    "citing_paper_id": "W08-0411", 
    "citing_paper_authority": 13, 
    "citing_paper_authors": "Alon, Lavie | Alok, Parlikar | Vamshi, Ambati", 
    "raw_text": "The underlying formalisms used has been quite broad and include simple formalisms such as ITGs (Wu, 1997), hierarchical synchronous rules (Chiang, 2005), string to tree models by (Galley et al, 2004) and (Galley et al, 2006), synchronous CFG models such (Xia and McCord, 2004) (Yamada and Knight, 2001), synchronous Lexical Functional Grammar inspired approaches (Probst et al, 2002) and others", 
    "clean_text": "The underlying formalisms used has been quite broad and include simple formalisms such as ITGs (Wu, 1997), hierarchical synchronous rules (Chiang, 2005), string to tree models by (Galley et al, 2004) and (Galley et al, 2006), synchronous CFG models such (Xia and McCord, 2004) (Yamada and Knight, 2001), synchronous Lexical Functional Grammar inspired approaches (Probst et al, 2002) and others.", 
    "keep_for_gold": 0
  }, 
  {
    "citance_No": 20, 
    "citing_paper_id": "N10-3010", 
    "citing_paper_authority": 2, 
    "citing_paper_authors": "Avinesh, P. V. S.", 
    "raw_text": "Some of the previous approaches include (Collins et al, 2005), (Xia and McCord, 2004)", 
    "clean_text": "Some of the previous approaches include (Collins et al, 2005), (Xia and McCord, 2004).", 
    "keep_for_gold": 0
  }
]
