[
  {
    "citance_No": 1, 
    "citing_paper_id": "P97-1007", 
    "citing_paper_authority": 16, 
    "citing_paper_authors": "German, Rigau | Jordi, Atserias | Eneko, Agirre", 
    "raw_text": "(Agirre and Rigau, 1996)", 
    "clean_text": "", 
    "keep_for_gold": 0
  }, 
  {
    "citance_No": 2, 
    "citing_paper_id": "P97-1007", 
    "citing_paper_authority": 16, 
    "citing_paper_authors": "German, Rigau | Jordi, Atserias | Eneko, Agirre", 
    "raw_text": "Some of them have been fully tested in real size texts (e.g. statistical methods (Yarowsky, 1992), (Yarowsky, 1994), (Miller and Teibel, 1991), knowledge based methods (Sussna, 1993), (Agirre and Rigau, 1996), or mixed methods (Richardson et al, 1994), (Resnik, 1995))", 
    "clean_text": "", 
    "keep_for_gold": 0
  }, 
  {
    "citance_No": 3, 
    "citing_paper_id": "S10-1028", 
    "citing_paper_authority": 1, 
    "citing_paper_authors": "Lipta, Mahapatra | Meera, Mohan | Mitesh M., Khapra | Pushpak, Bhattacharyya", 
    "raw_text": "Knowledge based approaches to WSD such as Lesk? s algorithm (Lesk, 1986), Walker? s algorithm (Walker and Amsler, 1986), Conceptual Density (Agirre and Rigau, 1996) and Random Walk Algorithm (Mihalcea, 2005) are fundamentally overlap based algorithms which suffer from data sparsity", 
    "clean_text": "", 
    "keep_for_gold": 0
  }, 
  {
    "citance_No": 4, 
    "citing_paper_id": "W97-0813", 
    "citing_paper_authority": 2, 
    "citing_paper_authors": "Stefano, Federici | Simonetta, Montemagni | Vito, Pirrelli", 
    "raw_text": "Eventually, the sense supported by those patterns which are semantically closer to the context in question is selected as the most likely one (see, among others, [Dolan, 1994], [Resnik, 1995a, 1995b], [Agirre and Rigau, 1996], [Sanfilippo, 1997])", 
    "clean_text": "", 
    "keep_for_gold": 0
  }, 
  {
    "citance_No": 5, 
    "citing_paper_id": "W97-0813", 
    "citing_paper_authority": 2, 
    "citing_paper_authors": "Stefano, Federici | Simonetta, Montemagni | Vito, Pirrelli", 
    "raw_text": "In the second column, recall and precision are relative to polysemous verbs only, and in spite of an obvious decrease compare well with related work carried out with different methods (see, for instance, [Agirre and Rigau, 1996]), and are in fact very promising if one considers the comparatively small size of EB, and that only part of its attested words are semantically disambiguated", 
    "clean_text": "In the second column, recall and precision are relative to polysemous verbs only, and in spite of an obvious decrease compare well with related work carried out with different methods (see, for instance, [Agirre and Rigau, 1996]), and are in fact very promising if one considers the comparatively small size of EB, and that only part of its attested words are semantically disambiguated.", 
    "keep_for_gold": 0
  }, 
  {
    "citance_No": 6, 
    "citing_paper_id": "W05-0601", 
    "citing_paper_authority": 11, 
    "citing_paper_authors": "Roberto, Basili | Marco, Cammisa | Alessandro, Moschitti", 
    "raw_text": "On the contrary, the Conceptual Density (CD) (Agirre and Rigau, 1996) is a flexible semantic similarity which depends on the generalizations of word senses not referring to any fixed level of the hierarchy", 
    "clean_text": "On the contrary, the Conceptual Density (CD) (Agirre and Rigau, 1996) is a flexible semantic similarity which depends on the generalizations of word senses not referring to any fixed level of the hierarchy.", 
    "keep_for_gold": 1
  }, 
  {
    "citance_No": 7, 
    "citing_paper_id": "P98-2180", 
    "citing_paper_authority": 22, 
    "citing_paper_authors": "Stephen D., Richardson | William B., Dolan | Lucy, Vanderwende", 
    "raw_text": "For example, paradigmatic relations in WordNet have been used by many to determine similarity, including Li et al (1995) and Agirre and Rigau (1996)", 
    "clean_text": "For example, paradigmatic relations in WordNet have been used by many to determine similarity, including Li et al (1995) and Agirre and Rigau (1996).", 
    "keep_for_gold": 0
  }, 
  {
    "citance_No": 8, 
    "citing_paper_id": "W07-2097", 
    "citing_paper_authority": 4, 
    "citing_paper_authors": "Davide, Buscaldi | Paolo, Rosso", 
    "raw_text": "Conceptual Density (CD) was originally introduced by (Agirre and Rigau, 1996)", 
    "clean_text": "Conceptual Density (CD) was originally introduced by (Agirre and Rigau, 1996).", 
    "keep_for_gold": 0
  }, 
  {
    "citance_No": 9, 
    "citing_paper_id": "W98-0716", 
    "citing_paper_authority": 0, 
    "citing_paper_authors": "Michael L., McHale", 
    "raw_text": "Agirre and Rigau (Agirre and Rigau 1996) use a conceptual distance formula that was created to by sensitive to the length of the shortest path that connects the concepts involved, the depth of the hierarchy and the density of concepts in the hierarchy", 
    "clean_text": "Agirre and Rigau (Agirre and Rigau 1996) use a conceptual distance formula that was created to by sensitive to the length of the shortest path that connects the concepts involved, the depth of the hierarchy and the density of concepts in the hierarchy.", 
    "keep_for_gold": 1
  }, 
  {
    "citance_No": 10, 
    "citing_paper_id": "P98-1003", 
    "citing_paper_authority": 5, 
    "citing_paper_authors": "Eneko, Agirre | Koldo, Gojenola | Kepa, Sarasola | Atro, Voutilainen", 
    "raw_text": "Conceptual Density (Agirre and Rigau 1996) is the paradigmatic omponent chosen to discriminate semantically among potential noun corrections", 
    "clean_text": "Conceptual Density (Agirre and Rigau 1996) is the paradigmatic component chosen to discriminate semantically among potential noun corrections.", 
    "keep_for_gold": 0
  }, 
  {
    "citance_No": 11, 
    "citing_paper_id": "P06-1100", 
    "citing_paper_authority": 11, 
    "citing_paper_authors": "Marco, Pennacchiotti | Patrick, Pantel", 
    "raw_text": "The semantic classes of x and y are then inferred using conceptual density (Agirre and Rigau 1996), a Word Net-based measure applied to all instantiation of x and y in the corpus", 
    "clean_text": "The semantic classes of x and y are then inferred using conceptual density (Agirre and Rigau 1996), a Word Net-based measure applied to all instantiation of x and y in the corpus.", 
    "keep_for_gold": 0
  }, 
  {
    "citance_No": 12, 
    "citing_paper_id": "W10-2304", 
    "citing_paper_authority": 0, 
    "citing_paper_authors": "Diego, de Cao | Roberto, Basili | Matteo, Luciani | Francesco, Mesiano | Riccardo, Rossi", 
    "raw_text": "(Lesk, 1986) or (Agirre and Rigau, 1996), (Basili et al, 2004) methods) and then use it to rank the alternative senses according to the incoming context", 
    "clean_text": "", 
    "keep_for_gold": 0
  }, 
  {
    "citance_No": 13, 
    "citing_paper_id": "W98-0712", 
    "citing_paper_authority": 1, 
    "citing_paper_authors": "Simonetta, Montemagni | Vito, Pirrelli", 
    "raw_text": "To overcome the problem of varying link distances, Agirre and Rigau (1996) propose a semantic similarity measure (referred to as& quot; conceptual density& quot;) which is sensitive to i) the length of the path, ii) the depth of the nodes in the hierarchy (deeper nodes are ranked closer) and iii) the density of nodes in the sub hierarchies (concepts involved in a denser sub hierarchy are ranked closer than those in a more sparse region)", 
    "clean_text": "To overcome the problem of varying link distances, Agirre and Rigau (1996) propose a semantic similarity measure (referred to as& quot; conceptual density& quot;) which is sensitive to i) the length of the path, ii) the depth of the nodes in the hierarchy (deeper nodes are ranked closer) and iii) the density of nodes in the sub hierarchies (concepts involved in a denser sub hierarchy are ranked closer than those in a more sparse region).", 
    "keep_for_gold": 1
  }, 
  {
    "citance_No": 14, 
    "citing_paper_id": "D08-1048", 
    "citing_paper_authority": 8, 
    "citing_paper_authors": "Marco, Pennacchiotti | Diego, de Cao | Roberto, Basili | Danilo, Croce | Michael, Roth", 
    "raw_text": "To compute similarity for nouns we adopt conceptual density (cd) (Agirre and Rigau, 1996), a semantic similarity model previously applied to word sense disambiguation tasks", 
    "clean_text": "To compute similarity for nouns we adopt conceptual density (cd) (Agirre and Rigau, 1996), a semantic similarity model previously applied to word sense disambiguation tasks.", 
    "keep_for_gold": 0
  }, 
  {
    "citance_No": 15, 
    "citing_paper_id": "A97-1055", 
    "citing_paper_authority": 3, 
    "citing_paper_authors": "Alessandro, Cucchiarelli | Paola, Velardi", 
    "raw_text": "In (Agirre and Rigau, 1996) a method called Conceptual Distance is proposed to reduce this problem, but the reported performance in disambiguation still do not reach 50%", 
    "clean_text": "In (Agirre and Rigau, 1996) a method called Conceptual Distance is proposed to reduce this problem, but the reported performance in disambiguation still do not reach 50%.", 
    "keep_for_gold": 0
  }, 
  {
    "citance_No": 16, 
    "citing_paper_id": "C04-1173", 
    "citing_paper_authority": 1, 
    "citing_paper_authors": "Bruno, Gaume | Nabil, Hathout | Philippe, Muller", 
    "raw_text": "A method not evaluated by (Patwardhanetal., 2003) and using another semantic relatedness measure (& quot; conceptual density& quot;) is (Agirreand Rigau, 1996)", 
    "clean_text": "A method not evaluated by (Patwardhan et al., 2003) and using another semantic relatedness measure (conceptual density) is (Agirre and Rigau, 1996).", 
    "keep_for_gold": 0
  }, 
  {
    "citance_No": 17, 
    "citing_paper_id": "C10-1063", 
    "citing_paper_authority": 2, 
    "citing_paper_authors": "Mitesh M., Khapra | Saurabh, Sohoney | Anup, Kulkarni | Pushpak, Bhattacharyya", 
    "raw_text": "Knowledge based approaches to WSD such asLesk? s algorithm (Lesk, 1986), Walker? s algorithm (Walker and Amsler, 1986), Conceptual Density (Agirre and Rigau, 1996) and PageRank (Mihalcea, 2005) are less demanding in terms of resources but fail to deliver good results", 
    "clean_text": "", 
    "keep_for_gold": 0
  }, 
  {
    "citance_No": 18, 
    "citing_paper_id": "S10-1095", 
    "citing_paper_authority": 5, 
    "citing_paper_authors": "Yoan, Guti&eacute;rrez | Antonio, Fernandez Orqu&iacute;n | Andr&eacute;s, Montoyo | Sonia, V&aacute;zquez", 
    "raw_text": "This proposal has a partial similarity with the Conceptual Density (Agirre and Rigau, 1996) and DRelevant (Va ?zquez et al, 2004) to get the concepts from a hierarchy that they associate with the sentence", 
    "clean_text": "This proposal has a partial similarity with the Conceptual Density (Agirre and Rigau, 1996) and DRelevant (Va ?zquez et al, 2004) to get the concepts from a hierarchy that they associate with the sentence.", 
    "keep_for_gold": 0
  }, 
  {
    "citance_No": 19, 
    "citing_paper_id": "N03-1036", 
    "citing_paper_authority": 14, 
    "citing_paper_authors": "Dominic, Widdows", 
    "raw_text": "For ex ample, the possible hypernyms given for the word oak in WordNet 1.6 are oak? wood? plant material? material, stuff? substance, matter? object, physical object? entity ,something1Another method which could be used for class labelling is given by the conceptual density algorithm ofAgirre and Rigau (1996), which those authors applied to word sense disambiguation", 
    "clean_text": "Another method which could be used for class labelling is given by the conceptual density algorithm ofAgirre and Rigau (1996), which those authors applied to word sense disambiguation.", 
    "keep_for_gold": 0
  }, 
  {
    "citance_No": 20, 
    "citing_paper_id": "D11-1093", 
    "citing_paper_authority": 0, 
    "citing_paper_authors": "Tong, Wang | Graeme, Hirst", 
    "raw_text": "Notethat the notion of density here is not to be con fused with the conceptual density used by Agirre and Rigau (1996), which is essentially a semantic similarity measure by itself", 
    "clean_text": "Note that the notion of density here is not to be confused with the conceptual density used by Agirre and Rigau (1996), which is essentially a semantic similarity measure by itself.", 
    "keep_for_gold": 0
  }
]
