[
  {
    "citance_No": 1, 
    "citing_paper_id": "P11-1079", 
    "citing_paper_authority": 8, 
    "citing_paper_authors": "Hamidreza, Kobdani | Hinrich, Sch&uuml;tze | Michael, Schiehlen | Hans, Kamp", 
    "raw_text": "In this paper, we only compare with completely unsupervised approaches, 784 not with approaches that make some limited use of labeled data. Recent work by Haghighi and Klein (2009), Klenner and Ailloud (2009) and Raghunathan et al (2010) challenges the appropriateness of machine learning methods for CoRe", 
    "clean_text": "", 
    "keep_for_gold": 0
  }, 
  {
    "citance_No": 2, 
    "citing_paper_id": "P14-1016", 
    "citing_paper_authority": 1, 
    "citing_paper_authors": "Jiwei, Li | Alan, Ritter | Eduard, Hovy", 
    "raw_text": "Instead, we use a sieve-based greedy search approach to inference (shown in Figure 3) inspired by recent work on co reference resolution (Raghunathan et al, 2010)", 
    "clean_text": "Instead, we use a sieve-based greedy search approach to inference (shown in Figure 3) inspired by recent work on coreference resolution (Raghunathan et al, 2010).", 
    "keep_for_gold": 0
  }, 
  {
    "citance_No": 3, 
    "citing_paper_id": "W12-4514", 
    "citing_paper_authority": 0, 
    "citing_paper_authors": "Heming, Shou | Hai, Zhao", 
    "raw_text": "Our system is an extension of Stan ford? s multi-pass sieve system, (Raghunathan et al,2010) and (Lee et al, 2011), by adding novel constraints and sieves", 
    "clean_text": "Our system is an extension of Stanford's multi-pass sieve system, (Raghunathan et al, 2010) and (Lee et al, 2011), by adding novel constraints and sieves.", 
    "keep_for_gold": 0
  }, 
  {
    "citance_No": 4, 
    "citing_paper_id": "W12-4514", 
    "citing_paper_authority": 0, 
    "citing_paper_authors": "Heming, Shou | Hai, Zhao", 
    "raw_text": "Incontrast, (Raghunathan et al, 2010) proposed a rule based model which obtained competitive result with less time. Two considerable extensions to the Stanford model in this paper are made to guarantee higher precision and recall", 
    "clean_text": "In contrast, (Raghunathan et al, 2010) proposed a rule based model which obtained competitive result with less time.", 
    "keep_for_gold": 1
  }, 
  {
    "citance_No": 5, 
    "citing_paper_id": "W11-1902", 
    "citing_paper_authority": 45, 
    "citing_paper_authors": "Heeyoung, Lee | Yves, Peirsman | Angel, Chang | Nathanael, Chambers | Mihai, Surdeanu | Daniel, Jurafsky", 
    "raw_text": "We made three considerable extensions to the Raghunathan et al (2010) model", 
    "clean_text": "We made three considerable extensions to the Raghunathan et al (2010) model.", 
    "keep_for_gold": 0
  }, 
  {
    "citance_No": 6, 
    "citing_paper_id": "W11-1902", 
    "citing_paper_authority": 45, 
    "citing_paper_authors": "Heeyoung, Lee | Yves, Peirsman | Angel, Chang | Nathanael, Chambers | Mihai, Surdeanu | Daniel, Jurafsky", 
    "raw_text": "For example, if a cluster contains two mentions: a group of students, which is singular, and five students, which is plural, the number attribute of the entire cluster becomes singular or plural, which allows it to match other mentions that are both singular and plural. Please see (Raghunathan et al, 2010) for more details", 
    "clean_text": "Please see (Raghunathan et al, 2010) for more details.", 
    "keep_for_gold": 0
  }, 
  {
    "citance_No": 7, 
    "citing_paper_id": "W11-1902", 
    "citing_paper_authority": 45, 
    "citing_paper_authors": "Heeyoung, Lee | Yves, Peirsman | Angel, Chang | Nathanael, Chambers | Mihai, Surdeanu | Daniel, Jurafsky", 
    "raw_text": "2.3.1 Core System The core of our co reference resolution system is an incremental extension of the system described in Raghunathan et al (2010)", 
    "clean_text": "The core of our coreference resolution system is an incremental extension of the system described in Raghunathan et al (2010).", 
    "keep_for_gold": 0
  }, 
  {
    "citance_No": 8, 
    "citing_paper_id": "W11-1902", 
    "citing_paper_authority": 45, 
    "citing_paper_authors": "Heeyoung, Lee | Yves, Peirsman | Angel, Chang | Nathanael, Chambers | Mihai, Surdeanu | Daniel, Jurafsky", 
    "raw_text": "Proper Head Word Match: This sieve marks two mentions headed by proper nouns as co referent if they have the same head word and satisfy the fol lowing constraints: Not i-within-i same as Raghunathan et al (2010) .No location mismatches the modifiers of two mentions can not contain different location named entities, other proper nouns, or spatial modifiers", 
    "clean_text": "Proper Head Word Match: This sieve marks two mentions headed by proper nouns as coreferent if they have the same head word and satisfy the following constraints: Not i-within-i same as Raghunathan et al (2010).", 
    "keep_for_gold": 0
  }, 
  {
    "citance_No": 9, 
    "citing_paper_id": "S12-1002", 
    "citing_paper_authority": 0, 
    "citing_paper_authors": "Razvan C., Bunescu", 
    "raw_text": "Thecandi date antecedents for the pronoun are ordered base don a notion of discourse salience that favors syntactic salience and document proximity (Raghunathan et al, 2010)", 
    "clean_text": "The candidate antecedents for the pronoun are ordered based on a notion of discourse salience that favors syntactic salience and document proximity (Raghunathan et al, 2010).", 
    "keep_for_gold": 1
  }, 
  {
    "citance_No": 10, 
    "citing_paper_id": "S12-1002", 
    "citing_paper_authority": 0, 
    "citing_paper_authors": "Razvan C., Bunescu", 
    "raw_text": "By matching the performance of the DT system in the first two rows of the table, the AC system proves that it can successfully learn the relative importance of the deterministic sieves, which in (Raghunathanet al, 2010) and (Lee et al, 2011) have been manually ordered using a separate development dataset. Furthermore, in the DT system the sieves are applied on mentions in their textual order, whereas the adaptive clustering algorithm AC does not assume a predefined ordering among co reference resolution decisions", 
    "clean_text": "By matching the performance of the DT system in the first two rows of the table, the AC system proves that it can successfully learn the relative importance of the deterministic sieves, which in (Raghunathanet al, 2010) and (Lee et al, 2011) have been manually ordered using a separate development dataset.", 
    "keep_for_gold": 0
  }, 
  {
    "citance_No": 11, 
    "citing_paper_id": "W12-4501", 
    "citing_paper_authority": 26, 
    "citing_paper_authors": "Yu, Zhang | Sameer S., Pradhan | Alessandro, Moschitti | Nianwen, Xue | Olga, Uryupina", 
    "raw_text": "chen built upon the sieve architecture proposed in Raghunathan et al (2010) and added one more sieve? head match? for Chinese and modified two sieves", 
    "clean_text": "Chen built upon the sieve architecture proposed in Raghunathan et al (2010) and added one more sieve - head match - for Chinese and modified two sieves.", 
    "keep_for_gold": 0
  }, 
  {
    "citance_No": 12, 
    "citing_paper_id": "P13-2015", 
    "citing_paper_authority": 0, 
    "citing_paper_authors": "Nathan, Gilbert | Ellen, Riloff", 
    "raw_text": "We incorporate lexicalized feature sets into two different co reference architectures: Reconcile (Stoyanov et al, 2010) ,apairwise co reference classifier, and Sieve (Raghunathan et al, 2010), a rule-based system", 
    "clean_text": "We incorporate lexicalized feature sets into two different coreference architectures: Reconcile (Stoyanov et al, 2010), a pairwise coreference classifier, and Sieve (Raghunathan et al, 2010), a rule-based system.", 
    "keep_for_gold": 0
  }, 
  {
    "citance_No": 13, 
    "citing_paper_id": "P13-1012", 
    "citing_paper_authority": 4, 
    "citing_paper_authors": "Greg, Durrett | David, Hall | Dan, Klein", 
    "raw_text": "There is no polynomial-time dynamic program for inference in a model with arbitrary entity-level features, so systems that use such features typically rely on making decision sin a pipelined manner and sticking with them, operating greedily in a left-to-right fashion (Rahmanand Ng, 2009) or in a multi-pass, sieve-like manner (Raghunathan et al, 2010)", 
    "clean_text": "There is no polynomial-time dynamic program for inference in a model with arbitrary entity-level features, so systems that use such features typically rely on making decisions in a pipelined manner and sticking with them, operating greedily in a left-to-right fashion (Rahmanand Ng, 2009) or in a multi-pass, sieve-like manner (Raghunathan et al, 2010).", 
    "keep_for_gold": 0
  }, 
  {
    "citance_No": 14, 
    "citing_paper_id": "W12-4510", 
    "citing_paper_authority": 0, 
    "citing_paper_authors": "Chunyang, Wu | Xiaotian, Zhang | Hai, Zhao", 
    "raw_text": "Compared 1http: //nlp.stanford.edu/software/dcoref.shtml 95 with machine learning methods, (Raghunathan et al, 2010) proposed rule-base models which have been witnessed good performance. Researchers began to work on Chinesecoreference resolution at a comparatively late date and most of them adopt a machine learning approach", 
    "clean_text": "Compared with machine learning methods, (Raghunathan et al, 2010) proposed rule-base models which have been witnessed good performance.", 
    "keep_for_gold": 0
  }, 
  {
    "citance_No": 15, 
    "citing_paper_id": "P13-1116", 
    "citing_paper_authority": 2, 
    "citing_paper_authors": "Egoitz, Laparra | German, Rigau", 
    "raw_text": "This fact explains a new trend to develop accurate unsupervised systems that exploit simple but robust linguistic principles (Raghunathan et al, 2010)", 
    "clean_text": "This fact explains a new trend to develop accurate unsupervised systems that exploit simple but robust linguistic principles (Raghunathan et al, 2010).", 
    "keep_for_gold": 1
  }, 
  {
    "citance_No": 16, 
    "citing_paper_id": "W11-1811", 
    "citing_paper_authority": 1, 
    "citing_paper_authors": "Ngan, Nguyen | Jin-Dong, Kim | Jun'ichi, Tsujii", 
    "raw_text": "This is an interesting observation because pronominal anaphora problem has been reported with much higher results on other domains (Raghunathan et al, 2010), and also on other bio data (hsiang Lin and Liang, 2004)", 
    "clean_text": "This is an interesting observation because pronominal anaphora problem has been reported with much higher results on other domains (Raghunathan et al, 2010), and also on other bio data (hsiang Lin and Liang, 2004).", 
    "keep_for_gold": 0
  }, 
  {
    "citance_No": 17, 
    "citing_paper_id": "D12-1113", 
    "citing_paper_authority": 7, 
    "citing_paper_authors": "Lev, Ratinov | Dan, Roth", 
    "raw_text": "Our multi-sieve approach isdifferent from (Raghunathan et al 2010) in several respects: (a) our sieves are machine-learning classifiers, (b) the same pair of mentions can fall into multiple sieves, (c) later sieves can override the decisions made by earlier sieves, allowing to re cover from errors as additional evidence becomes available", 
    "clean_text": "Our multi-sieve approach is different from (Raghunathan et al 2010) in several respects: (a) our sieves are machine-learning classifiers, (b) the same pair of mentions can fall into multiple sieves, (c) later sieves can override the decisions made by earlier sieves, allowing to recover from errors as additional evidence becomes available.", 
    "keep_for_gold": 0
  }, 
  {
    "citance_No": 18, 
    "citing_paper_id": "D12-1113", 
    "citing_paper_authority": 7, 
    "citing_paper_authors": "Lev, Ratinov | Dan, Roth", 
    "raw_text": "is? company?, which is not a named entity, and is marked O. 10 (Raghunathan et al 2010) recorded the best result on CoNLL 2011 shared task", 
    "clean_text": "(Raghunathan et al 2010) recorded the best result on CoNLL 2011 shared task.", 
    "keep_for_gold": 0
  }, 
  {
    "citance_No": 19, 
    "citing_paper_id": "D12-1113", 
    "citing_paper_authority": 7, 
    "citing_paper_authors": "Lev, Ratinov | Dan, Roth", 
    "raw_text": "The ordering should be such that (a) maximum amount of information is injected at early stages (b) the precision at the early stages is as high as possible (Raghunathan et al 2010)", 
    "clean_text": "The ordering should be such that (a) maximum amount of information is injected at early stages (b) the precision at the early stages is as high as possible (Raghunathan et al 2010).", 
    "keep_for_gold": 0
  }, 
  {
    "citance_No": 20, 
    "citing_paper_id": "D12-1113", 
    "citing_paper_authority": 7, 
    "citing_paper_authors": "Lev, Ratinov | Dan, Roth", 
    "raw_text": "Third, while our division to sieves may resemble witchcraft, it is motivated by the intuition that mentions appearing close to one another are easier instances of co-ref as well as linguistic insights of (Raghunathan et al 2010)", 
    "clean_text": "Third, while our division to sieves may resemble witchcraft, it is motivated by the intuition that mentions appearing close to one another are easier instances of co-ref as well as linguistic insights of (Raghunathan et al 2010).", 
    "keep_for_gold": 0
  }
]
