[
  {
    "citance_No": 1, 
    "citing_paper_id": "W96-0410", 
    "citing_paper_authority": 2, 
    "citing_paper_authors": "Matthew, Stone | Christine, Doran", 
    "raw_text": "First, as in (Reiter and Dale, 1992), we stipulate that some attributes of entities are more important than others, and that some words more naturally describe those attributes", 
    "clean_text": "First, as in (Reiter and Dale, 1992), we stipulate that some attributes of entities are more important than others, and that some words more naturally describe those attributes.", 
    "keep_for_gold": 0
  }, 
  {
    "citance_No": 2, 
    "citing_paper_id": "P04-1052", 
    "citing_paper_authority": 9, 
    "citing_paper_authors": "Advaith, Siddharthan | Ann, Copestake", 
    "raw_text": "Unlike in traditional generation, the starting point in1The predicate dog1 is selected because it has a dis tin guished status, referred to as type in Reiter and Dale (1992)", 
    "clean_text": "Unlike in traditional generation, the starting point in1The predicate dog1 is selected because it has a dis tin guished status, referred to as type in Reiter and Dale (1992).", 
    "keep_for_gold": 0
  }, 
  {
    "citance_No": 3, 
    "citing_paper_id": "P04-1052", 
    "citing_paper_authority": 9, 
    "citing_paper_authors": "Advaith, Siddharthan | Ann, Copestake", 
    "raw_text": "The incremental algorithm (Reiter and Dale, 1992) is the most widely discussed attribute selection algorithm", 
    "clean_text": "The incremental algorithm (Reiter and Dale, 1992) is the most widely discussed attribute selection algorithm.", 
    "keep_for_gold": 0
  }, 
  {
    "citance_No": 4, 
    "citing_paper_id": "N06-2040", 
    "citing_paper_authority": 3, 
    "citing_paper_authors": "Laura, Stoia | Donna K., Byron | Darla Magdalene, Shockley | Eric, Fosler-Lussier", 
    "raw_text": "\u0012\u0011\u0014\u0013\u0016\u0015. In terms of the referring expression generation algorithm described by (Reiter and Dale, 1992), in which the description which eliminates the most dis tractors is selected, our 1http: //www.cs.waikato.ac.nz/ml/weka/ 2not all positive examples were visible 159results suggest that the human subjects chose to re duce the size of the dis tractor set before producing adescription, presumably in order to reduce the computational load required to calculate the optimal description", 
    "clean_text": "In terms of the referring expression generation algorithm described by (Reiter and Dale, 1992), in which the description which eliminates the most dis tractors is selected, our 1http: //www.cs.waikato.ac.nz/ml/weka/ 2not all positive examples were visible 159results suggest that the human subjects chose to reduce the size of the dis tractor set before producing a description, presumably in order to reduce the computational load required to calculate the optimal description.", 
    "keep_for_gold": 0
  }, 
  {
    "citance_No": 5, 
    "citing_paper_id": "W08-1121", 
    "citing_paper_authority": 0, 
    "citing_paper_authors": "Raquel, Herv&aacute;s | Pablo, Gerv&aacute;s", 
    "raw_text": "Reiter and Dale (1992) describe a fast algorithm for generating referring expressions in the context of a natural language generation system", 
    "clean_text": "Reiter and Dale (1992) describe a fast algorithm for generating referring expressions in the context of a natural language generation system.", 
    "keep_for_gold": 0
  }, 
  {
    "citance_No": 6, 
    "citing_paper_id": "W05-1620", 
    "citing_paper_authority": 0, 
    "citing_paper_authors": "Raquel, Herv&aacute;s | Pablo, Gerv&aacute;s", 
    "raw_text": "As shown in [Reiter and Dale, 1992], a referring expression must communicate enough information to be able to uniquely identify the intended referent in the current discourse context, but avoiding the presence of redundant or otherwise unnecessary modifiers", 
    "clean_text": "As shown in [Reiter and Dale, 1992], a referring expression must communicate enough information to be able to uniquely identify the intended referent in the current discourse context, but avoiding the presence of redundant or otherwise unnecessary modifiers.", 
    "keep_for_gold": 0
  }, 
  {
    "citance_No": 7, 
    "citing_paper_id": "W05-1620", 
    "citing_paper_authority": 0, 
    "citing_paper_authors": "Raquel, Herv&aacute;s | Pablo, Gerv&aacute;s", 
    "raw_text": "It would be also interesting to compare our solution with different approaches found in the literature, as for example [Reiter and Dale, 1992] or [Krahmer and Theune, 2000] for the referring expression generation, and the one of Dalianis and Hovy [Dalianis and Hovy, 1996] for the aggregation", 
    "clean_text": "It would be also interesting to compare our solution with different approaches found in the literature, as for example [Reiter and Dale, 1992] or [Krahmer and Theune, 2000] for the referring expression generation, and the one of Dalianis and Hovy [Dalianis and Hovy, 1996] for the aggregation.", 
    "keep_for_gold": 0
  }, 
  {
    "citance_No": 8, 
    "citing_paper_id": "W06-1412", 
    "citing_paper_authority": 6, 
    "citing_paper_authors": "Laura, Stoia | Darla Magdalene, Shockley | Donna K., Byron | Eric, Fosler-Lussier", 
    "raw_text": "In natural language generation, the process of generating referring expressions occurs in stages (Reiter and Dale, 1992)", 
    "clean_text": "In natural language generation, the process of generating referring expressions occurs in stages (Reiter and Dale, 1992).", 
    "keep_for_gold": 0
  }, 
  {
    "citance_No": 9, 
    "citing_paper_id": "W06-1412", 
    "citing_paper_authority": 6, 
    "citing_paper_authors": "Laura, Stoia | Darla Magdalene, Shockley | Donna K., Byron | Eric, Fosler-Lussier", 
    "raw_text": "We plan to incorporate the results of this study in an extension of (Reiter and Dale, 1992) algorithm that would take into account other types of properties of the objects like visual salience, temporal attributes (for example time elapsed between mentions), if it participated in an action (like the case of a door opening, or a button being pushed) or its importance to the overall task completion", 
    "clean_text": "We plan to incorporate the results of this study in an extension of (Reiter and Dale, 1992) algorithm that would take into account other types of properties of the objects like visual salience, temporal attributes (for example time elapsed between mentions), if it participated in an action (like the case of a door opening, or a button being pushed) or its importance to the overall task completion.", 
    "keep_for_gold": 0
  }, 
  {
    "citance_No": 10, 
    "citing_paper_id": "W06-1410", 
    "citing_paper_authority": 9, 
    "citing_paper_authors": "Jette, Viethen | Robert, Dale", 
    "raw_text": "63 presented in (Dale, 1989), (Dale and Haddock, 1991) and (Reiter and Dale, 1992), we explore how well these algorithms perform in the same context", 
    "clean_text": "", 
    "keep_for_gold": 0
  }, 
  {
    "citance_No": 11, 
    "citing_paper_id": "P97-1026", 
    "citing_paper_authority": 19, 
    "citing_paper_authors": "Matthew, Stone | Christine, Doran", 
    "raw_text": "For example, (Reiter and Dale, 1992) apply generalizations about the salience of properties of objects and conventions about what words make base level attributions to incrementally select words for inclusion in a description", 
    "clean_text": "For example, (Reiter and Dale, 1992) apply generalizations about the salience of properties of objects and conventions about what words make base level attributions to incrementally select words for inclusion in a description.", 
    "keep_for_gold": 1
  }, 
  {
    "citance_No": 12, 
    "citing_paper_id": "W05-1602", 
    "citing_paper_authority": 1, 
    "citing_paper_authors": "Ofer, Biller | Michael, Elhadad | Yael Dahan, Netzer", 
    "raw_text": "The construction and maintenance of context according to models of text planning [Reiter and Dale, 1992], allow the author to break a complex CG into a manageable collection of small utterances", 
    "clean_text": "The construction and maintenance of context according to models of text planning [Reiter and Dale, 1992], allow the author to break a complex CG into a manageable collection of small utterances.", 
    "keep_for_gold": 0
  }, 
  {
    "citance_No": 13, 
    "citing_paper_id": "W05-1602", 
    "citing_paper_authority": 1, 
    "citing_paper_authors": "Ofer, Biller | Michael, Elhadad | Yael Dahan, Netzer", 
    "raw_text": "For micro planning, we have implemented the algorithm for reference planning described in [Reiter and Dale, 1992] and the aggregation algorithm described in [Shaw, 1995]", 
    "clean_text": "For micro planning, we have implemented the algorithm for reference planning described in [Reiter and Dale, 1992] and the aggregation algorithm described in [Shaw, 1995].", 
    "keep_for_gold": 0
  }, 
  {
    "citance_No": 14, 
    "citing_paper_id": "W09-0610", 
    "citing_paper_authority": 1, 
    "citing_paper_authors": "Daniel, Dionne | Salvador de la, Puente | Carlos, Le&oacute;n | Pablo, Gerv&aacute;s | Raquel, Herv&aacute;s", 
    "raw_text": "The authors present in the paper a computational framework for the generation of spatial locative expressions in such contexts, relying on the Reiter and Dale (Reiter and Dale, 1992) algorithm. Another interesting work related to referring expression generation in spatial environments can be found in (Varges, 2005)", 
    "clean_text": "The authors present in the paper a computational framework for the generation of spatial locative expressions in such contexts, relying on the Reiter and Dale (Reiter and Dale, 1992) algorithm. Another interesting work related to referring expression generation in spatial environments can be found in (Varges, 2005).", 
    "keep_for_gold": 0
  }, 
  {
    "citance_No": 15, 
    "citing_paper_id": "W09-0610", 
    "citing_paper_authority": 1, 
    "citing_paper_authors": "Daniel, Dionne | Salvador de la, Puente | Carlos, Le&oacute;n | Pablo, Gerv&aacute;s | Raquel, Herv&aacute;s", 
    "raw_text": "This choice should be considered in terms of particular implementation details. Reference agents rely on the Reiter and Dale algorithm (Reiter and Dale, 1992)", 
    "clean_text": "This choice should be considered in terms of particular implementation details. Reference agents rely on the Reiter and Dale algorithm (Reiter and Dale, 1992).", 
    "keep_for_gold": 0
  }
]
