[
  {
    "citance_No": 1, 
    "citing_paper_id": "N10-1141", 
    "citing_paper_authority": 10, 
    "citing_paper_authors": "John, DeNero | Shankar, Kumar | Ciprian, Chelba | Franz Josef, Och", 
    "raw_text": "More generally, this algorithm demonstrates how vector-backed inside passes can compute quantities beyond expectations of local features (Li and Eisner, 2009) .4 Chelba and Mahajan (2009) developed a similar algorithm for lattices", 
    "clean_text": "More generally, this algorithm demonstrates how vector-backed inside passes can compute quantities beyond expectations of local features (Li and Eisner, 2009).", 
    "keep_for_gold": 0
  }, 
  {
    "citance_No": 2, 
    "citing_paper_id": "N12-1093", 
    "citing_paper_authority": 7, 
    "citing_paper_authors": "Ioannis, Konstas | Mirella, Lapata", 
    "raw_text": "Instead of learning the probabilities on the PCFG, we directly compute the weights on the hyper arcs using a dynamic program similar to the inside-outside algorithm (Li and Eisner, 2009)", 
    "clean_text": "Instead of learning the probabilities on the PCFG, we directly compute the weights on the hyper arcs using a dynamic program similar to the inside-outside algorithm (Li and Eisner, 2009).", 
    "keep_for_gold": 0
  }, 
  {
    "citance_No": 3, 
    "citing_paper_id": "N12-1093", 
    "citing_paper_authority": 7, 
    "citing_paper_authors": "Ioannis, Konstas | Mirella, Lapata", 
    "raw_text": "In order to learn the weights on the hyper arcs we perform the following procedure iteratively in an Em fashion (Li and Eisner, 2009)", 
    "clean_text": "In order to learn the weights on the hyper arcs we perform the following procedure iteratively in an Em fashion (Li and Eisner, 2009).", 
    "keep_for_gold": 0
  }, 
  {
    "citance_No": 4, 
    "citing_paper_id": "P12-1039", 
    "citing_paper_authority": 13, 
    "citing_paper_authors": "Ioannis, Konstas | Mirella, Lapata", 
    "raw_text": "We converted the grammar into a hyper graph, and learned its probability distributions using a dynamic program similar to the inside-outside algorithm (Liand Eisner, 2009)", 
    "clean_text": "We converted the grammar into a hypergraph, and learned its probability distributions using a dynamic program similar to the inside-outside algorithm (Liand Eisner, 2009).", 
    "keep_for_gold": 0
  }, 
  {
    "citance_No": 5, 
    "citing_paper_id": "P10-4002", 
    "citing_paper_authority": 67, 
    "citing_paper_authors": "Chris, Dyer | Adam, Lopez | Juri, Ganitkevitch | Jonathan, Weese | Ferhan, Ture | Philip, Blunsom | Hendra, Setiawan | Vladimir, Eidelman | Philip, Resnik", 
    "raw_text": "Values that can be computed using the semi rings include the number of derivations, the expected translation length, the entropy of the translation posterior distribution, and the expected values of feature functions (Li and Eisner, 2009)", 
    "clean_text": "Values that can be computed using the semirings include the number of derivations, the expected translation length, the entropy of the translation posterior distribution, and the expected values of feature functions (Li and Eisner, 2009).", 
    "keep_for_gold": 0
  }, 
  {
    "citance_No": 6, 
    "citing_paper_id": "P10-4002", 
    "citing_paper_authority": 67, 
    "citing_paper_authors": "Chris, Dyer | Adam, Lopez | Juri, Ganitkevitch | Jonathan, Weese | Ferhan, Ture | Philip, Blunsom | Hendra, Setiawan | Vladimir, Eidelman | Philip, Resnik", 
    "raw_text": "A generic first-order expectation semiring is also provided (Li and Eisner, 2009)", 
    "clean_text": "A generic first-order expectation semiring is also provided (Li and Eisner, 2009).", 
    "keep_for_gold": 0
  }, 
  {
    "citance_No": 7, 
    "citing_paper_id": "P10-4002", 
    "citing_paper_authority": 67, 
    "citing_paper_authors": "Chris, Dyer | Adam, Lopez | Juri, Ganitkevitch | Jonathan, Weese | Ferhan, Ture | Philip, Blunsom | Hendra, Setiawan | Vladimir, Eidelman | Philip, Resnik", 
    "raw_text": "Further training pipelines are under development, including minimum risk training using a linearly decomposable approximation of BLEU (Li and Eisner, 2009), and MIRA training (Chiang et al, 2009)", 
    "clean_text": "Further training pipelines are under development, including minimum risk training using a linearly decomposable approximation of BLEU (Li and Eisner, 2009), and MIRA training (Chiang et al, 2009).", 
    "keep_for_gold": 1
  }, 
  {
    "citance_No": 8, 
    "citing_paper_id": "W10-2503", 
    "citing_paper_authority": 0, 
    "citing_paper_authors": "Andreas, Maletti | Giorgio, Satta", 
    "raw_text": "(t, u)? T?? T? Mw (t, u) is the weight of the set of string translations of w. As usual in natural language processing applications, we can exploit appropriate semi rings and compute several useful statistical parameters through Mw (T?? T?), as for instance the highest weight of a computation, the inside probability and the rule expectations; see (Li and Eisner, 2009) for further discussion", 
    "clean_text": "As usual in natural language processing applications, we can exploit appropriate semirings and compute several useful statistical parameters through Mw (T?? T?), as for instance the highest weight of a computation, the inside probability and the rule expectations; see (Li and Eisner, 2009) for further discussion.", 
    "keep_for_gold": 0
  }, 
  {
    "citance_No": 9, 
    "citing_paper_id": "W11-2119", 
    "citing_paper_authority": 8, 
    "citing_paper_authors": "Antti-Veikko I., Rosti | Bing, Zhang | Spyros, Matsoukas | Richard M., Schwartz", 
    "raw_text": "expectation semiring The sufficient statistics for graph expected BLEU can be computed using expectation semi rings (Li and Eisner, 2009)", 
    "clean_text": "The sufficient statistics for graph expected BLEU can be computed using expectation semirings (Li and Eisner, 2009).", 
    "keep_for_gold": 1
  }, 
  {
    "citance_No": 10, 
    "citing_paper_id": "W11-2119", 
    "citing_paper_authority": 8, 
    "citing_paper_authors": "Antti-Veikko I., Rosti | Bing, Zhang | Spyros, Matsoukas | Richard M., Schwartz", 
    "raw_text": "8For inside-outside algorithm, see (Li and Eisner, 2009)", 
    "clean_text": "For inside-outside algorithm, see (Li and Eisner, 2009).", 
    "keep_for_gold": 0
  }, 
  {
    "citance_No": 11, 
    "citing_paper_id": "C10-2075", 
    "citing_paper_authority": 2, 
    "citing_paper_authors": "Zhifei, Li | Ziyuan, Wang | Sanjeev P., Khudanpur | Jason M., Eisner", 
    "raw_text": "The risk and its gradient on a hyper graph can be computed by using a second-order expectation semiring (Li and Eisner, 2009)", 
    "clean_text": "The risk and its gradient on a hypergraph can be computed by using a second-order expectation semiring (Li and Eisner, 2009).", 
    "keep_for_gold": 0
  }, 
  {
    "citance_No": 12, 
    "citing_paper_id": "C10-2075", 
    "citing_paper_authority": 2, 
    "citing_paper_authors": "Zhifei, Li | Ziyuan, Wang | Sanjeev P., Khudanpur | Jason M., Eisner", 
    "raw_text": "Therelative weights of these 10 features are tuned via hyper graph-based minimum risk training (Li and Eisner, 2009) on the bilingual data Set2", 
    "clean_text": "There lative weights of these 10 features are tuned via hypergraph-based minimum risk training (Li and Eisner, 2009) on the bilingual data Set.", 
    "keep_for_gold": 0
  }, 
  {
    "citance_No": 13, 
    "citing_paper_id": "D11-1058", 
    "citing_paper_authority": 0, 
    "citing_paper_authors": "Ai, Azuma | Yuji, Matsumoto", 
    "raw_text": "One is a variant of the F-B on the expectation semi-ring proposed in Li and Eisner (2009)", 
    "clean_text": "One is a variant of the F-B on the expectation semiring proposed in Li and Eisner (2009).", 
    "keep_for_gold": 0
  }, 
  {
    "citance_No": 14, 
    "citing_paper_id": "D11-1058", 
    "citing_paper_authority": 0, 
    "citing_paper_authors": "Ai, Azuma | Yuji, Matsumoto", 
    "raw_text": "Like the usual complex 1For the detailed description, see Li and Eisner (2009) and its references.numbers, the arithmetic operations and the exponential function are generalized to the dual numbers, and the ordinary F-B is also generalized to the dual numbers", 
    "clean_text": "For the detailed description, see Li and Eisner (2009) and its references.", 
    "keep_for_gold": 0
  }, 
  {
    "citance_No": 15, 
    "citing_paper_id": "W10-1718", 
    "citing_paper_authority": 8, 
    "citing_paper_authors": "Zhifei, Li | Chris, Callison-Burch | Chris, Dyer | Juri, Ganitkevitch | Ann, Irvine | Sanjeev P., Khudanpur | Lane, Schwartz | Wren N. G., Thornton | Ziyuan, Wang | Jonathan, Weese | Omar F., Zaidan", 
    "raw_text": "We have implemented the in side algorithm, the outside algorithm, and the inside-outside speedup described by Li and Eisner (2009) ,plut the first-order expectation semir ing (Eisner, 2002) and its second-order version (Liand Eisner, 2009)", 
    "clean_text": "We have implemented the inside algorithm, the outside algorithm, and the inside-outside speedup described by Li and Eisner (2009), plut the first-order expectation semiring (Eisner, 2002) and its second-order version (Liand Eisner, 2009).", 
    "keep_for_gold": 0
  }, 
  {
    "citance_No": 16, 
    "citing_paper_id": "W10-1718", 
    "citing_paper_authority": 8, 
    "citing_paper_authors": "Zhifei, Li | Chris, Callison-Burch | Chris, Dyer | Juri, Ganitkevitch | Ann, Irvine | Sanjeev P., Khudanpur | Lane, Schwartz | Wren N. G., Thornton | Ziyuan, Wang | Jonathan, Weese | Omar F., Zaidan", 
    "raw_text": "We have implemented the hyper graph based minimum risk training (Li and Eisner, 2009), which minimizes the expected loss of the reference translations", 
    "clean_text": "We have implemented the hypergraph based minimum risk training (Li and Eisner, 2009), which minimizes the expected loss of the reference translations.", 
    "keep_for_gold": 0
  }, 
  {
    "citance_No": 17, 
    "citing_paper_id": "W11-2130", 
    "citing_paper_authority": 5, 
    "citing_paper_authors": "Barry, Haddow | Abhishek, Arun | Philipp, Koehn", 
    "raw_text": "The work of Smith and Eisner was extended by Li and Eisner (2009) who were able to obtain much better estimates of feature expectations by using a packed chart instead of an n-best list", 
    "clean_text": "The work of Smith and Eisner was extended by Li and Eisner (2009) who were able to obtain much better estimates of feature expectations by using a packed chart instead of an n-best list.", 
    "keep_for_gold": 1
  }, 
  {
    "citance_No": 18, 
    "citing_paper_id": "N12-1026", 
    "citing_paper_authority": 6, 
    "citing_paper_authors": "Taro, Watanabe", 
    "raw_text": "Instead of n-best approximations, we may directly employ forests for a better conditional log-likelihood estimation (Li and Eisner,2009)", 
    "clean_text": "Instead of n-best approximations, we may directly employ forests for a better conditional log-likelihood estimation (Li and Eisner,2009).", 
    "keep_for_gold": 0
  }, 
  {
    "citance_No": 19, 
    "citing_paper_id": "W10-1756", 
    "citing_paper_authority": 2, 
    "citing_paper_authors": "Abhishek, Arun | Barry, Haddow | Philipp, Koehn", 
    "raw_text": "Li and Eisner (2009) present work on performing expected BLEU training with deterministic annealing on translation forests generated by Hiero (Chiang, 2007)", 
    "clean_text": "Li and Eisner (2009) present work on performing expected BLEU training with deterministic annealing on translation forests generated by Hiero (Chiang, 2007).", 
    "keep_for_gold": 1
  }, 
  {
    "citance_No": 20, 
    "citing_paper_id": "D11-1085", 
    "citing_paper_authority": 0, 
    "citing_paper_authors": "Zhifei, Li | Ziyuan, Wang | Jason M., Eisner | Sanjeev P., Khudanpur | Brian, Roark", 
    "raw_text": "So we propose to replace 3This goal is different from the minimum risk training of Li and Eisner (2009) in a subtle but important way", 
    "clean_text": "This goal is different from the minimum risk training of Li and Eisner (2009) in a subtle but important way.", 
    "keep_for_gold": 0
  }
]
