[
  {
    "citance_No": 1, 
    "citing_paper_id": "N10-1061", 
    "citing_paper_authority": 33, 
    "citing_paper_authors": "Aria, Haghighi | Dan, Klein", 
    "raw_text": "A05RA: Train/test split of the ACE 2005 training set utilized in Rahman and Ng (2009)", 
    "clean_text": "", 
    "keep_for_gold": 0
  }, 
  {
    "citance_No": 2, 
    "citing_paper_id": "N10-1061", 
    "citing_paper_authority": 33, 
    "citing_paper_authors": "Aria, Haghighi | Dan, Klein", 
    "raw_text": "390 MUC B3All B3None Pairwise F1 System P R F1 P R F1 P R F1 P R F1 ACE2004-STOYANOV-TESTStoyanov et al (2009)- 62.0- 76.5- 75.4- Haghighi and Klein (2009) 67.5 61.6 64.4 77.4 69.4 73.2 77.4 67.1 71.3 58.3 44.5 50.5 THIS WORK 67.4 66.6 67.0 81.2 73.3 77.0 80.6 75.2 77.3 59.2 50.3 54.4 ACE2005-STOYANOV-TESTStoyanov et al (2009)- 67.4- 73.7- 72.5- Haghighi and Klein (2009) 73.1 58.8 65.2 82.1 63.9 71.8 81.2 61.6 70.1 66.1 37.9 48.1 THIS WORK 74.6 62.7 68.1 83.2 68.4 75.1 82.7 66.3 73.6 64.3 41.4 50.4 ACE2005-RAHMAN-TESTRahman and Ng (2009) 75.4 64.1 69.3- 54.4 70.5 61.4- Haghighi and Klein (2009) 72.9 60.2 67.0 53.2 73.1 61.6 52.0 72.6 60.6 57.0 44.6 50.0 THIS WORK 77.0 66.9 71.6 55.4 74.8 63.8 54.0 74.7 62.7 60.1 47.7 53.0 Table 1: Experimental results with system mentions", 
    "clean_text": "", 
    "keep_for_gold": 0
  }, 
  {
    "citance_No": 3, 
    "citing_paper_id": "N10-1061", 
    "citing_paper_authority": 33, 
    "citing_paper_authors": "Aria, Haghighi | Dan, Klein", 
    "raw_text": "For comparison purposes, the B3None variant used on A05RA is calculated slightly differently than other B3None results; see Rahman and Ng (2009) .the mention? s syntactic position)", 
    "clean_text": "For comparison purposes, the B3None variant used on A05RA is calculated slightly differently than other B3None results; see Rahman and Ng (2009).", 
    "keep_for_gold": 0
  }, 
  {
    "citance_No": 4, 
    "citing_paper_id": "N10-1061", 
    "citing_paper_authority": 33, 
    "citing_paper_authors": "Aria, Haghighi | Dan, Klein", 
    "raw_text": "The Stoyanov et al (2009) numbers represent their THRESHOLD ESTIMATION setting and the Rahmanand Ng (2009) numbers represent their highest performing cluster ranking model", 
    "clean_text": "The Stoyanov et al (2009) numbers represent their THRESHOLD ESTIMATION setting and the Rahmanand Ng (2009) numbers represent their highest performing cluster ranking model.", 
    "keep_for_gold": 0
  }, 
  {
    "citance_No": 5, 
    "citing_paper_id": "W12-4509", 
    "citing_paper_authority": 1, 
    "citing_paper_authors": "Yu-Yin, Hsu | Marwa, Ragheb | Joshua, Bonner | Sandra, K&uuml;bler | Desislava, Zhekova", 
    "raw_text": "The set of features that we use, listed in Table 5, is an extension of the set by Rahman and Ng (2009)", 
    "clean_text": "The set of features that we use, listed in Table 5, is an extension of the set by Rahman and Ng (2009).", 
    "keep_for_gold": 0
  }, 
  {
    "citance_No": 6, 
    "citing_paper_id": "W11-1913", 
    "citing_paper_authority": 3, 
    "citing_paper_authors": "Joseph, Irwin | Mamoru, Komachi | Yuji, Matsumoto", 
    "raw_text": "Our system is based on a cluster-ranking model proposed by Rahman and Ng (2009), with novel semantic features based on recent re search on narrative event schema (Chambers and Jurafsky, 2009)", 
    "clean_text": "Our system is based on a cluster-ranking model proposed by Rahman and Ng (2009), with novel semantic features based on recent re search on narrative event schema (Chambers and Jurafsky, 2009).", 
    "keep_for_gold": 0
  }, 
  {
    "citance_No": 7, 
    "citing_paper_id": "W11-1913", 
    "citing_paper_authority": 3, 
    "citing_paper_authors": "Joseph, Irwin | Mamoru, Komachi | Yuji, Matsumoto", 
    "raw_text": "We created a baseline system based on the cluster-ranking model proposed by Rahman and Ng (2009)", 
    "clean_text": "We created a baseline system based on the cluster-ranking model proposed by Rahman and Ng (2009).", 
    "keep_for_gold": 0
  }, 
  {
    "citance_No": 8, 
    "citing_paper_id": "W11-1913", 
    "citing_paper_authority": 3, 
    "citing_paper_authors": "Joseph, Irwin | Mamoru, Komachi | Yuji, Matsumoto", 
    "raw_text": "Rahman and Ng (2009) in particular pro pose the cluster-ranking model which we used in our baseline", 
    "clean_text": "Rahman and Ng (2009) in particular propose the cluster-ranking model which we used in our baseline.", 
    "keep_for_gold": 0
  }, 
  {
    "citance_No": 9, 
    "citing_paper_id": "W11-1913", 
    "citing_paper_authority": 3, 
    "citing_paper_authors": "Joseph, Irwin | Mamoru, Komachi | Yuji, Matsumoto", 
    "raw_text": "Ineach query we include a null-cluster instance, to allow joint learning of discourse-new detection, fol lowing (Rahman and Ng, 2009) .For training, each mention is assigned to its correct cluster according to the co reference annotation", 
    "clean_text": "In each query we include a null-cluster instance, to allow joint learning of discourse-new detection, following (Rahman and Ng, 2009).", 
    "keep_for_gold": 1
  }, 
  {
    "citance_No": 10, 
    "citing_paper_id": "W11-1913", 
    "citing_paper_authority": 3, 
    "citing_paper_authors": "Joseph, Irwin | Mamoru, Komachi | Yuji, Matsumoto", 
    "raw_text": "We follow Rahman and Ng (2009) in jointly learning to detect anaphoric mentions along with resolving co reference relations", 
    "clean_text": "We follow Rahman and Ng (2009) in jointly learning to detect anaphoric mentions along with resolving coreference relations.", 
    "keep_for_gold": 0
  }, 
  {
    "citance_No": 11, 
    "citing_paper_id": "W11-1913", 
    "citing_paper_authority": 3, 
    "citing_paper_authors": "Joseph, Irwin | Mamoru, Komachi | Yuji, Matsumoto", 
    "raw_text": "We follow the procedure described in (Rahman and Ng, 2009)", 
    "clean_text": "We follow the procedure described in (Rahman and Ng, 2009).", 
    "keep_for_gold": 0
  }, 
  {
    "citance_No": 12, 
    "citing_paper_id": "P12-1041", 
    "citing_paper_authority": 9, 
    "citing_paper_authors": "Mohit, Bansal | Dan, Klein", 
    "raw_text": "In ACE05-ALL, we have the full ACE 2005 training set and use the standard train/test splits reported in Rahman and Ng (2009) and Haghighi and Klein (2010)", 
    "clean_text": "In ACE05-ALL, we have the full ACE 2005 training set and use the standard train/test splits reported in Rahman and Ng (2009) and Haghighi and Klein (2010).", 
    "keep_for_gold": 0
  }, 
  {
    "citance_No": 13, 
    "citing_paper_id": "P12-1041", 
    "citing_paper_authority": 9, 
    "citing_paper_authors": "Mohit, Bansal | Dan, Klein", 
    "raw_text": "394 MUC B3 System P R F1 P R F1 ACE04-TEST-RESULTS Stoyanov et al (2009)- 62.0- 76.5 Haghighi and Klein (2009) 67.5 61.6 64.4 77.4 69.4 73.2 Haghighi and Klein (2010) 67.4 66.6 67.0 81.2 73.3 77.0 This Work: Perceptron Baseline 65.5 61.9 63.7 84.1 70.9 77.0 This Work: DT Baseline 76.0 60.7 67.5 89.6 70.3 78.8 This Work: DT+ Web Features 74.8 64.2 69.1 87.5 73.7 80.0 This Work:? of DT+Web over DT (p &lt; 0.05) 1.7 (p &lt; 0.005) 1.3 ACE05-TEST-RESULTS Stoyanov et al (2009)- 67.4- 73.7 Haghighi and Klein (2009) 73.1 58.8 65.2 82.1 63.9 71.8 Haghighi and Klein (2010) 74.6 62.7 68.1 83.2 68.4 75.1 This Work: Perceptron Baseline 72.2 61.6 66.5 85.0 65.5 73.9 This Work: DT Baseline 79.6 59.7 68.2 89.4 64.2 74.7 This Work: DT+ Web Features 75.0 64.7 69.5 81.1 70.8 75.6 This Work:? of DT+Web over DT (p &lt; 0.12) 1.3 (p &lt; 0.1) 0.9 ACE05-ALL-TEST-RESULTS Rahman and Ng (2009) 75.4 64.1 69.3 54.4 70.5 61.4 Haghighi and Klein (2009) 72.9 60.2 67.0 53.2 73.1 61.6 Haghighi and Klein (2010) 77.0 66.9 71.6 55.4 74.8 63.8 This Work: Perceptron Baseline 68.9 60.4 64.4 80.6 60.5 69.1 This Work: DT Baseline 78.0 60.4 68.1 85.1 60.4 70.6 This Work: DT+ Web Features 77.6 64.0 70.2 80.7 65.9 72.5 This Work:? of DT+Web over DT (p &lt; 0.001) 2.1 (p &lt; 0.001) 1.9 Table 3: Primary test results on the ACE04, ACE05, and ACE05-ALL datasets", 
    "clean_text": "", 
    "keep_for_gold": 0
  }, 
  {
    "citance_No": 14, 
    "citing_paper_id": "P12-1041", 
    "citing_paper_authority": 9, 
    "citing_paper_authors": "Mohit, Bansal | Dan, Klein", 
    "raw_text": "Also, the B3 variant used by Rahman and Ng (2009) is slightly different from other systems (they remove all and only the singleton twinless system mentions, so it is neither B3All nor B3None)", 
    "clean_text": "Also, the B3 variant used by Rahman and Ng (2009) is slightly different from other systems (they remove all and only the singleton twinless system mentions, so it is neither B3All nor B3None).", 
    "keep_for_gold": 0
  }, 
  {
    "citance_No": 15, 
    "citing_paper_id": "P12-1041", 
    "citing_paper_authority": 9, 
    "citing_paper_authors": "Mohit, Bansal | Dan, Klein", 
    "raw_text": "The other systems we compare to and outperform are the perceptron-based Reconcile system of Stoyanov et al (2009), the strong deterministic system of Haghighi and Klein (2009), and the cluster-ranking model of Rahman and Ng (2009) .We develop our features and tune their hyper parameter values on the ACE04 development set and then use these on the ACE04 test set.12 OntheACE05 and ACE05-ALL datasets, we directly transfer our Web features and their hyper-parameter values from the ACE04dev-set, without any retuning", 
    "clean_text": "The other systems we compare to and outperform are the perceptron-based Reconcile system of Stoyanov et al (2009), the strong deterministic system of Haghighi and Klein (2009), and the cluster-ranking model of Rahman and Ng (2009).", 
    "keep_for_gold": 0
  }, 
  {
    "citance_No": 16, 
    "citing_paper_id": "P11-1082", 
    "citing_paper_authority": 19, 
    "citing_paper_authors": "Altaf, Rahman | Vincent, Ng", 
    "raw_text": "Following common practice, we employ different methods to extract NPs from the documents annotated with the two annotation schemes. To extract NPs from the ACE-annotated documents, we train a mention extractor on the training texts (see Section 5.1 of Rahman and Ng (2009) for details), which recalls 83.6% of the NPs in the test set", 
    "clean_text": "To extract NPs from the ACE-annotated documents, we train a mention extractor on the training texts (see Section 5.1 of Rahman and Ng (2009) for details), which recalls 83.6% of the NPs in the test set.", 
    "keep_for_gold": 0
  }, 
  {
    "citance_No": 17, 
    "citing_paper_id": "P11-1082", 
    "citing_paper_authority": 19, 
    "citing_paper_authors": "Altaf, Rahman | Vincent, Ng", 
    "raw_text": "Since space limitations preclude a description of these features, we refer the reader to Rahman and Ng (2009) for details. We follow Soon et al? s (2001) method for creating training instances: we create (1) a positive instance for each anaphoric NP, NPk, and its closest antecedent, NPj; and (2) a negative instance for NPk paired with each of the intervening NPs, NPj+1, NPj+2,..., NPk? 1", 
    "clean_text": "Since space limitations preclude a description of these features, we refer the reader to Rahman and Ng (2009) for details.", 
    "keep_for_gold": 0
  }, 
  {
    "citance_No": 18, 
    "citing_paper_id": "P11-1082", 
    "citing_paper_authority": 19, 
    "citing_paper_authors": "Altaf, Rahman | Vincent, Ng", 
    "raw_text": "Details of the CR model can be found in Rahman and Ng (2009)", 
    "clean_text": "Details of the CR model can be found in Rahman and Ng (2009).", 
    "keep_for_gold": 0
  }, 
  {
    "citance_No": 19, 
    "citing_paper_id": "P11-1082", 
    "citing_paper_authority": 19, 
    "citing_paper_authors": "Altaf, Rahman | Vincent, Ng", 
    "raw_text": "Also, the results show that the CR model is stronger than the MP model, corroborating previous empirical findings (Rahman and Ng, 2009)", 
    "clean_text": "Also, the results show that the CR model is stronger than the MP model, corroborating previous empirical findings (Rahman and Ng, 2009).", 
    "keep_for_gold": 1
  }, 
  {
    "citance_No": 20, 
    "citing_paper_id": "S12-1002", 
    "citing_paper_authority": 0, 
    "citing_paper_authors": "Razvan C., Bunescu", 
    "raw_text": "The cluster ranking model of Rahman and Ng (2009) proceeds in a left-to-right fashion and adds the current discourse old mention to the highest scoring preceding cluster", 
    "clean_text": "The cluster ranking model of Rahman and Ng (2009) proceeds in a left-to-right fashion and adds the current discourse old mention to the highest scoring preceding cluster.", 
    "keep_for_gold": 1
  }
]
