[
  {
    "citance_No": 1, 
    "citing_paper_id": "D09-1062", 
    "citing_paper_authority": 12, 
    "citing_paper_authors": "Yejin, Choi | Claire, Cardie", 
    "raw_text": "Strictly speaking, negator is not a value for polarity, but we include them in our lexicon, because valence shifters or negators have been shown to play an important role for sentiment analysis (e.g., Polanyi and Zaenen (2004), Moilanen and Pulman (2007), Choi and Cardie (2008))", 
    "clean_text": "", 
    "keep_for_gold": 0
  }, 
  {
    "citance_No": 2, 
    "citing_paper_id": "D09-1062", 
    "citing_paper_authority": 12, 
    "citing_paper_authors": "Yejin, Choi | Claire, Cardie", 
    "raw_text": "Content-word negators are words that are not function words, but act semantically as negators (Choi and Cardie, 2008) .3 Although it is possible to artificially construct a very convoluted sentence with lots of negations ,itis unlikely for multiple layers of negations to appear very often in natural language (Pickett et al (1996))", 
    "clean_text": "Content-word negators are words that are not function words, but act semantically as negators (Choi and Cardie, 2008).", 
    "keep_for_gold": 1
  }, 
  {
    "citance_No": 3, 
    "citing_paper_id": "D09-1062", 
    "citing_paper_authority": 12, 
    "citing_paper_authors": "Yejin, Choi | Claire, Cardie", 
    "raw_text": "It makes our task much harder (e.g., Wilson et al (2009)) than those that assume inputs are guaranteed to be either strongly positive or negative (e.g., Pang et al (2002), Choiand Cardie (2008))", 
    "clean_text": "", 
    "keep_for_gold": 0
  }, 
  {
    "citance_No": 4, 
    "citing_paper_id": "D09-1062", 
    "citing_paper_authority": 12, 
    "citing_paper_authors": "Yejin, Choi | Claire, Cardie", 
    "raw_text": "Performance is reported using 10-fold cross-validation on 400 documents, and a separate 135 documents were used as a development set. For the general-purpose polarity lexicon, we expand the polarity lexicon of Wilson et al (2005) with General Inquirer dictionary as suggested by Choi and Cardie (2008) .We report the performance in two measures: ac curacy for 3-way classification, and average error distance", 
    "clean_text": "For the general-purpose polarity lexicon, we expand the polarity lexicon of Wilson et al (2005) with General Inquirer dictionary as suggested by Choi and Cardie (2008).", 
    "keep_for_gold": 0
  }, 
  {
    "citance_No": 5, 
    "citing_paper_id": "D09-1062", 
    "citing_paper_authority": 12, 
    "citing_paper_authors": "Yejin, Choi | Claire, Cardie", 
    "raw_text": "According to Choi and Cardie (2008), voting algorithms that recognize content-word negators achieve a competitive performance, so we will use a variant of it for simplicity", 
    "clean_text": "According to Choi and Cardie (2008), voting algorithms that recognize content-word negators achieve a competitive performance, so we will use a variant of it for simplicity.", 
    "keep_for_gold": 0
  }, 
  {
    "citance_No": 6, 
    "citing_paper_id": "D09-1062", 
    "citing_paper_authority": 12, 
    "citing_paper_authors": "Yejin, Choi | Claire, Cardie", 
    "raw_text": "Because none of the algorithms proposed by Choi and Cardie (2008) is designed to handle the neutral polarity, we invent our own version as shown in Figure 2", 
    "clean_text": "Because none of the algorithms proposed by Choi and Cardie (2008) is designed to handle the neutral polarity, we invent our own version as shown in Figure 2.", 
    "keep_for_gold": 0
  }, 
  {
    "citance_No": 7, 
    "citing_paper_id": "D09-1062", 
    "citing_paper_authority": 12, 
    "citing_paper_authors": "Yejin, Choi | Claire, Cardie", 
    "raw_text": "Choi and Cardie (2008) also focus on the expression-level polarity classification, but their evaluation setting is not as practical as ours in that they assume the inputs are guaranteed to be either strongly positive or negative", 
    "clean_text": "Choi and Cardie (2008) also focus on the expression-level polarity classification, but their evaluation setting is not as practical as ours in that they assume the inputs are guaranteed to be either strongly positive or negative.", 
    "keep_for_gold": 0
  }, 
  {
    "citance_No": 8, 
    "citing_paper_id": "P14-1029", 
    "citing_paper_authority": 2, 
    "citing_paper_authors": "Xiaodan, Zhu | Hongyu, Guo | Saif, Mohammad | Svetlana, Kiritchenko", 
    "raw_text": "Choi and Cardie (2008) proposed a learning-based framework", 
    "clean_text": "Choi and Cardie (2008) proposed a learning-based framework.", 
    "keep_for_gold": 0
  }, 
  {
    "citance_No": 9, 
    "citing_paper_id": "W10-3111", 
    "citing_paper_authority": 12, 
    "citing_paper_authors": "Michael, Wiegand | Alexandra, Balahur | Benjamin, Roth | Dietrich, Klakow | Andr&eacute;s, Montoyo", 
    "raw_text": "3.3.2 Shallow Semantic Composition Choi and Cardie (2008) present a more lightweight approach using compositional semantics towards classifying the polarity of expressions", 
    "clean_text": "Choi and Cardie (2008) present a more lightweight approach using compositional semantics towards classifying the polarity of expressions.", 
    "keep_for_gold": 0
  }, 
  {
    "citance_No": 10, 
    "citing_paper_id": "W10-3111", 
    "citing_paper_authority": 12, 
    "citing_paper_authors": "Michael, Wiegand | Alexandra, Balahur | Benjamin, Roth | Dietrich, Klakow | Andr&eacute;s, Montoyo", 
    "raw_text": "The rules presented by Choi and Cardie (2008) are, however, much more specific, as they define syntactic contexts of the polar expressions", 
    "clean_text": "The rules presented by Choi and Cardie (2008) are, however, much more specific, as they define syntactic contexts of the polar expressions.", 
    "keep_for_gold": 0
  }, 
  {
    "citance_No": 11, 
    "citing_paper_id": "W10-3111", 
    "citing_paper_authority": 12, 
    "citing_paper_authors": "Michael, Wiegand | Alexandra, Balahur | Benjamin, Roth | Dietrich, Klakow | Andr&eacute;s, Montoyo", 
    "raw_text": "Unlike Choi and Cardie (2008), these rules require a proper parse and reflect grammatical relationships between different constituents", 
    "clean_text": "Unlike Choi and Cardie (2008), these rules require a proper parse and reflect grammatical relationships between different constituents.", 
    "keep_for_gold": 0
  }, 
  {
    "citance_No": 12, 
    "citing_paper_id": "W10-3110", 
    "citing_paper_authority": 14, 
    "citing_paper_authors": "Isaac, Councill | Ryan, McDonald | Leonid, Velikovich", 
    "raw_text": "In this work we focus on explicit negation mentions, also called functional negation by Choi and Cardie (2008)", 
    "clean_text": "In this work we focus on explicit negation mentions, also called functional negation by Choi and Cardie (2008).", 
    "keep_for_gold": 0
  }, 
  {
    "citance_No": 13, 
    "citing_paper_id": "W10-3110", 
    "citing_paper_authority": 14, 
    "citing_paper_authors": "Isaac, Councill | Ryan, McDonald | Leonid, Velikovich", 
    "raw_text": "Choi and Cardie (2008) combine different kinds of negators with lexical polarity items through various compositional semantic models, both heuristic and machine learned, to improve phrasal sentiment analysis", 
    "clean_text": "Choi and Cardie (2008) combine different kinds of negators with lexical polarity items through various compositional semantic models, both heuristic and machine learned, to improve phrasal sentiment analysis.", 
    "keep_for_gold": 1
  }, 
  {
    "citance_No": 14, 
    "citing_paper_id": "D11-1016", 
    "citing_paper_authority": 14, 
    "citing_paper_authors": "Ainur, Yessenalina | Claire, Cardie", 
    "raw_text": "Here, the verbs prevent and ease act as content-word negators (Choi and Cardie, 2008) in that they modify the negative sentiment of their direct object arguments so that the phrase as a whole is perceived as somewhat positive", 
    "clean_text": "Here, the verbs prevent and ease act as content-word negators (Choi and Cardie, 2008) in that they modify the negative sentiment of their direct object arguments so that the phrase as a whole is perceived as somewhat positive.", 
    "keep_for_gold": 0
  }, 
  {
    "citance_No": 15, 
    "citing_paper_id": "D11-1016", 
    "citing_paper_authority": 14, 
    "citing_paper_authors": "Ainur, Yessenalina | Claire, Cardie", 
    "raw_text": "ChoiandCardie (2008), for example, propose an algorithm for phrase-based sentiment analysis that learns proper assignments of intermediate sentiment analysis decision variables given the a priori (i.e., out of context) polarity of the words in the phrase and the (correct) phrase-level polarity", 
    "clean_text": "Choi and Cardie (2008), for example, propose an algorithm for phrase-based sentiment analysis that learns proper assignments of intermediate sentiment analysis decision variables given the a priori (i.e., out of context) polarity of the words in the phrase and the (correct) phrase-level polarity.", 
    "keep_for_gold": 1
  }, 
  {
    "citance_No": 16, 
    "citing_paper_id": "D11-1016", 
    "citing_paper_authority": 14, 
    "citing_paper_authors": "Ainur, Yessenalina | Claire, Cardie", 
    "raw_text": "ChoiandCardie (2008) hand-code compositional rules in order to model compositional effects of combining different words in the phrase", 
    "clean_text": "Choi and Cardie (2008) hand-code compositional rules in order to model compositional effects of combining different words in the phrase.", 
    "keep_for_gold": 1
  }, 
  {
    "citance_No": 17, 
    "citing_paper_id": "P11-1033", 
    "citing_paper_authority": 9, 
    "citing_paper_authors": "Bin, Lu | Chenhao, Tan | Claire, Cardie | Benjamin, K. Tsou", 
    "raw_text": "We extract all sentences containing strong (i.e. intensity is medium or higher), sentiment-bearing (i.e. polarity is positive or negative) expressions following Choi and Cardie (2008)", 
    "clean_text": "We extract all sentences containing strong (i.e. intensity is medium or higher), sentiment-bearing (i.e. polarity is positive or negative) expressions following Choi and Cardie (2008).", 
    "keep_for_gold": 0
  }, 
  {
    "citance_No": 18, 
    "citing_paper_id": "W12-3802", 
    "citing_paper_authority": 1, 
    "citing_paper_authors": "Vladimir, Popescu | Yannick, Mathieu | Baptiste, Chardon | Farah, Benamara | Nicholas, Asher", 
    "raw_text": "(Choi and Cardie, 2008)", 
    "clean_text": "An English polarity reversing word dictionary was constructed from the General Inquirer dictionary in the same way as Choi and Cardie (2008), by collecting words which belong to either NOTLW or DECREAS categories (The dictionary contains 121 polarity reversing words).", 
    "keep_for_gold": 0
  }, 
  {
    "citance_No": 19, 
    "citing_paper_id": "N10-1120", 
    "citing_paper_authority": 24, 
    "citing_paper_authors": "Tetsuji, Nakagawa | Kentaro, Inui | Sadao, Kurohashi", 
    "raw_text": "AnEnglish polarity reversing word dictionary was constructed from the General Inquirerdictionary6 in the same way as Choi and Cardie (2008), by collecting words which belong to either NOTLW or DECREAScategories (The dictionary contains 121 polarity re versing words) .Choi and Cardie (2008) categorized polarity re versing words into two categories: function-word negators such as not and content-word negators such as eliminate", 
    "clean_text": "Choi and Cardie (2008) categorized polarity reversing words into two categories: function-word negators such as not and content-word negators such as eliminate.", 
    "keep_for_gold": 1
  }, 
  {
    "citance_No": 20, 
    "citing_paper_id": "N10-1120", 
    "citing_paper_authority": 24, 
    "citing_paper_authors": "Tetsuji, Nakagawa | Kentaro, Inui | Sadao, Kurohashi", 
    "raw_text": "Choi and Cardie (2008) proposed a method to classify the sentiment polarity of a sentence basing on compositional semantics", 
    "clean_text": "Choi and Cardie (2008) proposed a method to classify the sentiment polarity of a sentence basing on compositional semantics.", 
    "keep_for_gold": 0
  }
]
