[
  {
    "citance_No": 1, 
    "citing_paper_id": "D07-1096", 
    "citing_paper_authority": 178, 
    "citing_paper_authors": "Joakim, Nivre | Johan, Hall | Sandra, K&uuml;bler | Ryan, McDonald | Jens, Nilsson | Sebastian, Riedel | Deniz, Yuret", 
    "raw_text": "Carreras (2007) extends the first-order model to incorporate a sum over scores for pairs of adjacent arcs in the tree, yielding a second-order model", 
    "clean_text": "Carreras (2007) extends the first-order model to incorporate a sum over scores for pairs of adjacent arcs in the tree, yielding a second-order model.", 
    "keep_for_gold": 1
  }, 
  {
    "citance_No": 2, 
    "citing_paper_id": "D07-1096", 
    "citing_paper_authority": 178, 
    "citing_paper_authors": "Joakim, Nivre | Johan, Hall | Sandra, K&uuml;bler | Ryan, McDonald | Jens, Nilsson | Sebastian, Riedel | Deniz, Yuret", 
    "raw_text": "Carreras (2007) employs his own extension of Eisner? s algorithm for the case of projective trees and second-order models that include head grandparent relations", 
    "clean_text": "Carreras (2007) employs his own extension of Eisner's algorithm for the case of projective trees and second-order models that include head grandparent relations.", 
    "keep_for_gold": 1
  }, 
  {
    "citance_No": 3, 
    "citing_paper_id": "W10-1404", 
    "citing_paper_authority": 5, 
    "citing_paper_authors": "Kepa, Bengoetxea | Koldo, Gojenola", 
    "raw_text": "Carreras (2007) and Titov and Henderson (2007) obtained the second and third positions, respectively", 
    "clean_text": "", 
    "keep_for_gold": 0
  }, 
  {
    "citance_No": 4, 
    "citing_paper_id": "W10-1404", 
    "citing_paper_authority": 5, 
    "citing_paper_authors": "Kepa, Bengoetxea | Koldo, Gojenola", 
    "raw_text": "System LAS Nivre et al 2007b (MaltParser, combined) 76.94% Carreras, 2007 75.75% Titov and Henderson, 2007 75.49% C o N L L 07 Hall et al, 2007 (MaltParser (single parser) +pseudoprojective transformation) 74.99% BDT I MaltParser (single parser) 74.52% BDT I size 74.83% BDT II MaltParser (single parser) Baseline 77.08% Table 1", 
    "clean_text": "", 
    "keep_for_gold": 0
  }, 
  {
    "citance_No": 5, 
    "citing_paper_id": "D08-1059", 
    "citing_paper_authority": 69, 
    "citing_paper_authors": "Yue, Zhang | Stephen, Clark", 
    "raw_text": "Following Duan et al (2007), we 1A recent paper, Koo et al (2008) reported parent-prediction accuracy of 92.0% using a graph-based parser with a different (larger) set of features (Carreras, 2007)", 
    "clean_text": "", 
    "keep_for_gold": 0
  }, 
  {
    "citance_No": 6, 
    "citing_paper_id": "W09-1218", 
    "citing_paper_authority": 0, 
    "citing_paper_authors": "Yotaro, Watanabe | Masayuki, Asahara | Yuji, Matsumoto", 
    "raw_text": "To reap the benefits of these advances ,weuse a higher-order projective dependency parsing algorithm (Carreras, 2007) which is an extension of the span-based parsing algorithm (Eisner, 1996), for syntactic dependency parsing", 
    "clean_text": "To reap the benefits of these advances, we use a higher-order projective dependency parsing algorithm (Carreras, 2007) which is an extension of the span-based parsing algorithm (Eisner, 1996), for syntactic dependency parsing.", 
    "keep_for_gold": 0
  }, 
  {
    "citance_No": 7, 
    "citing_paper_id": "W09-1218", 
    "citing_paper_authority": 0, 
    "citing_paper_authors": "Yotaro, Watanabe | Masayuki, Asahara | Yuji, Matsumoto", 
    "raw_text": "For more details of the second-order parsing algorithm, see (Carreras, 2007) .For parser training, we use the Passive Aggressive Algorithm (Crammer et al, 2006), which is an approximate max-margin variant of the perceptronalgorithm", 
    "clean_text": "For more details of the second-order parsing algorithm, see (Carreras, 2007).", 
    "keep_for_gold": 0
  }, 
  {
    "citance_No": 8, 
    "citing_paper_id": "C10-1011", 
    "citing_paper_authority": 68, 
    "citing_paper_authors": "Bernd, Bohnet", 
    "raw_text": "We employ, as a basis for our parser, the second order maximum spanning tree dependency parsing algorithm of Carreras (2007)", 
    "clean_text": "We employ, as a basis for our parser, the second order maximum spanning tree dependency parsing algorithm of Carreras (2007).", 
    "keep_for_gold": 0
  }, 
  {
    "citance_No": 9, 
    "citing_paper_id": "C10-1011", 
    "citing_paper_authority": 68, 
    "citing_paper_authors": "Bernd, Bohnet", 
    "raw_text": "The second order algorithm of Carreras (2007) uses in addition to McDonald and Pereira (2006) the child of the dependent occurring in the sentence between the head and the dependent, and the an edge to a grandchild", 
    "clean_text": "The second order algorithm of Carreras (2007) uses in addition to McDonald and Pereira (2006) the child of the dependent occurring in the sentence between the head and the dependent, and the an edge to a grandchild.", 
    "keep_for_gold": 1
  }, 
  {
    "citance_No": 10, 
    "citing_paper_id": "C10-1011", 
    "citing_paper_authority": 68, 
    "citing_paper_authors": "Bernd, Bohnet", 
    "raw_text": "Johansson and Nugues (2008) reported training times of 2.4 days for English with the high-order parsing algorithm of Carreras (2007)", 
    "clean_text": "Johansson and Nugues (2008) reported training times of 2.4 days for English with the high-order parsing algorithm of Carreras (2007).", 
    "keep_for_gold": 0
  }, 
  {
    "citance_No": 11, 
    "citing_paper_id": "C10-1011", 
    "citing_paper_authority": 68, 
    "citing_paper_authors": "Bernd, Bohnet", 
    "raw_text": "It consists of the second order parsing algorithm of Carreras (2007), the non-projective approximation algorithm (McDonald and Pereira, 2006), the passive aggressive support vector machine, and a feature extraction component", 
    "clean_text": "It consists of the second order parsing algorithm of Carreras (2007), the non-projective approximation algorithm (McDonald and Pereira, 2006), the passive aggressive support vector machine, and a feature extraction component.", 
    "keep_for_gold": 0
  }, 
  {
    "citance_No": 12, 
    "citing_paper_id": "C10-2129", 
    "citing_paper_authority": 1, 
    "citing_paper_authors": "Wolfgang, Seeker | Bernd, Bohnet | Lilja, &Oslash;vrelid | Jonas, Kuhn", 
    "raw_text": "The second order algorithm of Carreras (2007) uses in addition to McDonaldand Pereira (2006) the child of the dependent occurring in the sentence between the head and the dependent as well as the edge from the dependents to a grandchild", 
    "clean_text": "The second order algorithm of Carreras (2007) uses in addition to McDonaldand Pereira (2006) the child of the dependent occurring in the sentence between the head and the dependent as well as the edge from the dependents to a grandchild.", 
    "keep_for_gold": 0
  }, 
  {
    "citance_No": 13, 
    "citing_paper_id": "C10-3009", 
    "citing_paper_authority": 7, 
    "citing_paper_authors": "Anders, Bj&ouml;rkelund | Bernd, Bohnet | Love, Hafdell | Pierre, Nugues", 
    "raw_text": "The dependency parser is based on Carreras ?salgorithm (Carreras, 2007) and second order spanning trees", 
    "clean_text": "The dependency parser is based on Carreras's algorithm (Carreras, 2007) and second order spanning trees.", 
    "keep_for_gold": 0
  }, 
  {
    "citance_No": 14, 
    "citing_paper_id": "C10-3009", 
    "citing_paper_authority": 7, 
    "citing_paper_authors": "Anders, Bj&ouml;rkelund | Bernd, Bohnet | Love, Hafdell | Pierre, Nugues", 
    "raw_text": "The dependency parser of this demonstration isa further development of Carreras (2007) and Johansson and Nugues (2008)", 
    "clean_text": "", 
    "keep_for_gold": 0
  }, 
  {
    "citance_No": 15, 
    "citing_paper_id": "E12-1009", 
    "citing_paper_authority": 13, 
    "citing_paper_authors": "Bernd, Bohnet | Jonas, Kuhn", 
    "raw_text": "Carreras (2007) introduced the left-most and right-most grandchild as factors", 
    "clean_text": "Carreras (2007) introduced the left-most and right-most grandchild as factors.", 
    "keep_for_gold": 1
  }, 
  {
    "citance_No": 16, 
    "citing_paper_id": "E12-1009", 
    "citing_paper_authority": 13, 
    "citing_paper_authors": "Bernd, Bohnet | Jonas, Kuhn", 
    "raw_text": "We use the factor model of Carreras (2007) as starting point for our experiments, cf. Section 4", 
    "clean_text": "We use the factor model of Carreras (2007) as starting point for our experiments, cf. Section 4.", 
    "keep_for_gold": 0
  }, 
  {
    "citance_No": 17, 
    "citing_paper_id": "E12-1009", 
    "citing_paper_authority": 13, 
    "citing_paper_authors": "Bernd, Bohnet | Jonas, Kuhn", 
    "raw_text": "We extend Carreras (2007) graph based model with factors involving three edges similar to that of Koo and Collins (2010)", 
    "clean_text": "We extend Carreras (2007) graph based model with factors involving three edges similar to that of Koo and Collins (2010).", 
    "keep_for_gold": 0
  }, 
  {
    "citance_No": 18, 
    "citing_paper_id": "E12-1009", 
    "citing_paper_authority": 13, 
    "citing_paper_authors": "Bernd, Bohnet | Jonas, Kuhn", 
    "raw_text": "We start with the model introduced by Carreras (2007)", 
    "clean_text": "We start with the model introduced by Carreras (2007).", 
    "keep_for_gold": 0
  }, 
  {
    "citance_No": 19, 
    "citing_paper_id": "E12-1009", 
    "citing_paper_authority": 13, 
    "citing_paper_authors": "Bernd, Bohnet | Jonas, Kuhn", 
    "raw_text": "Second order factors of Carreras (2007)", 
    "clean_text": "Second order factors of Carreras (2007).", 
    "keep_for_gold": 0
  }, 
  {
    "citance_No": 20, 
    "citing_paper_id": "P08-1068", 
    "citing_paper_authority": 112, 
    "citing_paper_authors": "Terry, Koo | Xavier, Carreras | Michael John, Collins", 
    "raw_text": "The feature sets we used are similar to other feature sets in the literature (McDonald et al, 2005a; Carreras, 2007), so we will not attempt to give a exhaustive description of the features in this section", 
    "clean_text": "", 
    "keep_for_gold": 0
  }
]
