[
  {
    "citance_No": 1, 
    "citing_paper_id": "P14-3001", 
    "citing_paper_authority": 0, 
    "citing_paper_authors": "Daniel Emilio, Beck", 
    "raw_text": "A previous work that used structured kernels in Sentiment Analysis is the approach of Wu et al (2009)", 
    "clean_text": "A previous work that used structured kernels in Sentiment Analysis is the approach of Wu et al (2009).", 
    "keep_for_gold": 0
  }, 
  {
    "citance_No": 2, 
    "citing_paper_id": "P14-3001", 
    "citing_paper_authority": 0, 
    "citing_paper_authors": "Daniel Emilio, Beck", 
    "raw_text": "The results showed by Wu et al (2009) suggest that tree kernels on dependency trees are a good approach but we also plan to employ string kernels on this task", 
    "clean_text": "The results showed by Wu et al (2009) suggest that tree kernels on dependency trees are a good approach but we also plan to employ string kernels on this task.", 
    "keep_for_gold": 0
  }, 
  {
    "citance_No": 3, 
    "citing_paper_id": "P11-1150", 
    "citing_paper_authority": 6, 
    "citing_paper_authors": "Jianxing, Yu | Zheng-Jun, Zha | Meng, Wang | Tat-Seng, Chua", 
    "raw_text": "We compared our aspect identification approach against two baselines: a) the method proposed byHu and Liu (2004), which was based on the association rule mining, and b) the method proposed by Wu et al (2009), which was based on a dependency parser", 
    "clean_text": "We compared our aspect identification approach against two baselines: a) the method proposed by Hu and Liu (2004), which was based on the association rule mining, and b) the method proposed by Wu et al (2009), which was based on a dependency parser.", 
    "keep_for_gold": 0
  }, 
  {
    "citance_No": 4, 
    "citing_paper_id": "P11-1150", 
    "citing_paper_authority": 6, 
    "citing_paper_authors": "Jianxing, Yu | Zheng-Jun, Zha | Meng, Wang | Tat-Seng, Chua", 
    "raw_text": "Afterwards, Wu et al (2009) utilized the dependency parser to extract the noun phrases and verb phrases from the reviews as the aspect candidates", 
    "clean_text": "Afterwards, Wu et al (2009) utilized the dependency parser to extract the noun phrases and verb phrases from the reviews as the aspect candidates.", 
    "keep_for_gold": 1
  }, 
  {
    "citance_No": 5, 
    "citing_paper_id": "D11-1044", 
    "citing_paper_authority": 2, 
    "citing_paper_authors": "Kevin, Gimpel | Noah A., Smith", 
    "raw_text": "= phrase-based,?= QPDG) Table 1: Keynotation.have recently been used by Wu et al (2009) for feature extraction for opinion mining", 
    "clean_text": "Phrase dependency grammars have recently been used by Wu et al (2009) for feature extraction for opinion mining.", 
    "keep_for_gold": 0
  }, 
  {
    "citance_No": 6, 
    "citing_paper_id": "D11-1044", 
    "citing_paper_authority": 2, 
    "citing_paper_authors": "Kevin, Gimpel | Noah A., Smith", 
    "raw_text": "Given a set of extracted3For a monolingual task, Wu et al (2009) used a shallow parser to convert lexical dependencies from a dependency parser into phrase dependencies", 
    "clean_text": "For a monolingual task, Wu et al (2009) used a shallow parser to convert lexical dependencies from a dependency parser into phrase dependencies.", 
    "keep_for_gold": 1
  }, 
  {
    "citance_No": 7, 
    "citing_paper_id": "D11-1013", 
    "citing_paper_authority": 2, 
    "citing_paper_authors": "Jianxing, Yu | Zheng-Jun, Zha | Meng, Wang | Kai, Wang | Tat-Seng, Chua", 
    "raw_text": "We compared our approach against two state-of-the art methods: a) the method proposed by Hu and Liu (2004), which is based on the association rule mining, and b) the method proposed by Wu et al (2009), which is based on the dependency parser", 
    "clean_text": "We compared our approach against two state-of-the art methods: a) the method proposed by Hu and Liu (2004), which is based on the association rule mining, and b) the method proposed by Wu et al (2009), which is based on the dependency parser.", 
    "keep_for_gold": 0
  }, 
  {
    "citance_No": 8, 
    "citing_paper_id": "D11-1013", 
    "citing_paper_authority": 2, 
    "citing_paper_authors": "Jianxing, Yu | Zheng-Jun, Zha | Meng, Wang | Kai, Wang | Tat-Seng, Chua", 
    "raw_text": "For example, Wu et al (2009) identified aspects based on the features explored by dependency parser. For implicit aspect identification, some works pro posed to define rules for identification (Liu el al.,2005), while others suggested to automatically generate rules via mutual clustering (Su et al, 2008)", 
    "clean_text": "For example, Wu et al (2009) identified aspects based on the features explored by dependency parser.", 
    "keep_for_gold": 0
  }, 
  {
    "citance_No": 9, 
    "citing_paper_id": "D10-1006", 
    "citing_paper_authority": 17, 
    "citing_paper_authors": "Xin, Zhao | Jing, Jiang | Hong, Yan | Xiaoming, Li", 
    "raw_text": "A wide spectrum of tasks have been studied under review mining, ranging from coarse-grained document-level polarity classification (Pang et al,2002) to fine-grained extraction of opinion expressions and their targets (Wu et al, 2009)", 
    "clean_text": "A wide spectrum of tasks have been studied under review mining, ranging from coarse-grained document-level polarity classification (Pang et al,2002) to fine-grained extraction of opinion expressions and their targets (Wu et al, 2009).", 
    "keep_for_gold": 0
  }, 
  {
    "citance_No": 10, 
    "citing_paper_id": "D10-1006", 
    "citing_paper_authority": 17, 
    "citing_paper_authors": "Xin, Zhao | Jing, Jiang | Hong, Yan | Xiaoming, Li", 
    "raw_text": "Jin and Ho (2009), Jin et al (2009) and Wu et al (2009) used super vised learning that requires hand-labeled training sentences to identify both aspects and opinions", 
    "clean_text": "", 
    "keep_for_gold": 0
  }, 
  {
    "citance_No": 11, 
    "citing_paper_id": "D10-1006", 
    "citing_paper_authority": 17, 
    "citing_paper_authors": "Xin, Zhao | Jing, Jiang | Hong, Yan | Xiaoming, Li", 
    "raw_text": "For MaxEnt training, we tried three labeled data sets: one that was taken from the restaurant data set and manually annotated by us3, and two from the annotated data set used in (Wuetal., 2009)", 
    "clean_text": "For MaxEnt training, we tried three labeled data sets: one that was taken from the restaurant data set and manually annotated by us, and two from the annotated data set used in (Wu et al., 2009).", 
    "keep_for_gold": 0
  }, 
  {
    "citance_No": 12, 
    "citing_paper_id": "D10-1006", 
    "citing_paper_authority": 17, 
    "citing_paper_authors": "Xin, Zhao | Jing, Jiang | Hong, Yan | Xiaoming, Li", 
    "raw_text": "quite different training data sets, one from the cell phone domain and the other from the DVD player domain, both used in (Wu et al, 2009) .We consider two feature sets defined in Section 6.1 for domain adaption, namely B and C. The results are shown in Table 13 and Table 14", 
    "clean_text": "To test this hypothesis, we tried two quite different training data sets, one from the cell phone domain and the other from the DVD player domain, both used in (Wu et al, 2009).", 
    "keep_for_gold": 0
  }, 
  {
    "citance_No": 13, 
    "citing_paper_id": "P14-1032", 
    "citing_paper_authority": 0, 
    "citing_paper_authors": "Liheng, Xu | Kang, Liu | Siwei, Lai | Jun, Zhao", 
    "raw_text": "Wu et al (2009) proposed a phrase level dependency parsing for mining aspects and features of products. As discussed in the first section, syntactic patterns often suffer from data sparsity", 
    "clean_text": "Wu et al (2009) proposed a phrase level dependency parsing for mining aspects and features of products.", 
    "keep_for_gold": 0
  }, 
  {
    "citance_No": 14, 
    "citing_paper_id": "P14-1033", 
    "citing_paper_authority": 0, 
    "citing_paper_authors": "Zhiyuan, Chen | Arjun, Mukherjee | Bing, Liu", 
    "raw_text": "Aspect extraction has been studied by many re searchers in sentiment analysis (Liu, 2012, Pang and Lee, 2008) ,e.g., using supervised sequence labeling or classification (Choi and Cardie, 2010, Jakob and Gurevych, 2010, Kobayashi et al, 2007, Li et al, 2010, Yang and Cardie, 2013) and using word frequency and syntactic patterns (Hu and Liu, 2004, Ku et al, 2006, Liu et al, 2013, Popescu and Etzioni, 2005, Qiu et al, 2011, Somasundaran and Wiebe, 2009, Wu et al, 2009, Xu et al, 2013, Yu et al, 2011, Zhao et al, 2012, Zhou et al, 2013, Zhuang et al, 2006)", 
    "clean_text": "", 
    "keep_for_gold": 0
  }, 
  {
    "citance_No": 15, 
    "citing_paper_id": "P13-1173", 
    "citing_paper_authority": 6, 
    "citing_paper_authors": "Liheng, Xu | Kang, Liu | Siwei, Lai | Yubo, Chen | Jun, Zhao", 
    "raw_text": "In supervised approaches, various kinds of models were applied, such as HMM (Jin and Ho, 2009), SVM (Wu et al, 2009) and CRFs (Li et al, 2010)", 
    "clean_text": "In supervised approaches, various kinds of models were applied, such as HMM (Jin and Ho, 2009), SVM (Wu et al, 2009) and CRFs (Li et al, 2010).", 
    "keep_for_gold": 0
  }, 
  {
    "citance_No": 16, 
    "citing_paper_id": "P14-1030", 
    "citing_paper_authority": 0, 
    "citing_paper_authors": "Kang, Liu | Liheng, Xu | Jun, Zhao", 
    "raw_text": "They regarded it as a sequence labeling task, where several classical mod els were used, such as CRFs (Li et al, 2010) and SVM (Wu et al, 2009)", 
    "clean_text": "They regarded it as a sequence labeling task, where several classical models were used, such as CRFs (Li et al, 2010) and SVM (Wu et al, 2009).", 
    "keep_for_gold": 0
  }
]
