[
  {
    "citance_No": 1, 
    "citing_paper_id": "P03-1040", 
    "citing_paper_authority": 14, 
    "citing_paper_authors": "Philipp, Koehn | Kevin, Knight", 
    "raw_text": "We integrate both empirical and symbolic knowledge sources as features into our system which outperforms the best known methods in statistical machine translation. Previous work on defining subtasks within statistical machine translation has been performed on ,e.g., noun-noun pair (Cao and Li, 2002) and named entity translation (Al-Onaizan and Knight, 2002)", 
    "clean_text": "We integrate both empirical and symbolic knowledge sources as features into our system which outperforms the best known methods in statistical machine translation. Previous work on defining subtasks within statistical machine translation has been performed on ,e.g., noun-noun pair (Cao and Li, 2002) and named entity translation (Al-Onaizan and Knight, 2002).", 
    "keep_for_gold": 0
  }, 
  {
    "citance_No": 2, 
    "citing_paper_id": "P13-1040", 
    "citing_paper_authority": 0, 
    "citing_paper_authors": "Ahmet, Aker | Monica, Paramita | Robert J., Gaizauskas", 
    "raw_text": "(2007), Cao and Li (2002) and Ismail and Manandhar (2010) the context of text units is used to identify term mappings", 
    "clean_text": "Cao and Li (2002) and Ismail and Manandhar (2010) the context of text units is used to identify term mappings.", 
    "keep_for_gold": 0
  }, 
  {
    "citance_No": 3, 
    "citing_paper_id": "P13-1040", 
    "citing_paper_authority": 0, 
    "citing_paper_authors": "Ahmet, Aker | Monica, Paramita | Robert J., Gaizauskas", 
    "raw_text": "So far as we are aware, only Cao and Li (2002), who treat only base noun phrase (NP) mapping, consider the problem this way", 
    "clean_text": "So far as we are aware, only Cao and Li (2002), who treat only base noun phrase (NP) mapping, consider the problem this way.", 
    "keep_for_gold": 0
  }, 
  {
    "citance_No": 4, 
    "citing_paper_id": "P13-1040", 
    "citing_paper_authority": 0, 
    "citing_paper_authors": "Ahmet, Aker | Monica, Paramita | Robert J., Gaizauskas", 
    "raw_text": "Our work differs from that of Cao and Li (2002) in several ways. First they consider only terms consisting of noun noun pairs", 
    "clean_text": "Our work differs from that of Cao and Li (2002) in several ways. First they consider only terms consisting of noun noun pairs.", 
    "keep_for_gold": 0
  }, 
  {
    "citance_No": 5, 
    "citing_paper_id": "W11-1206", 
    "citing_paper_authority": 1, 
    "citing_paper_authors": "Amir, Hazem | Emmanuel, Morin | Sebastian, Pe&ntilde;a Saldarriaga", 
    "raw_text": "Cao and Li (2002) have achieved 91% accuracy for the top three candidates using the Web as a comparable corpus", 
    "clean_text": "Cao and Li (2002) have achieved 91% accuracy for the top three candidates using the Web as a comparable corpus.", 
    "keep_for_gold": 0
  }, 
  {
    "citance_No": 6, 
    "citing_paper_id": "C04-1149", 
    "citing_paper_authority": 1, 
    "citing_paper_authors": "Takehito, Utsuro | Kohei, Hino | Mitsuhiro, Kida | Seiichi, Nakagawa | Satoshi, Sato", 
    "raw_text": "Cao and Li (2002) restricted candidate bilingual compound term pairs by consulting a seed bilingual lexicon and requiring their constituent words to be translation of each other across languages", 
    "clean_text": "Cao and Li (2002) restricted candidate bilingual compound term pairs by consulting a seed bilingual lexicon and requiring their constituent words to be translation of each other across languages.", 
    "keep_for_gold": 0
  }, 
  {
    "citance_No": 7, 
    "citing_paper_id": "C04-1149", 
    "citing_paper_authority": 1, 
    "citing_paper_authors": "Takehito, Utsuro | Kohei, Hino | Mitsuhiro, Kida | Seiichi, Nakagawa | Satoshi, Sato", 
    "raw_text": "On the other hand, in the framework of bilingual term correspondences estimation of this paper, the computational complexity of enumerating translation candidates can be easily avoided with the help of cross-language retrieval of relevant news texts. Furthermore, unlike Cao and Li (2002) ,bilingual term correspondences for compound terms are not restricted to compositional translation", 
    "clean_text": "On the other hand, in the framework of bilingual term correspondences estimation of this paper, the computational complexity of enumerating translation candidates can be easily avoided with the help of cross-language retrieval of relevant news texts. Furthermore, unlike Cao and Li (2002), bilingual term correspondences for compound terms are not restricted to compositional translation.", 
    "keep_for_gold": 0
  }, 
  {
    "citance_No": 8, 
    "citing_paper_id": "W06-1703", 
    "citing_paper_authority": 1, 
    "citing_paper_authors": "Masatsugu, Tonoike | Mitsuhiro, Kida | Toshihiro, Takagi | Yasuhiro, Sasaki | Takehito, Utsuro | Satoshi, Sato", 
    "raw_text": "In the first approach, translation candidates are validated through the search engine (Cao and Li, 2002)", 
    "clean_text": "In the first approach, translation candidates are validated through the search engine (Cao and Li, 2002).", 
    "keep_for_gold": 0
  }, 
  {
    "citance_No": 9, 
    "citing_paper_id": "W06-1703", 
    "citing_paper_authority": 1, 
    "citing_paper_authors": "Masatsugu, Tonoike | Mitsuhiro, Kida | Toshihiro, Takagi | Yasuhiro, Sasaki | Takehito, Utsuro | Satoshi, Sato", 
    "raw_text": "The scoring function? I? is intended to evaluate the approach proposed in (Cao and Li, 2002)", 
    "clean_text": "The scoring function? I is intended to evaluate the approach proposed in (Cao and Li, 2002).", 
    "keep_for_gold": 0
  }, 
  {
    "citance_No": 10, 
    "citing_paper_id": "W06-1703", 
    "citing_paper_authority": 1, 
    "citing_paper_authors": "Masatsugu, Tonoike | Mitsuhiro, Kida | Toshihiro, Takagi | Yasuhiro, Sasaki | Takehito, Utsuro | Satoshi, Sato", 
    "raw_text": "(Cao and Li, 2002) also proposed a method of compositional translation estimation for com pounds", 
    "clean_text": "(Cao and Li, 2002) also proposed a method of compositional translation estimation for compounds.", 
    "keep_for_gold": 0
  }, 
  {
    "citance_No": 11, 
    "citing_paper_id": "W06-1703", 
    "citing_paper_authority": 1, 
    "citing_paper_authors": "Masatsugu, Tonoike | Mitsuhiro, Kida | Toshihiro, Takagi | Yasuhiro, Sasaki | Takehito, Utsuro | Satoshi, Sato", 
    "raw_text": "In the method of (Cao and Li, 2002), the translation candidates of a term are composition ally generated by concatenating the translation of the constituents of the term and are validated directly through the search engine", 
    "clean_text": "In the method of (Cao and Li, 2002), the translation candidates of a term are composition ally generated by concatenating the translation of the constituents of the term and are validated directly through the search engine.", 
    "keep_for_gold": 0
  }, 
  {
    "citance_No": 12, 
    "citing_paper_id": "W06-1703", 
    "citing_paper_authority": 1, 
    "citing_paper_authors": "Masatsugu, Tonoike | Mitsuhiro, Kida | Toshihiro, Takagi | Yasuhiro, Sasaki | Takehito, Utsuro | Satoshi, Sato", 
    "raw_text": "In this paper, we evaluate the approach proposed in (Cao and Li, 2002) by introducing a total scoring function 17 that is based on validating translation candidates directly through the search engine", 
    "clean_text": "In this paper, we evaluate the approach proposed in (Cao and Li, 2002) by introducing a total scoring function 17 that is based on validating translation candidates directly through the search engine.", 
    "keep_for_gold": 0
  }, 
  {
    "citance_No": 13, 
    "citing_paper_id": "I05-2020", 
    "citing_paper_authority": 1, 
    "citing_paper_authors": "Masatsugu, Tonoike | Mitsuhiro, Kida | Toshihiro, Takagi | Yasuhiro, Sasaki | Takehito, Utsuro | Satoshi, Sato", 
    "raw_text": "An other important difference is that in (FujiiandIshikawa, 2001), they evaluate only the performance of cross-language information retrieval but not that of translation estimation. (Cao and Li, 2002) proposed a method of com positional translation estimation for compounds", 
    "clean_text": "Another important difference is that in (Fujii and Ishikawa, 2001), they evaluate only the performance of cross-language information retrieval but not that of translation estimation. (Cao and Li, 2002) proposed a method of compositional translation estimation for compounds.", 
    "keep_for_gold": 0
  }, 
  {
    "citance_No": 14, 
    "citing_paper_id": "I05-2020", 
    "citing_paper_authority": 1, 
    "citing_paper_authors": "Masatsugu, Tonoike | Mitsuhiro, Kida | Toshihiro, Takagi | Yasuhiro, Sasaki | Takehito, Utsuro | Satoshi, Sato", 
    "raw_text": "In the proposed method of (Cao and Li, 2002), translation candidates of a term are composition ally generated by concatenating the translation of the constituents of the term and are re-ranked by measuring contextual similarity against the source language term", 
    "clean_text": "In the proposed method of (Cao and Li, 2002), translation candidates of a term are compositionally generated by concatenating the translation of the constituents of the term and are re-ranked by measuring contextual similarity against the source language term.", 
    "keep_for_gold": 1
  }, 
  {
    "citance_No": 15, 
    "citing_paper_id": "I05-2020", 
    "citing_paper_authority": 1, 
    "citing_paper_authors": "Masatsugu, Tonoike | Mitsuhiro, Kida | Toshihiro, Takagi | Yasuhiro, Sasaki | Takehito, Utsuro | Satoshi, Sato", 
    "raw_text": "One of the major differences of the technique of (Cao and Li, 2002) and the one proposed in this paper is that in (Cao and Li, 2002), they do not use the domain/topic specific corpus", 
    "clean_text": "One of the major differences of the technique of (Cao and Li, 2002) and the one proposed in this paper is that in (Cao and Li, 2002), they do not use the domain/topic specific corpus.", 
    "keep_for_gold": 0
  }, 
  {
    "citance_No": 16, 
    "citing_paper_id": "P05-3010", 
    "citing_paper_authority": 2, 
    "citing_paper_authors": "Jian-Cheng, Wu | Tracy, Lin | Jason S., Chang", 
    "raw_text": "Cao and Li (2002) propose a new method to translate base noun phrases", 
    "clean_text": "Cao and Li (2002) propose a new method to translate base noun phrases.", 
    "keep_for_gold": 0
  }, 
  {
    "citance_No": 17, 
    "citing_paper_id": "P04-1022", 
    "citing_paper_authority": 1, 
    "citing_paper_authors": "Yajuan, L&uuml; | Ming, Zhou", 
    "raw_text": "(Cao and Li, 2002) acquire noun phrase translations by making use of web data", 
    "clean_text": "(Cao and Li, 2002) acquire noun phrase translations by making use of web data.", 
    "keep_for_gold": 0
  }, 
  {
    "citance_No": 18, 
    "citing_paper_id": "D07-1106", 
    "citing_paper_authority": 5, 
    "citing_paper_authors": "Jian-Cheng, Wu | Jason S., Chang", 
    "raw_text": "Cao and Li (2002) described a new method for base noun phrase translation by using Web data", 
    "clean_text": "Cao and Li (2002) described a new method for base noun phrase translation by using Web data.", 
    "keep_for_gold": 0
  }, 
  {
    "citance_No": 19, 
    "citing_paper_id": "W04-0404", 
    "citing_paper_authority": 10, 
    "citing_paper_authors": "Timothy, Baldwin | Takaaki, Tanaka", 
    "raw_text": "We translate NN compounds by way of a two-phase procedure, incorporating generation and selection (similarly to Cao and Li (2002) and Langkilde and Knight (1998))", 
    "clean_text": "We translate NN compounds by way of a two-phase procedure, incorporating generation and selection (similarly to Cao and Li (2002) and Langkilde and Knight (1998)).", 
    "keep_for_gold": 0
  }, 
  {
    "citance_No": 20, 
    "citing_paper_id": "W04-0404", 
    "citing_paper_authority": 10, 
    "citing_paper_authors": "Timothy, Baldwin | Takaaki, Tanaka", 
    "raw_text": "One piece of research relatively closely related to our method is that of Cao and Li (2002), who use bilingual bootstrapping over Chinese and English web data in various forms to translate Chinese NNcompounds into English", 
    "clean_text": "One piece of research relatively closely related to our method is that of Cao and Li (2002), who use bilingual bootstrapping over Chinese and English web data in various forms to translate Chinese NN compounds into English.", 
    "keep_for_gold": 0
  }
]
