[
  {
    "citance_No": 1, 
    "citing_paper_id": "W01-1408", 
    "citing_paper_authority": 18, 
    "citing_paper_authors": "Franz Josef, Och | Nicola, Ueffing | Hermann, Ney", 
    "raw_text": "First, it has been shown that Model 4 produces a very good alignment quality in comparison to various other alignment models (Och and Ney, 2000b)", 
    "clean_text": "First, it has been shown that Model 4 produces a very good alignment quality in comparison to various other alignment models (Och and Ney, 2000b).", 
    "keep_for_gold": 0
  }, 
  {
    "citance_No": 2, 
    "citing_paper_id": "C04-1031", 
    "citing_paper_authority": 3, 
    "citing_paper_authors": "J&ouml;rg, Tiedemann", 
    "raw_text": "Another alignment strategy is a refined combination of link sets (L? R={ L? D? L? I}?{ LR1, ..., L R r}) as suggested by (Och and Ney, 2000b)", 
    "clean_text": "", 
    "keep_for_gold": 0
  }, 
  {
    "citance_No": 3, 
    "citing_paper_id": "C04-1031", 
    "citing_paper_authority": 3, 
    "citing_paper_authors": "J&ouml;rg, Tiedemann", 
    "raw_text": "Alternative measures for the evaluation of one-to-one word links have been proposed in (Och and Ney, 2000a; Och and Ney, 2003)", 
    "clean_text": "Alternative measures for the evaluation of one-to-one word links have been proposed in (Och and Ney, 2000a; Och and Ney, 2003).", 
    "keep_for_gold": 0
  }, 
  {
    "citance_No": 4, 
    "citing_paper_id": "C04-1031", 
    "citing_paper_authority": 3, 
    "citing_paper_authors": "J&ouml;rg, Tiedemann", 
    "raw_text": "Our gold standards include random samples from the corpus instead (Ahrenberg et al, 2000) .Furthermore, we do not split MWU links as pro posed by (Och and Ney, 2000a)", 
    "clean_text": "Furthermore, we do not split MWU links as proposed by (Och and Ney, 2000a).", 
    "keep_for_gold": 0
  }, 
  {
    "citance_No": 5, 
    "citing_paper_id": "W03-0611", 
    "citing_paper_authority": 2, 
    "citing_paper_authors": "Ehud, Reiter | Somayajulu G., Sripada", 
    "raw_text": "As in other uses of parallel corpora, good alignment is essential in order for the results to be meaningful (Och and Ney, 2000)", 
    "clean_text": "As in other uses of parallel corpora, good alignment is essential in order for the results to be meaningful (Och and Ney, 2000).", 
    "keep_for_gold": 0
  }, 
  {
    "citance_No": 6, 
    "citing_paper_id": "W03-0611", 
    "citing_paper_authority": 2, 
    "citing_paper_authors": "Ehud, Reiter | Somayajulu G., Sripada", 
    "raw_text": "Clearly we would benefit from better matching and alignment techniques, and we wonder if perhaps some of the alignment techniques used for parallel multi-lingual corpora (Och and Ney, 2000) could be adapted to help align our text-data corpora", 
    "clean_text": "Clearly we would benefit from better matching and alignment techniques, and we wonder if perhaps some of the alignment techniques used for parallel multi-lingual corpora (Och and Ney, 2000) could be adapted to help align our text-data corpora.", 
    "keep_for_gold": 0
  }, 
  {
    "citance_No": 7, 
    "citing_paper_id": "W02-1405", 
    "citing_paper_authority": 1, 
    "citing_paper_authors": "Philippe, Langlais", 
    "raw_text": "We know that better alignment models have been proposed and extensively compared (Och and Ney, 2000)", 
    "clean_text": "We know that better alignment models have been proposed and extensively compared (Och and Ney, 2000).", 
    "keep_for_gold": 0
  }, 
  {
    "citance_No": 8, 
    "citing_paper_id": "P04-1064", 
    "citing_paper_authority": 4, 
    "citing_paper_authors": "Cyril, Goutte | Kenji, Yamada | Eric, Gaussier", 
    "raw_text": "The data is from the Canadian Hansard, and reference alignments were originally produced by Franz Och and Hermann Ney (Och and Ney, 2000)", 
    "clean_text": "The data is from the Canadian Hansard, and reference alignments were originally produced by Franz Och and Hermann Ney (Och and Ney, 2000).", 
    "keep_for_gold": 0
  }, 
  {
    "citance_No": 9, 
    "citing_paper_id": "N07-1008", 
    "citing_paper_authority": 22, 
    "citing_paper_authors": "Abraham, Ittycheriah | Salim, Roukos", 
    "raw_text": "Recent statistical machine translation (SMT) algorithms generate such a translation by incorporating an inventory of bilingual phrases (OchandNey, 2000)", 
    "clean_text": "Recent statistical machine translation (SMT) algorithms generate such a translation by incorporating an inventory of bilingual phrases (Och and Ney, 2000).", 
    "keep_for_gold": 0
  }, 
  {
    "citance_No": 10, 
    "citing_paper_id": "W08-0319", 
    "citing_paper_authority": 4, 
    "citing_paper_authors": "Ond&#x159;ej, Bojar | Jan, Haji&#x10D;", 
    "raw_text": "Word alignment using GIZA++ toolkit (Och and Ney, 2000), the default configuration as available intraining scripts for Moses", 
    "clean_text": "Word alignment using GIZA++ toolkit (Och and Ney, 2000), the default configuration as available in training scripts for Moses.", 
    "keep_for_gold": 0
  }, 
  {
    "citance_No": 11, 
    "citing_paper_id": "W07-0711", 
    "citing_paper_authority": 15, 
    "citing_paper_authors": "Xiaodong, He", 
    "raw_text": "The classical approaches to word alignment are based on IBM models 1-5 (Brown et al, 1994) and the HMM based alignment model (Vogel et al, 1996) (Och and Ney, 2000a, 2000b), while recently discriminative approaches (Moore, 2006) and syntax based approaches (Zhang and Gildea, 2005) for word alignment are also studied", 
    "clean_text": "The classical approaches to word alignment are based on IBM models 1-5 (Brown et al, 1994) and the HMM based alignment model (Vogel et al, 1996) (Och and Ney, 2000a, 2000b), while recently discriminative approaches (Moore, 2006) and syntax based approaches (Zhang and Gildea, 2005) for word alignment are also studied.", 
    "keep_for_gold": 0
  }, 
  {
    "citance_No": 12, 
    "citing_paper_id": "W07-0711", 
    "citing_paper_authority": 15, 
    "citing_paper_authors": "Xiaodong, He", 
    "raw_text": "In this paper, we present improvements to the HMM based alignment model originally proposed by (Vogel et al., 1996, Och and Ney, 2000a)", 
    "clean_text": "In this paper, we present improvements to the HMM based alignment model originally proposed by (Vogel et al., 1996, Och and Ney, 2000a).", 
    "keep_for_gold": 0
  }, 
  {
    "citance_No": 13, 
    "citing_paper_id": "W07-0711", 
    "citing_paper_authority": 15, 
    "citing_paper_authors": "Xiaodong, He", 
    "raw_text": "In order to improve transition models in the HMM based alignment, Och and Ney (2000a) extended the transition models to be word-class dependent", 
    "clean_text": "In order to improve transition models in the HMM based alignment, Och and Ney (2000a) extended the transition models to be word-class dependent.", 
    "keep_for_gold": 1
  }, 
  {
    "citance_No": 14, 
    "citing_paper_id": "W07-0711", 
    "citing_paper_authority": 15, 
    "citing_paper_authors": "Xiaodong, He", 
    "raw_text": "In the next section we briefly review modeling of transition probabilities in a conventional HMM alignment model (Vogel et al, 1996, Och and Ney, 2000a)", 
    "clean_text": "In the next section we briefly review modeling of transition probabilities in a conventional HMM alignment model (Vogel et al, 1996, Och and Ney, 2000a).", 
    "keep_for_gold": 0
  }, 
  {
    "citance_No": 15, 
    "citing_paper_id": "W07-0711", 
    "citing_paper_authority": 15, 
    "citing_paper_authors": "Xiaodong, He", 
    "raw_text": "We briefly review the HMM based word alignment models (Vogel, 1996, Och and Ney, 2000a)", 
    "clean_text": "We briefly review the HMM based word alignment models (Vogel, 1996, Och and Ney, 2000a).", 
    "keep_for_gold": 0
  }, 
  {
    "citance_No": 16, 
    "citing_paper_id": "W07-0711", 
    "citing_paper_authority": 15, 
    "citing_paper_authors": "Xiaodong, He", 
    "raw_text": "In (Och and Ney, 2000a), the word null is introduced to generate the French words that don &apos; t align to any English words", 
    "clean_text": "In (Och and Ney, 2000a), the word null is introduced to generate the French words that don &apos; t align to any English words.", 
    "keep_for_gold": 0
  }, 
  {
    "citance_No": 17, 
    "citing_paper_id": "W07-0711", 
    "citing_paper_authority": 15, 
    "citing_paper_authors": "Xiaodong, He", 
    "raw_text": "Tests sentence pairs were manually aligned and were marked with both sure and possible alignments (Och and Ney 2000a)", 
    "clean_text": "Tests sentence pairs were manually aligned and were marked with both sure and possible alignments (Och and Ney 2000a).", 
    "keep_for_gold": 0
  }, 
  {
    "citance_No": 18, 
    "citing_paper_id": "W07-0711", 
    "citing_paper_authority": 15, 
    "citing_paper_authors": "Xiaodong, He", 
    "raw_text": "Using this annotation, we report the word alignment performance in terms of alignment error rate (AER) as defined by Och and Ney (2000a):||| |1|||| A S A PAER A S?+?=?+ (12) where S denotes the set of sure gold alignments, P denotes the set of possible gold alignments, Ade notes the set of alignments generated by the word alignment method under test", 
    "clean_text": "", 
    "keep_for_gold": 0
  }, 
  {
    "citance_No": 19, 
    "citing_paper_id": "W07-0711", 
    "citing_paper_authority": 15, 
    "citing_paper_authors": "Xiaodong, He", 
    "raw_text": "1 only presents AER results that are calculated after combination of word alignments of both E? F and F? E directions based on a set of heuristics proposed by Och and Ney (2000b)", 
    "clean_text": "only presents AER results that are calculated after combination of word alignments of both E F and F E directions based on a set of heuristics proposed by Och and Ney (2000b).", 
    "keep_for_gold": 0
  }, 
  {
    "citance_No": 20, 
    "citing_paper_id": "W07-0711", 
    "citing_paper_authority": 15, 
    "citing_paper_authors": "Xiaodong, He", 
    "raw_text": "Alignments of both directions are generated and then are combined by heuristic rules described in (Och and Ney 2000b)", 
    "clean_text": "Alignments of both directions are generated and then are combined by heuristic rules described in (Och and Ney 2000b).", 
    "keep_for_gold": 0
  }
]
