[
  {
    "citance_No": 1, 
    "citing_paper_id": "W01-0908", 
    "citing_paper_authority": 0, 
    "citing_paper_authors": "Yuval, Krymolowski", 
    "raw_text": "A statistical treatment of Question 1 is presented by Yeh (2000)", 
    "clean_text": "A statistical treatment of Question 1 is presented by Yeh (2000).", 
    "keep_for_gold": 0
  }, 
  {
    "citance_No": 2, 
    "citing_paper_id": "W01-0908", 
    "citing_paper_authority": 0, 
    "citing_paper_authors": "Yuval, Krymolowski", 
    "raw_text": "Section 4.4 and Section3.2 in (Yeh, 2000))", 
    "clean_text": "", 
    "keep_for_gold": 0
  }, 
  {
    "citance_No": 3, 
    "citing_paper_id": "P14-1067", 
    "citing_paper_authority": 3, 
    "citing_paper_authors": "Marco, Turchi | Antonios, Anastasopoulos | Jos\u00c3\u00a9 G., C. de Souza | Matteo, Negri", 
    "raw_text": "symbol are NOTstatistically significant compared to the corresponding batch model. The others are always statistically significant at p? 0.005, calculated with approximate randomization (Yeh, 2000) .advantage of test data with a label distribution similar to the training set", 
    "clean_text": "The others are always statistically significant at p? 0.005, calculated with approximate randomization (Yeh, 2000). advantage of test data with a label distribution similar to the training set.", 
    "keep_for_gold": 0
  }, 
  {
    "citance_No": 4, 
    "citing_paper_id": "D12-1039", 
    "citing_paper_authority": 15, 
    "citing_paper_authors": "Bo, Han | Paul, Cook | Timothy, Baldwin", 
    "raw_text": "The best F score and WER are obtained using the combination of all three dictionaries, HB-dict+GHM-dict+S-dict.Furthermore, the difference between the results using HB-dict+GHM-dict+S-dict and HB-dict+GHMdict is statistically significant (p &lt; 0.01), based on the computationally-intensive Monte Carlo method of Yeh (2000), demonstrating the contribution of Sdict", 
    "clean_text": "The best F score and WER are obtained using the combination of all three dictionaries, HB-dict+GHM-dict+S-dict. Furthermore, the difference between the results using HB-dict+GHM-dict+S-dict and HB-dict+GHMdict is statistically significant (p 0.01), based on the computationally-intensive Monte Carlo method of Yeh (2000), demonstrating the contribution of Sdict.", 
    "keep_for_gold": 0
  }, 
  {
    "citance_No": 5, 
    "citing_paper_id": "H05-1078", 
    "citing_paper_authority": 8, 
    "citing_paper_authors": "Paola, Merlo | Gabriele, Musillo", 
    "raw_text": "This leads us to conclude that the performance of the augmented model is not simply due to a larger vocabulary. We think that our tag-word pairs are effective because they are selected by a linguistically meaning7Significance was measured with the randomized significance test described in (Yeh, 2000)", 
    "clean_text": "We think that our tag-word pairs are effective because they are selected by a linguistically meaning Significance was measured with the randomized significance test described in (Yeh, 2000).", 
    "keep_for_gold": 0
  }, 
  {
    "citance_No": 6, 
    "citing_paper_id": "P07-1080", 
    "citing_paper_authority": 12, 
    "citing_paper_authors": "Ivan, Titov | James B., Henderson", 
    "raw_text": "The chosen words are then removed from the sentence and the model is recursively applied to the reduced sentence. Undirected graphical models, in particular Condi3We measured significance of all the experiments in this pa per with the randomized significance test (Yeh, 2000) .tional Random Fields, are the standard tools for shallow parsing (Sha and Pereira, 2003)", 
    "clean_text": "The chosen words are then removed from the sentence and the model is recursively applied to the reduced sentence. Undirected graphical models, in particular Condi 3 We measured significance of all the experiments in this paper with the randomized significance test (Yeh, 2000).", 
    "keep_for_gold": 0
  }, 
  {
    "citance_No": 7, 
    "citing_paper_id": "P07-1062", 
    "citing_paper_authority": 4, 
    "citing_paper_authors": "Seeger, Fisher | Brian, Roark", 
    "raw_text": "All statistical significance testing is done via the stratified shuffling test (Yeh, 2000)", 
    "clean_text": "All statistical significance testing is done via the stratified shuffling test (Yeh, 2000).", 
    "keep_for_gold": 0
  }, 
  {
    "citance_No": 8, 
    "citing_paper_id": "P07-1120", 
    "citing_paper_authority": 7, 
    "citing_paper_authors": "Kristy, Hollingshead | Brian, Roark", 
    "raw_text": "Table 5 shows a 0.4 percent F-score improvement over the baseline for that section, which is statistically significant at p &lt; 0.001, using the stratified shuffling test (Yeh, 2000)", 
    "clean_text": "Table 5 shows a 0.4 percent F-score improvement over the baseline for that section, which is statistically significant at p &lt; 0.001, using the stratified shuffling test (Yeh, 2000).", 
    "keep_for_gold": 0
  }, 
  {
    "citance_No": 9, 
    "citing_paper_id": "D11-1061", 
    "citing_paper_authority": 2, 
    "citing_paper_authors": "Fabio Massimo, Zanzotto | Marco, Pennaccchiotti | Kostas, Tsioutsiouliklis", 
    "raw_text": "The ROC curve allows us to study the behavior of the classifier in detail, and also provides a powerful way to compare among systems when the dataset is unbalanced (as in our case) .To determine the statistical significance of the difference in the performance of the systems we analyzed, we use the model described in (Yeh, 2000) as implemented in (Pado?, 2006)", 
    "clean_text": "To determine the statistical significance of the difference in the performance of the systems we analyzed, we use the model described in (Yeh, 2000) as implemented in (Pado, 2006).", 
    "keep_for_gold": 0
  }, 
  {
    "citance_No": 10, 
    "citing_paper_id": "W06-1666", 
    "citing_paper_authority": 7, 
    "citing_paper_authors": "Ivan, Titov | James B., Henderson", 
    "raw_text": "It is also interesting to note that the best result on the validation set for estimation 4We measured significance of all the experiments in this paper with the randomized significance test (Yeh, 2000)", 
    "clean_text": "It is also interesting to note that the best result on the validation set for estimation We measured significance of all the experiments in this paper with the randomized significance test (Yeh, 2000).", 
    "keep_for_gold": 0
  }, 
  {
    "citance_No": 11, 
    "citing_paper_id": "D10-1068", 
    "citing_paper_authority": 0, 
    "citing_paper_authors": "Rebecca, Dridan | Timothy, Baldwin", 
    "raw_text": "This 5All statistical significance tests in these experiments use the computationally-intensive randomisation test described in Yeh (2000), with p &lt; 0.05", 
    "clean_text": "All statistical significance tests in these experiments use the computationally-intensive randomisation test described in Yeh (2000), with p < 0.05.", 
    "keep_for_gold": 0
  }, 
  {
    "citance_No": 12, 
    "citing_paper_id": "W09-2506", 
    "citing_paper_authority": 7, 
    "citing_paper_authors": "Stefan, Thater | Georgiana, Dinu | Manfred, Pinkal", 
    "raw_text": "A stratified shuffling-based randomization test (Yeh, 2000) shows that the differences are statistically significant (p &lt; 0.05)", 
    "clean_text": "A stratified shuffling-based randomization test (Yeh, 2000) shows that the differences are statistically significant (p<0.05).", 
    "keep_for_gold": 0
  }, 
  {
    "citance_No": 13, 
    "citing_paper_id": "P06-1141", 
    "citing_paper_authority": 16, 
    "citing_paper_authors": "Vijay, Krishnan | Christopher D., Manning", 
    "raw_text": "We use the approximate randomization test (Yeh, 2000) for statistical significance of the difference between the basic sequential CRF and our second round CRF, which has additional features derived from the output of the first CRF", 
    "clean_text": "We use the approximate randomization test (Yeh, 2000) for statistical significance of the difference between the basic sequential CRF and our second round CRF, which has additional features derived from the output of the first CRF.", 
    "keep_for_gold": 0
  }, 
  {
    "citance_No": 14, 
    "citing_paper_id": "D11-1002", 
    "citing_paper_authority": 2, 
    "citing_paper_authors": "Li, Wang | Marco, Lui | Su Nam, Kim | Joakim, Nivre | Timothy, Baldwin", 
    "raw_text": "Statistical significance is tested using randomised estimation (Yeh, 2000) with p &lt; 0.05", 
    "clean_text": "Statistical significance is tested using randomised estimation (Yeh, 2000) with p &lt; 0.05.", 
    "keep_for_gold": 0
  }, 
  {
    "citance_No": 15, 
    "citing_paper_id": "W10-2923", 
    "citing_paper_authority": 7, 
    "citing_paper_authors": "Su Nam, Kim | Li, Wang | Timothy, Baldwin", 
    "raw_text": "We test the statistical significance of all above-baseline results using randomised estimation (p &lt; 0.05; Yeh (2000)), and present all such results in bold in our results tables", 
    "clean_text": "We test the statistical significance of all above-baseline results using randomised estimation (p &lt; 0.05; Yeh (2000)), and present all such results in bold in our results tables.", 
    "keep_for_gold": 0
  }, 
  {
    "citance_No": 16, 
    "citing_paper_id": "C04-1136", 
    "citing_paper_authority": 2, 
    "citing_paper_authors": "Stefan, Evert", 
    "raw_text": "A wide range of exact and asymptotic tests as well as computationally intensive randomisation tests (Yeh, 2000) are available and add to the confusion about an appropriate choice. The aim of this paper is to formulate a statistical model that interprets the evaluation of ranking methods as a random experiment", 
    "clean_text": "A wide range of exact and asymptotic tests as well as computationally intensive randomisation tests (Yeh, 2000) are available and add to the confusion about an appropriate choice. The aim of this paper is to formulate a statistical model that interprets the evaluation of ranking methods as a random experiment.", 
    "keep_for_gold": 0
  }, 
  {
    "citance_No": 17, 
    "citing_paper_id": "W10-3022", 
    "citing_paper_authority": 1, 
    "citing_paper_authors": "Erik F., Tjong Kim Sang", 
    "raw_text": "Standard deviations for F scores were estimated with bootstrap re sampling (Yeh, 2000)", 
    "clean_text": "Standard deviations for F scores were estimated with bootstrap re sampling (Yeh, 2000).", 
    "keep_for_gold": 1
  }, 
  {
    "citance_No": 18, 
    "citing_paper_id": "D11-1097", 
    "citing_paper_authority": 8, 
    "citing_paper_authors": "Diarmuid, &Oacute; S&eacute;aghdha | Anna, Korhonen", 
    "raw_text": "We calculate statistical significance of performance differences using stratified shuffling (Yeh, 2000) .5 5.2 Models", 
    "clean_text": "We calculate statistical significance of performance differences using stratified shuffling (Yeh, 2000).", 
    "keep_for_gold": 0
  }, 
  {
    "citance_No": 19, 
    "citing_paper_id": "P11-1038", 
    "citing_paper_authority": 36, 
    "citing_paper_authors": "Bo, Han | Timothy, Baldwin", 
    "raw_text": "However, when combined with word similarity features, context support improves over the basic method at a level of statistical significance (based on randomised estimation, p &lt; 0.05: Yeh (2000)), indicating the complementarity of the two methods, especially on Twitterdata", 
    "clean_text": "However, when combined with word similarity features, context support improves over the basic method at a level of statistical significance (based on randomised estimation, p &lt; 0.05: Yeh (2000)), indicating the complementarity of the two methods, especially on Twitter data.", 
    "keep_for_gold": 0
  }, 
  {
    "citance_No": 20, 
    "citing_paper_id": "D11-1094", 
    "citing_paper_authority": 8, 
    "citing_paper_authors": "Tim, Van de Cruys | Thierry, Poibeau | Anna, Korhonen", 
    "raw_text": "Differences between models are tested for significance using stratified shuffling (Yeh, 2000), using a standard number of 10000 iterations", 
    "clean_text": "Differences between models are tested for significance using stratified shuffling (Yeh, 2000), using a standard number of 10000 iterations.", 
    "keep_for_gold": 0
  }
]
