[
  {
    "citance_No": 1, 
    "citing_paper_id": "W04-3230", 
    "citing_paper_authority": 39, 
    "citing_paper_authors": "Taku, Kudo | Kaoru, Yamamoto | Yuji, Matsumoto", 
    "raw_text": "A simple approach would be to let a character be a token (i.e., character-based Begin/Inside tagging) so that boundary ambiguity never occur (Peng et al, 2004)", 
    "clean_text": "A simple approach would be to let a character be a token (i.e., character-based Begin/Inside tagging) so that boundary ambiguity never occur (Peng et al, 2004).", 
    "keep_for_gold": 0
  }, 
  {
    "citance_No": 2, 
    "citing_paper_id": "W10-4103", 
    "citing_paper_authority": 0, 
    "citing_paper_authors": "Hen-Hsen, Huang | Chuen-Tsai, Sun | Hsin-Hsi, Chen", 
    "raw_text": "Peng et al (2004) uses the CRFs to address this issue", 
    "clean_text": "Peng et al (2004) uses the CRFs to address this issue.", 
    "keep_for_gold": 0
  }, 
  {
    "citance_No": 3, 
    "citing_paper_id": "W10-4103", 
    "citing_paper_authority": 0, 
    "citing_paper_authors": "Hen-Hsen, Huang | Chuen-Tsai, Sun | Hsin-Hsi, Chen", 
    "raw_text": "In last part of the experiments, the generality of the datasets and the toughness of our system are tested (Peng et al, 2004)", 
    "clean_text": "In last part of the experiments, the generality of the datasets and the toughness of our system are tested (Peng et al, 2004).", 
    "keep_for_gold": 0
  }, 
  {
    "citance_No": 4, 
    "citing_paper_id": "W06-0130", 
    "citing_paper_authority": 2, 
    "citing_paper_authors": "Aitao, Chen | Fuchun, Peng | Roy, Shan | Gordon, Sun", 
    "raw_text": "The superiority of CRFs on Chinese information processing was also demonstrated in word segmentation (Peng et al 2004)", 
    "clean_text": "The superiority of CRFs on Chinese information processing was also demonstrated in word segmentation (Peng et al 2004).", 
    "keep_for_gold": 1
  }, 
  {
    "citance_No": 5, 
    "citing_paper_id": "W06-0140", 
    "citing_paper_authority": 1, 
    "citing_paper_authors": "Junsheng, Zhou | Liang, He | Xinyu, Dai | Jiajun, Chen", 
    "raw_text": "Different from (Peng et al, 2004), we represent the positions of a hanzi (Chinese character) with four different tags: B for a hanzi that starts a word, I for a hanzi that continues the word, F for a hanzi that ends the word, S for a hanzi that occurs as a single-character word", 
    "clean_text": "Different from (Peng et al, 2004), we represent the positions of a hanzi (Chinese character) with four different tags: B for a hanzi that starts a word, I for a hanzi that continues the word, F for a hanzi that ends the word, S for a hanzi that occurs as a single-character word.", 
    "keep_for_gold": 0
  }, 
  {
    "citance_No": 6, 
    "citing_paper_id": "W06-1655", 
    "citing_paper_authority": 14, 
    "citing_paper_authors": "Galen, Andrew", 
    "raw_text": "CRFs using this technique have been shown to be very successful at thetask of Chinese word segmentation (CWS), starting with the model of Peng et al (2004)", 
    "clean_text": "CRFs using this technique have been shown to be very successful at the task of Chinese word segmentation (CWS), starting with the model of Peng et al (2004).", 
    "keep_for_gold": 0
  }, 
  {
    "citance_No": 7, 
    "citing_paper_id": "N09-1007", 
    "citing_paper_authority": 9, 
    "citing_paper_authors": "Xu, Sun | Yaozhong, Zhang | Takuya, Matsuzaki | Yoshimasa, Tsuruoka | Jun'ichi, Tsujii", 
    "raw_text": "Apopular discriminative model that have been used for this task is the conditional random fields (CRFs) (Lafferty et al, 2001), starting with the model of Peng et al (2004)", 
    "clean_text": "A popular discriminative model that have been used for this task is the conditional random fields (CRFs) (Lafferty et al, 2001), starting with the model of Peng et al (2004).", 
    "keep_for_gold": 0
  }, 
  {
    "citance_No": 8, 
    "citing_paper_id": "I08-4015", 
    "citing_paper_authority": 1, 
    "citing_paper_authors": "Zhenxing, Wang | Changning, Huang | Jingbo, Zhu", 
    "raw_text": "Since Chinese Word Segmentation was firstly treated as a character-based tagging task in (Xue and Converse, 2002), this method has been widely accepted and further developed by researchers (Peng et al, 2004), (Tseng et al, 2005), (Low et al., 2005), (Zhao et al, 2006)", 
    "clean_text": "Since Chinese Word Segmentation was firstly treated as a character-based tagging task in (Xue and Converse, 2002), this method has been widely accepted and further developed by researchers (Peng et al, 2004), (Tseng et al, 2005), (Low et al., 2005), (Zhao et al, 2006).", 
    "keep_for_gold": 0
  }, 
  {
    "citance_No": 9, 
    "citing_paper_id": "W08-0336", 
    "citing_paper_authority": 43, 
    "citing_paper_authors": "Pi-Chuan, Chang | Michel, Galley | Christopher D., Manning", 
    "raw_text": "CRF is a statistical sequence modeling framework introduced by Lafferty et al (2001), and was first used for the Chinese word segmentation task by Peng et al (2004), who treated word segmentation as a binary decision task", 
    "clean_text": "CRF is a statistical sequence modeling framework introduced by Lafferty et al (2001), and was first used for the Chinese word segmentation task by Peng et al (2004), who treated word segmentation as a binary decision task.", 
    "keep_for_gold": 1
  }, 
  {
    "citance_No": 10, 
    "citing_paper_id": "P07-1106", 
    "citing_paper_authority": 27, 
    "citing_paper_authors": "Yue, Zhang | Stephen, Clark", 
    "raw_text": "We follow the format from Peng et al (2004)", 
    "clean_text": "We follow the format from Peng et al (2004).", 
    "keep_for_gold": 0
  }, 
  {
    "citance_No": 11, 
    "citing_paper_id": "P07-1106", 
    "citing_paper_authority": 27, 
    "citing_paper_authors": "Yue, Zhang | Stephen, Clark", 
    "raw_text": "represents the CRF model from Peng et al (2004), and the last row represents our model", 
    "clean_text": "represents the CRF model from Peng et al (2004), and the last row represents our model.", 
    "keep_for_gold": 0
  }, 
  {
    "citance_No": 12, 
    "citing_paper_id": "D07-1068", 
    "citing_paper_authority": 4, 
    "citing_paper_authors": "Yotaro, Watanabe | Masayuki, Asahara | Yuji, Matsumoto", 
    "raw_text": "RMNs are the special case of Conditional Markov Networks (or Conditional Random Fields) in which graph structure and parameter tying are determined by SQL-like form. As for the marginal probability to use as a confidence measure shown in Figure 4, Peng et al (2004) has applied linear-chain CRFs to Chinese word segmentation", 
    "clean_text": "RMNs are the special case of Conditional Markov Networks (or Conditional Random Fields) in which graph structure and parameter tying are determined by SQL-like form. As for the marginal probability to use as a confidence measure shown in Figure 4, Peng et al (2004) has applied linear-chain CRFs to Chinese word segmentation.", 
    "keep_for_gold": 0
  }, 
  {
    "citance_No": 13, 
    "citing_paper_id": "P13-1072", 
    "citing_paper_authority": 3, 
    "citing_paper_authors": "Aobo, Wang | Min-Yen, Kan", 
    "raw_text": "Aiming to improve both tasks, work by Peng et al (2004) and Sun et al (2012) conduct segmentation and detection sequentially, but in an iterative manner rather than joint", 
    "clean_text": "Aiming to improve both tasks, work by Peng et al (2004) and Sun et al (2012) conduct segmentation and detection sequentially, but in an iterative manner rather than joint.", 
    "keep_for_gold": 0
  }, 
  {
    "citance_No": 14, 
    "citing_paper_id": "I05-3027", 
    "citing_paper_authority": 65, 
    "citing_paper_authors": "Huihsin, Tseng | Pi-Chuan, Chang | Galen, Andrew | Daniel, Jurafsky | Christopher D., Manning", 
    "raw_text": "Work by Peng et al (2004) first used this framework for Chinese word segmentation by treating it as a binary decision task, such that each character is labeled either as the beginning of a word or the continuation of one", 
    "clean_text": "Work by Peng et al (2004) first used this framework for Chinese word segmentation by treating it as a binary decision task, such that each character is labeled either as the beginning of a word or the continuation of one.", 
    "keep_for_gold": 1
  }, 
  {
    "citance_No": 15, 
    "citing_paper_id": "I05-3027", 
    "citing_paper_authority": 65, 
    "citing_paper_authors": "Huihsin, Tseng | Pi-Chuan, Chang | Galen, Andrew | Daniel, Jurafsky | Christopher D., Manning", 
    "raw_text": "3.2.1 Results on Sighanbakeoff 2003 Experiments done while developing this system showed that its performance was significantly better than that of Peng et al (2004)", 
    "clean_text": "3.2.1 Results on Sighanbakeoff 2003 Experiments done while developing this system showed that its performance was significantly better than that of Peng et al (2004).", 
    "keep_for_gold": 0
  }, 
  {
    "citance_No": 16, 
    "citing_paper_id": "I05-3027", 
    "citing_paper_authority": 65, 
    "citing_paper_authors": "Huihsin, Tseng | Pi-Chuan, Chang | Galen, Andrew | Daniel, Jurafsky | Christopher D., Manning", 
    "raw_text": "Table 2 Comparisons of Peng et al (2004) and our F score on the closed track in Sighanbakeoff 2003 Sighan Bakeoff 2003 Our F-score F-score Peng et al (2004) CTB 0.863 0.849 AS 0.970 0.956 HK 0.947 0.928 PK 0.953 0.941 3.2.2 Results on Sighanbakeoff 2005 Our final system achieved a F-score of 0.947 (AS), 0.943 (HK), 0.950 (PK) and 0.964 (MSR)", 
    "clean_text": "", 
    "keep_for_gold": 0
  }, 
  {
    "citance_No": 17, 
    "citing_paper_id": "C08-1113", 
    "citing_paper_authority": 4, 
    "citing_paper_authors": "Yuta, Tsuboi | Hisashi, Kashima | Shinsuke, Mori | Hiroki, Oda | Yuji, Matsumoto", 
    "raw_text": ", L T) be a sequence of label subsets for an observed sequence 3Peng et al (2004) defined the word segmentation problem as labeling each character as whether or not the previous character boundary of the current character is a word boundary", 
    "clean_text": "Peng et al (2004) defined the word segmentation problem as labeling each character as whether or not the previous character boundary of the current character is a word boundary.", 
    "keep_for_gold": 1
  }, 
  {
    "citance_No": 18, 
    "citing_paper_id": "C08-1113", 
    "citing_paper_authority": 4, 
    "citing_paper_authors": "Yuta, Tsuboi | Hisashi, Kashima | Shinsuke, Mori | Hiroki, Oda | Yuji, Matsumoto", 
    "raw_text": "We also used lexical features consulting a dictionary: one is to check if any of the above defined character n-grams appear in a dictionary (Peng et al, 2004), and the other is to check if there are any words in the dictionary that start or end at the current character boundary", 
    "clean_text": "We also used lexical features consulting a dictionary: one is to check if any of the above defined character n-grams appear in a dictionary (Peng et al, 2004), and the other is to check if there are any words in the dictionary that start or end at the current character boundary.", 
    "keep_for_gold": 0
  }, 
  {
    "citance_No": 19, 
    "citing_paper_id": "P12-1016", 
    "citing_paper_authority": 10, 
    "citing_paper_authors": "Spence, Green | John, DeNero", 
    "raw_text": "text chunking model (Ramshaw and Marcus, 1995), which has been previously applied to Chinesesegmentation (Peng et al, 2004)", 
    "clean_text": "text chunking model (Ramshaw and Marcus, 1995), which has been previously applied to Chinese segmentation (Peng et al, 2004).", 
    "keep_for_gold": 0
  }, 
  {
    "citance_No": 20, 
    "citing_paper_id": "I05-3035", 
    "citing_paper_authority": 1, 
    "citing_paper_authors": "Zhou, Jun-Sheng | Dai, Xin-Yu | Ni, Rui-Yu | Chen, Jia-Jun", 
    "raw_text": "Different from (Peng et al, 2004), we represent the positions of a hanzi (Chinese character) with four different tags: B for a hanzi 196 that starts a word, I for a hanzi that continues the word, F for a hanzi that ends the word, S for a hanzi that occurs as a single-character word", 
    "clean_text": "Different from (Peng et al, 2004), we represent the positions of a hanzi (Chinese character) with four different tags: B for a hanzi 196 that starts a word, I for a hanzi that continues the word, F for a hanzi that ends the word, S for a hanzi that occurs as a single-character word.", 
    "keep_for_gold": 0
  }
]
