[
  {
    "citance_No": 1, 
    "citing_paper_id": "W08-2134", 
    "citing_paper_authority": 5, 
    "citing_paper_authors": "Wanxiang, Che | Zhenghua, Li | Yuxuan, Hu | Yongqiang, Li | Bing, Qin | Ting, Liu | Sheng, Li", 
    "raw_text": "Finally an ILP (Integer Linear Programming) based method is adopted for post inference (Punyakanok et al, 2004)", 
    "clean_text": "Finally an ILP (Integer Linear Programming) based method is adopted for post inference (Punyakanok et al, 2004).", 
    "keep_for_gold": 0
  }, 
  {
    "citance_No": 2, 
    "citing_paper_id": "W06-3308", 
    "citing_paper_authority": 4, 
    "citing_paper_authors": "Richard Tzong-Han, Tsai | Wen-Chi, Chou | Yu-Chun, Lin | Cheng-Lung, Sung | Wei, Ku | Ying-Shan, Su | Ting-Yi, Sung | Wen-Lian, Hsu", 
    "raw_text": "Punyakanok et al, (2004) further showed that constituent-by-constituent (C by-C) tagging is better than P-by-P", 
    "clean_text": "Punyakanok et al, (2004) further showed that constituent-by-constituent (C by-C) tagging is better than P-by-P.", 
    "keep_for_gold": 0
  }, 
  {
    "citance_No": 3, 
    "citing_paper_id": "P10-1111", 
    "citing_paper_authority": 2, 
    "citing_paper_authors": "Wolfgang, Seeker | Ines, Rehbein | Jonas, Kuhn | Josef, van Genabith", 
    "raw_text": "In this paper, we focus on phrase structure parsing with function labelling as a post-processing step. Integer linear programs have already been successfully used in related fields including semantic role labelling (Punyakanok et al, 2004), relation and entity classification (Roth and Yih, 2004), sentence compression (Clarke and Lapata, 2008) and dependency parsing (Martins et al, 2009)", 
    "clean_text": "In this paper, we focus on phrase structure parsing with function labelling as a post-processing step. Integer linear programs have already been successfully used in related fields including semantic role labelling (Punyakanok et al, 2004), relation and entity classification (Roth and Yih, 2004), sentence compression (Clarke and Lapata, 2008) and dependency parsing (Martins et al, 2009).", 
    "keep_for_gold": 0
  }, 
  {
    "citance_No": 4, 
    "citing_paper_id": "P10-1111", 
    "citing_paper_authority": 2, 
    "citing_paper_authors": "Wolfgang, Seeker | Ines, Rehbein | Jonas, Kuhn | Josef, van Genabith", 
    "raw_text": "This basic architecture was introduced by Punyakanok et al (2004) for the task of semantic role labelling and since then has been applied to different NLP tasks without significant changes", 
    "clean_text": "This basic architecture was introduced by Punyakanok et al (2004) for the task of semantic role labelling and since then has been applied to different NLP tasks without significant changes.", 
    "keep_for_gold": 0
  }, 
  {
    "citance_No": 5, 
    "citing_paper_id": "W05-0625", 
    "citing_paper_authority": 35, 
    "citing_paper_authors": "Peter, Koomen | Vasin, Punyakanok | Dan, Roth | Scott Wen-Tau, Yih", 
    "raw_text": "We use the inference process introduced by (Punyakanok et al, 2004)", 
    "clean_text": "We use the inference process introduced by (Punyakanok et al, 2004).", 
    "keep_for_gold": 0
  }, 
  {
    "citance_No": 6, 
    "citing_paper_id": "W08-2124", 
    "citing_paper_authority": 0, 
    "citing_paper_authors": "Xavier, Llu&iacute;s | Llu&iacute;s, M&agrave;rquez", 
    "raw_text": "Experiments performed combining the best and second output of the joint parser and enforcing do main constraints via ILP (Punyakanok et al, 2004) showed no significant improvements", 
    "clean_text": "Experiments performed combining the best and second output of the joint parser and enforcing domain constraints via ILP (Punyakanok et al, 2004) showed no significant improvements.", 
    "keep_for_gold": 0
  }, 
  {
    "citance_No": 7, 
    "citing_paper_id": "N06-3009", 
    "citing_paper_authority": 1, 
    "citing_paper_authors": "Richard Tzong-Han, Tsai", 
    "raw_text": "245 Following (Punyakanok et al, 2004), we formulate SRL as a constituent-by-constituent (C-by-C) tagging problem", 
    "clean_text": "Following (Punyakanok et al, 2004), we formulate SRL as a constituent-by-constituent (C-by-C) tagging problem.", 
    "keep_for_gold": 1
  }, 
  {
    "citance_No": 8, 
    "citing_paper_id": "W09-1207", 
    "citing_paper_authority": 7, 
    "citing_paper_authors": "Wanxiang, Che | Zhenghua, Li | Yongqiang, Li | Yuhang, Guo | Bing, Qin | Ting, Liu", 
    "raw_text": "As we did in the last year? s system (Cheetal., 2008), we use the ILP (Integer Linear Programming) (Punyakanok et al, 2004) to get the global optimization, which is satisfied with three constrains: C1: Each word should be labeled with one and only one label (including the virtual label? NULL?)", 
    "clean_text": "As we did in the last year's system (Cheetal., 2008), we use the ILP (Integer Linear Programming) (Punyakanok et al, 2004) to get the global optimization, which is satisfied with three constrains: C1: Each word should be labeled with one and only one label (including the virtual label? NULL?).", 
    "keep_for_gold": 0
  }, 
  {
    "citance_No": 9, 
    "citing_paper_id": "W06-0602", 
    "citing_paper_authority": 7, 
    "citing_paper_authors": "Wen-Chi, Chou | Richard Tzong-Han, Tsai | Ying-Shan, Su | Wei, Ku | Ting-Yi, Sung | Wen-Lian, Hsu", 
    "raw_text": "However, Punyakanok et al (2004) showed that constituent-by-constituent (C-by-C) tagging is better than P-by-P", 
    "clean_text": "However, Punyakanok et al (2004) showed that constituent-by-constituent (C-by-C) tagging is better than P-by-P.", 
    "keep_for_gold": 0
  }, 
  {
    "citance_No": 10, 
    "citing_paper_id": "N06-1046", 
    "citing_paper_authority": 13, 
    "citing_paper_authors": "Regina, Barzilay | Mirella, Lapata", 
    "raw_text": "ILP models have been successfully applied in several natural language processing tasks, including relation extraction (Roth and Yih, 2004), semantic role labeling (Punyakanok et al, 2004) and the generation of route directions (Marciniak and Strube, 2005)", 
    "clean_text": "ILP models have been successfully applied in several natural language processing tasks, including relation extraction (Roth and Yih, 2004), semantic role labeling (Punyakanok et al, 2004) and the generation of route directions (Marciniak and Strube, 2005).", 
    "keep_for_gold": 0
  }, 
  {
    "citance_No": 11, 
    "citing_paper_id": "C10-1153", 
    "citing_paper_authority": 4, 
    "citing_paper_authors": "Tao, Zhuang | Chengqing, Zong", 
    "raw_text": "Punyakanok et al (2004) formulated an Integer Linear Programming (ILP) model for SRL", 
    "clean_text": "Punyakanok et al (2004) formulated an Integer Linear Programming (ILP) model for SRL.", 
    "keep_for_gold": 0
  }, 
  {
    "citance_No": 12, 
    "citing_paper_id": "C10-1153", 
    "citing_paper_authority": 4, 
    "citing_paper_authors": "Tao, Zhuang | Chengqing, Zong", 
    "raw_text": "ILP method was first applied to SRL in (Punyakanok et al, 2004)", 
    "clean_text": "ILP method was first applied to SRL in (Punyakanok et al, 2004).", 
    "keep_for_gold": 0
  }, 
  {
    "citance_No": 13, 
    "citing_paper_id": "D11-1001", 
    "citing_paper_authority": 12, 
    "citing_paper_authors": "Sebastian, Riedel | Andrew, McCallum", 
    "raw_text": "constraints (Punyakanok et al,2004)? without having to call out to ILP optimizers", 
    "clean_text": "constraints (Punyakanok et al,2004)? without having to call out to ILP optimizers.", 
    "keep_for_gold": 0
  }, 
  {
    "citance_No": 14, 
    "citing_paper_id": "P07-2051", 
    "citing_paper_authority": 3, 
    "citing_paper_authors": "Manfred, Klenner", 
    "raw_text": "ILP has been applied to various NLP problems including semantic role labeling (Punyakanok et al, 2004), which is similar to dependency labeling: both can benefit from verb specific information", 
    "clean_text": "ILP has been applied to various NLP problems including semantic role labeling (Punyakanok et al, 2004), which is similar to dependency labeling: both can benefit from verb specific information.", 
    "keep_for_gold": 0
  }, 
  {
    "citance_No": 15, 
    "citing_paper_id": "P07-2051", 
    "citing_paper_authority": 3, 
    "citing_paper_authors": "Manfred, Klenner", 
    "raw_text": "Actually, (Punyakanok et al, 2004) take into account to some extent verb specific information", 
    "clean_text": "Actually, (Punyakanok et al, 2004) take into account to some extent verb specific information.", 
    "keep_for_gold": 0
  }, 
  {
    "citance_No": 16, 
    "citing_paper_id": "P07-1026", 
    "citing_paper_authority": 3, 
    "citing_paper_authors": "Min, Zhang | Wanxiang, Che | Aiti, Aw | Chew Lim, Tan | Guodong, Zhou | Ting, Liu | Sheng, Li", 
    "raw_text": "Some other work paid much attention to the robust SRL (Pradhan et al, 2005b) and post inference (Punyakanok et al, 2004)", 
    "clean_text": "Some other work paid much attention to the robust SRL (Pradhan et al, 2005b) and post inference (Punyakanok et al, 2004).", 
    "keep_for_gold": 0
  }, 
  {
    "citance_No": 17, 
    "citing_paper_id": "E06-2026", 
    "citing_paper_authority": 4, 
    "citing_paper_authors": "Manfred, Klenner", 
    "raw_text": "must have 3 arguments of a particular grammatical role. Among the approaches to overcome this restriction ,i.e. that allow for global, theory based constraints, Integer Linear Programming (ILP) has been applied to NLP (Punyakanok et al, 2004) .We apply ILP to the problem of grammatical relation labeling ,i.e. given two chunks.1 (e.g. a verb and a np), what is the grammatical relation between them (if there is any)", 
    "clean_text": "must have 3 arguments of a particular grammatical role. Among the approaches to overcome this restriction, i.e. that allow for global, theory based constraints, Integer Linear Programming (ILP) has been applied to NLP (Punyakanok et al, 2004).", 
    "keep_for_gold": 0
  }, 
  {
    "citance_No": 18, 
    "citing_paper_id": "E06-2026", 
    "citing_paper_authority": 4, 
    "citing_paper_authors": "Manfred, Klenner", 
    "raw_text": "ILP has been applied to various NLP problems, including semantic role labeling (Punyakanok et al., 2004), extraction of predicates from parse trees (Klenner, 2005) and discourse ordering in generation (Althaus et al, 2004)", 
    "clean_text": "ILP has been applied to various NLP problems, including semantic role labeling (Punyakanok et al., 2004), extraction of predicates from parse trees (Klenner, 2005) and discourse ordering in generation (Althaus et al, 2004).", 
    "keep_for_gold": 0
  }, 
  {
    "citance_No": 19, 
    "citing_paper_id": "C10-1106", 
    "citing_paper_authority": 3, 
    "citing_paper_authors": "Sujith, Ravi | Ashish, Vaswani | Kevin, Knight | David, Chiang", 
    "raw_text": "Recently, the integer programming framework has been widely adopted by researchers to solve other NLP tasks besides POS tagging such as semantic role labeling (Punyakanok et al, 2004), sentence compression (Clarke and Lapata, 2008) ,decipherment (Ravi and Knight, 2008) and dependency parsing (Martins et al, 2009)", 
    "clean_text": "Recently, the integer programming framework has been widely adopted by researchers to solve other NLP tasks besides POS tagging such as semantic role labeling (Punyakanok et al, 2004), sentence compression (Clarke and Lapata, 2008) ,decipherment (Ravi and Knight, 2008) and dependency parsing (Martins et al, 2009).", 
    "keep_for_gold": 0
  }, 
  {
    "citance_No": 20, 
    "citing_paper_id": "D10-1030", 
    "citing_paper_authority": 7, 
    "citing_paper_authors": "Tao, Zhuang | Chengqing, Zong", 
    "raw_text": "with each other. In (Punyakanok et al, 2004), several more constraints are considered", 
    "clean_text": "In (Punyakanok et al, 2004), several more constraints are considered.", 
    "keep_for_gold": 0
  }
]
