[
  {
    "citance_No": 1, 
    "citing_paper_id": "P09-1067", 
    "citing_paper_authority": 15, 
    "citing_paper_authors": "Zhifei, Li | Jason M., Eisner | Sanjeev P., Khudanpur", 
    "raw_text": "We also analytically show that interpolating these n-gram models for different n is similar to minimum risk decoding for BLEU (Tromble et al,2008)", 
    "clean_text": "We also analytically show that interpolating these n-gram models for different n is similar to minimum risk decoding for BLEU (Tromble et al,2008).", 
    "keep_for_gold": 0
  }, 
  {
    "citance_No": 2, 
    "citing_paper_id": "P09-1067", 
    "citing_paper_authority": 15, 
    "citing_paper_authors": "Zhifei, Li | Jason M., Eisner | Sanjeev P., Khudanpur", 
    "raw_text": "Wegeometrically interpolate the resulting approximations q with one another (and with the original distribution p), justifying this interpolation as similar to the minimum-risk decoding for BLEU proposed by Tromble et al (2008)", 
    "clean_text": "We geometrically interpolate the resulting approximations q with one another (and with the original distribution p), justifying this interpolation as similar to the minimum-risk decoding for BLEU proposed by Tromble et al (2008).", 
    "keep_for_gold": 0
  }, 
  {
    "citance_No": 3, 
    "citing_paper_id": "P09-1067", 
    "citing_paper_authority": 15, 
    "citing_paper_authors": "Zhifei, Li | Jason M., Eisner | Sanjeev P., Khudanpur", 
    "raw_text": "We now observe that our variational decoding resembles the MBR decoding of Tromble et al (2008)", 
    "clean_text": "We now observe that our variational decoding resembles the MBR decoding of Tromble et al (2008).", 
    "keep_for_gold": 0
  }, 
  {
    "citance_No": 4, 
    "citing_paper_id": "P09-1067", 
    "citing_paper_authority": 15, 
    "citing_paper_authors": "Zhifei, Li | Jason M., Eisner | Sanjeev P., Khudanpur", 
    "raw_text": "16Note that Tromble et al (2008) only consider MBR for a lattice without hidden structures, though their method can be in principle applied in a hyper graph with spurious ambiguity", 
    "clean_text": "Note that Tromble et al (2008) only consider MBR for a lattice without hidden structures, though their method can be in principle applied in a hyper graph with spurious ambiguity.", 
    "keep_for_gold": 0
  }, 
  {
    "citance_No": 5, 
    "citing_paper_id": "P14-2023", 
    "citing_paper_authority": 0, 
    "citing_paper_authors": "Michael, Auli | Jianfeng, Gao", 
    "raw_text": "[0, inf) is a scaling factor that flattens the distribution for? &lt; 1 and sharp ens it for?& gt; 1 (Tromble et al, 2008)", 
    "clean_text": "", 
    "keep_for_gold": 0
  }, 
  {
    "citance_No": 6, 
    "citing_paper_id": "D11-1044", 
    "citing_paper_authority": 2, 
    "citing_paper_authors": "Kevin, Gimpel | Noah A., Smith", 
    "raw_text": "Pass 1: Lattice Pruning After generating phrase lattices using a phrase-based MT system, we prune lattice edges using forward-backward pruning (Sixtus and Ortmanns, 1999), which has also been used in previous work using phrase lattices (Trombleetal., 2008)", 
    "clean_text": "Pass 1: Lattice Pruning After generating phrase lattices using a phrase-based MT system, we prune lattice edges using forward-backward pruning (Sixtus and Ortmanns, 1999), which has also been used in previous work using phrase lattices (Tromble et al., 2008).", 
    "keep_for_gold": 0
  }, 
  {
    "citance_No": 7, 
    "citing_paper_id": "C10-1036", 
    "citing_paper_authority": 5, 
    "citing_paper_authors": "Nan, Duan | Mu, Li | Dongdong, Zhang | Ming, Zhou", 
    "raw_text": "Tromble et al (2008) pro posed a linear approximation to BLEU score (log-BLEU) as a new loss function in MBR decoding and extended it from N-best lists to lattices, and Kumar et al (2009) presented more efficient algorithms for MBR decoding on both lattices and hyper graphs to alleviate the high computational cost problem in Tromble et al? s work", 
    "clean_text": "Tromble et al (2008) proposed a linear approximation to BLEU score (log-BLEU) as a new loss function in MBR decoding and extended it from N-best lists to lattices, and Kumar et al (2009) presented more efficient algorithms for MBR decoding on both lattices and hyper graphs to alleviate the high computational cost problem in Tromble et al's work.", 
    "keep_for_gold": 0
  }, 
  {
    "citance_No": 8, 
    "citing_paper_id": "W10-1756", 
    "citing_paper_authority": 2, 
    "citing_paper_authors": "Abhishek, Arun | Barry, Haddow | Philipp, Koehn", 
    "raw_text": "For lattice MBR decoding, we optimized the lattice density and set the p and r parameters as per Tromble et al (2008)", 
    "clean_text": "For lattice MBR decoding, we optimized the lattice density and set the p and r parameters as per Tromble et al (2008).", 
    "keep_for_gold": 0
  }, 
  {
    "citance_No": 9, 
    "citing_paper_id": "W10-1756", 
    "citing_paper_authority": 2, 
    "citing_paper_authors": "Abhishek, Arun | Barry, Haddow | Philipp, Koehn", 
    "raw_text": "In the lattice MBR experiments of Tromble et al (2008), it is shown that this size of hypothesis set is sufficient", 
    "clean_text": "In the lattice MBR experiments of Tromble et al (2008), it is shown that this size of hypothesis set is sufficient.", 
    "keep_for_gold": 0
  }, 
  {
    "citance_No": 10, 
    "citing_paper_id": "W10-1756", 
    "citing_paper_authority": 2, 
    "citing_paper_authors": "Abhishek, Arun | Barry, Haddow | Philipp, Koehn", 
    "raw_text": "Since BLEU does not factorize over the search graph, they use the linear approximation of Tromble et al (2008) in stead", 
    "clean_text": "Since BLEU does not factorize over the search graph, they use the linear approximation of Tromble et al (2008) instead.", 
    "keep_for_gold": 0
  }, 
  {
    "citance_No": 11, 
    "citing_paper_id": "W10-1756", 
    "citing_paper_authority": 2, 
    "citing_paper_authors": "Abhishek, Arun | Barry, Haddow | Philipp, Koehn", 
    "raw_text": "Pauls et al (2009) present an alternate training criterion over translation forests called CoBLEU, 8up to 1081 as per Tromble et al (2008) 372 similar in spirit to expected BLEU training, but aimed to maximize the expected counts of n-grams appearing in reference translations", 
    "clean_text": "up to 1081 as per Tromble et al (2008).", 
    "keep_for_gold": 0
  }, 
  {
    "citance_No": 12, 
    "citing_paper_id": "W10-1756", 
    "citing_paper_authority": 2, 
    "citing_paper_authors": "Abhishek, Arun | Barry, Haddow | Philipp, Koehn", 
    "raw_text": "Also, since we maintain a probabilistic formulation across training and decoding, our approach does not require a grid-search for a scaling factor as in Tromble et al (2008)", 
    "clean_text": "Also, since we maintain a probabilistic formulation across training and decoding, our approach does not require a grid-search for a scaling factor as in Tromble et al (2008).", 
    "keep_for_gold": 0
  }, 
  {
    "citance_No": 13, 
    "citing_paper_id": "P09-1064", 
    "citing_paper_authority": 12, 
    "citing_paper_authors": "John, DeNero | David, Chiang | Kevin, Knight", 
    "raw_text": "The resulting forest-based decoding procedure compares favorably in both complexity and performance to the recently proposed lattice based MBR (Tromble et al, 2008) .The contributions of this paper include a linear time algorithm for MBR using linear similarities, a linear-time alternative to MBR using non-linear similarity measures, and a forest-based extension to this procedure for similarities based on n-gram counts", 
    "clean_text": "The resulting forest-based decoding procedure compares favorably in both complexity and performance to the recently proposed lattice based MBR (Tromble et al, 2008).", 
    "keep_for_gold": 0
  }, 
  {
    "citance_No": 14, 
    "citing_paper_id": "P09-1064", 
    "citing_paper_authority": 12, 
    "citing_paper_authors": "John, DeNero | David, Chiang | Kevin, Knight", 
    "raw_text": "Otherlinear functions have been explored for MBR, including Taylor approximations to the logarithm ofBLEU (Tromble et al, 2008) and counts of matching constituents (Zhang and Gildea, 2008), which are discussed further in Section 3.3", 
    "clean_text": "Other linear functions have been explored for MBR, including Taylor approximations to the logarithm of BLEU (Tromble et al, 2008) and counts of matching constituents (Zhang and Gildea, 2008), which are discussed further in Section 3.3.", 
    "keep_for_gold": 1
  }, 
  {
    "citance_No": 15, 
    "citing_paper_id": "P09-1064", 
    "citing_paper_authority": 12, 
    "citing_paper_authors": "John, DeNero | David, Chiang | Kevin, Knight", 
    "raw_text": "This forest-based MBR approach improved translation output relative to Viterbi translations. Tromble et al (2008) describe a similar approach using MBR with a linear similarity measure", 
    "clean_text": "Tromble et al (2008) describe a similar approach using MBR with a linear similarity measure.", 
    "keep_for_gold": 0
  }, 
  {
    "citance_No": 16, 
    "citing_paper_id": "P09-1064", 
    "citing_paper_authority": 12, 
    "citing_paper_authors": "John, DeNero | David, Chiang | Kevin, Knight", 
    "raw_text": "Using G, Tromble et al (2008) extend MBR to word lattices, which improves performance over k-best list MBR", 
    "clean_text": "Using G, Tromble et al (2008) extend MBR to word lattices, which improves performance over k-best list MBR.", 
    "keep_for_gold": 1
  }, 
  {
    "citance_No": 17, 
    "citing_paper_id": "P09-1064", 
    "citing_paper_authority": 12, 
    "citing_paper_authors": "John, DeNero | David, Chiang | Kevin, Knight", 
    "raw_text": "Our approach differs from Tromble et al (2008) primarily in that we propose decoding with an alternative to MBR using BLEU, while they propose decoding with MBR using a linear alternative to BLEU", 
    "clean_text": "Our approach differs from Tromble et al (2008) primarily in that we propose decoding with an alternative to MBR using BLEU, while they propose decoding with MBR using a linear alternative to BLEU.", 
    "keep_for_gold": 0
  }, 
  {
    "citance_No": 18, 
    "citing_paper_id": "P09-1064", 
    "citing_paper_authority": 12, 
    "citing_paper_authors": "John, DeNero | David, Chiang | Kevin, Knight", 
    "raw_text": "One practical difference is that the forests needed for fast consensus decoding are 4Thelog-BLEU function must be modified slightly to yield a linear Taylor approximation: Tromble et al (2008) replace the clipped n-gram count with the product of an n gram count and an n-gram indicator function", 
    "clean_text": "The log-BLEU function must be modified slightly to yield a linear Taylor approximation: Tromble et al (2008) replace the clipped n-gram count with the product of an n gram count and an n-gram indicator function.", 
    "keep_for_gold": 1
  }, 
  {
    "citance_No": 19, 
    "citing_paper_id": "P09-1064", 
    "citing_paper_authority": 12, 
    "citing_paper_authors": "John, DeNero | David, Chiang | Kevin, Knight", 
    "raw_text": "571 generated already by the decoder of a syntactic translation system. Second, rather than use BLEU as a sentence level similarity measure directly, Tromble et al (2008) approximate corpus BLEU with G above. The parameters? of the approximation must be es ti mated on a held-out data set, while our approach requires no such estimation step. Third, our approach is also simpler computationally", 
    "clean_text": "Second, rather than use BLEU as a sentence level similarity measure directly, Tromble et al (2008) approximate corpus BLEU with G above.", 
    "keep_for_gold": 0
  }, 
  {
    "citance_No": 20, 
    "citing_paper_id": "P09-1064", 
    "citing_paper_authority": 12, 
    "citing_paper_authors": "John, DeNero | David, Chiang | Kevin, Knight", 
    "raw_text": "Tromble et al (2008) compute expected feature values by intersecting the translation lattice with a lattices for each n-gram t. Bycontrast, expectations of c (e?, t) can all be computed with a single pass over the forest", 
    "clean_text": "Tromble et al (2008) compute expected feature values by intersecting the translation lattice with a lattices for each n-gram t.", 
    "keep_for_gold": 1
  }
]
