[
  {
    "citance_No": 1, 
    "citing_paper_id": "W97-0312", 
    "citing_paper_authority": 7, 
    "citing_paper_authors": "Scott W., Bennett | Chinatsu, Aone", 
    "raw_text": "Bikel et al (Bikel et al, 1997) report on Nymble, an HMM-based name tagging system operating in English and Spanish", 
    "clean_text": "Bikel et al (Bikel et al, 1997) report on Nymble, an HMM-based name tagging system operating in English and Spanish.", 
    "keep_for_gold": 1
  }, 
  {
    "citance_No": 2, 
    "citing_paper_id": "W03-0432", 
    "citing_paper_authority": 2, 
    "citing_paper_authors": "Casey, Whitelaw | Jon David, Patrick", 
    "raw_text": "Mostcommonly, feature-based classifiers use a set of capitali sation features and a sentence-initial feature (Bikel et al, 1997)", 
    "clean_text": "Most commonly, feature-based classifiers use a set of capitalisation features and a sentence-initial feature (Bikel et al, 1997).", 
    "keep_for_gold": 0
  }, 
  {
    "citance_No": 3, 
    "citing_paper_id": "P01-1055", 
    "citing_paper_authority": 2, 
    "citing_paper_authors": "Georgios, Petasis | Frantz, Vichot | Francis, Wolinski | Georgios, Paliouras | Vangelis, Karkaletsis | Constantine D., Spyropoulos", 
    "raw_text": "Nymble (Bikel et al, 1997) uses statistical learning to acquire a Hidden Markov Model (HMM) that recognises NEs in text", 
    "clean_text": "Nymble (Bikel et al, 1997) uses statistical learning to acquire a Hidden Markov Model (HMM) that recognises NEs in text.", 
    "keep_for_gold": 1
  }, 
  {
    "citance_No": 4, 
    "citing_paper_id": "P05-2005", 
    "citing_paper_authority": 0, 
    "citing_paper_authors": "Thamar, Solorio", 
    "raw_text": "(Bikelet al, 1997) and (Bikel et al, 1999) are other examples of the use of HMMs", 
    "clean_text": "(Bikelet al, 1997) are other examples of the use of HMMs.", 
    "keep_for_gold": 0
  }, 
  {
    "citance_No": 5, 
    "citing_paper_id": "P02-1031", 
    "citing_paper_authority": 68, 
    "citing_paper_authors": "Daniel, Gildea | Martha, Palmer", 
    "raw_text": "Our chunk-based system takes the last word of the chunk as its head word for the purposes of predicting roles, but does not make use of the identities of the chunk &apos; s other words or the intervening words between a chunk and the predicate, unlike Hidden Markov Model-like systems such as Bikel et al (1997), McCallum et al (2000) and Laerty et al (2001)", 
    "clean_text": "Our chunk-based system takes the last word of the chunk as its head word for the purposes of predicting roles, but does not make use of the identities of the chunk's other words or the intervening words between a chunk and the predicate, unlike Hidden Markov Model-like systems such as Bikel et al (1997), McCallum et al (2000) and Laerty et al (2001).", 
    "keep_for_gold": 0
  }, 
  {
    "citance_No": 6, 
    "citing_paper_id": "A00-2030", 
    "citing_paper_authority": 47, 
    "citing_paper_authors": "Scott, Miller | Heidi J., Fox | Lance A., Ramshaw | Ralph M., Weischedel", 
    "raw_text": "We were already using a generative statistical model for part-of-speech tagging (Weischedel et al 1993), and more recently, had begun using a generative statistical model for name finding (Bikel et al 1997)", 
    "clean_text": "We were already using a generative statistical model for part-of-speech tagging (Weischedel et al 1993), and more recently, had begun using a generative statistical model for name finding (Bikel et al 1997).", 
    "keep_for_gold": 0
  }, 
  {
    "citance_No": 7, 
    "citing_paper_id": "P06-2055", 
    "citing_paper_authority": 5, 
    "citing_paper_authors": "Heng, Ji | Ralph, Grishman", 
    "raw_text": "The HMM tagger generally follows the Nymble model (Bikel et al 1997), and uses best-first search to generate N-Best hypotheses for each input sentence", 
    "clean_text": "The HMM tagger generally follows the Nymble model (Bikel et al 1997), and uses best-first search to generate N-Best hypotheses for each input sentence.", 
    "keep_for_gold": 0
  }, 
  {
    "citance_No": 8, 
    "citing_paper_id": "P03-1020", 
    "citing_paper_authority": 9, 
    "citing_paper_authors": "Lucian Vlad, Lita | Abraham, Ittycheriah | Salim, Roukos | Nanda, Kambhatla", 
    "raw_text": "The base system is an HMM based tagger, similar to (Bikel et al, 1997)", 
    "clean_text": "The base system is an HMM based tagger, similar to (Bikel et al, 1997).", 
    "keep_for_gold": 0
  }, 
  {
    "citance_No": 9, 
    "citing_paper_id": "P03-1020", 
    "citing_paper_authority": 9, 
    "citing_paper_authors": "Lucian Vlad, Lita | Abraham, Ittycheriah | Salim, Roukos | Nanda, Kambhatla", 
    "raw_text": "The alternative to true casing text is to destroy case information in the training material SNORIFY procedure in (Bikel et al, 1997)", 
    "clean_text": "The alternative to true casing text is to destroy case information in the training material SNORIFY procedure in (Bikel et al, 1997).", 
    "keep_for_gold": 0
  }, 
  {
    "citance_No": 10, 
    "citing_paper_id": "I05-3006", 
    "citing_paper_authority": 0, 
    "citing_paper_authors": "Feifan, Liu | Zhao, Jun | Bibo, Lv | Bo, Xu | Hao, Yu", 
    "raw_text": "The typical machine learning approaches for English NE are transformation-based learning [Aberdeen et al 1995], hidden Markov model [Bikel et al. 1997], maximum entropy model [Borthwick, 1999], support vector machine learning [Eunji Yi et al 2004], unsupervised model [Collins et al 1999] and etc. For Chinese NER, the prevailing methodology applied recently also lie in machine learning combining other knowledge base or heuristic rules, which can be compared on the whole in three aspects showed in Table 1.In short, the trend in NER is to adopt a statistical framework which try to exploit some knowledge base as well as different level of text features within and outside NEs", 
    "clean_text": "The typical machine learning approaches for English NE are transformation-based learning [Aberdeen et al 1995], hidden Markov model [Bikel et al. 1997], maximum entropy model [Borthwick, 1999], support vector machine learning [Eunji Yi et al 2004], unsupervised model [Collins et al 1999] and etc.", 
    "keep_for_gold": 0
  }, 
  {
    "citance_No": 11, 
    "citing_paper_id": "P06-1059", 
    "citing_paper_authority": 12, 
    "citing_paper_authors": "Daisuke, Okanohara | Yusuke, Miyao | Yoshimasa, Tsuruoka | Jun'ichi, Tsujii", 
    "raw_text": "Many of the previous studies of Bio-NER tasks have been based on machine learning techniques including Hidden Markov Models (HMMs) (Bikel et al, 1997), the dictionary HMM model (Kouetal., 2005) and Maximum Entropy Markov Mod els (MEMMs) (Finkel et al, 2004)", 
    "clean_text": "Many of the previous studies of Bio-NER tasks have been based on machine learning techniques including Hidden Markov Models (HMMs) (Bikel et al, 1997), the dictionary HMM model (Kouetal., 2005) and Maximum Entropy Markov Mod els (MEMMs) (Finkel et al, 2004).", 
    "keep_for_gold": 0
  }, 
  {
    "citance_No": 12, 
    "citing_paper_id": "A00-1034", 
    "citing_paper_authority": 10, 
    "citing_paper_authors": "Rohini K., Srihari | Cheng, Niu | Wei, Li", 
    "raw_text": "These include rule-based systems [Krupka 1998], Hidden Markov Models (HMM) [Bikel et al 1997] and Maximum Entropy Models (MaxEnt) [Borthwick 1998]", 
    "clean_text": "These include rule-based systems [Krupka 1998], Hidden Markov Models (HMM) [Bikel et al 1997] and Maximum Entropy Models (MaxEnt) [Borthwick 1998].", 
    "keep_for_gold": 0
  }, 
  {
    "citance_No": 13, 
    "citing_paper_id": "A00-1034", 
    "citing_paper_authority": 10, 
    "citing_paper_authors": "Rohini K., Srihari | Cheng, Niu | Wei, Li", 
    "raw_text": "constrained HMM Our original HMM is similar to the Nymble [Bikel et al 1997] system that is based on bigram statistics", 
    "clean_text": "constrained HMM Our original HMM is similar to the Nymble [Bikel et al 1997] system that is based on bigram statistics.", 
    "keep_for_gold": 0
  }, 
  {
    "citance_No": 14, 
    "citing_paper_id": "W02-0813", 
    "citing_paper_authority": 5, 
    "citing_paper_authors": "Hoa Trang, Dang | Martha, Palmer", 
    "raw_text": "In addition, an automatic named entity tagger (Bikel et al, 1997) was run on the sentences to map proper nouns to a small set of semantic classes", 
    "clean_text": "In addition, an automatic named entity tagger (Bikel et al, 1997) was run on the sentences to map proper nouns to a small set of semantic classes.", 
    "keep_for_gold": 0
  }, 
  {
    "citance_No": 15, 
    "citing_paper_id": "W04-0705", 
    "citing_paper_authority": 3, 
    "citing_paper_authors": "Heng, Ji | Ralph, Grishman", 
    "raw_text": "A. wide variety of machine learning methods have been applied to this problem, including Hidden Markov Models (Bikel et al 1997), Maximum Entropy methods (Borthwick et al 1998, Chieu and Ng 2002), Decision Trees (Sekine et al 1998), Conditional Random Fields (McCallum and Li 2003), Class-based Language Model (Sun et al 2002), Agent-based Approach (Ye et al 2002) and Support Vector Machines", 
    "clean_text": "A. wide variety of machine learning methods have been applied to this problem, including Hidden Markov Models (Bikel et al 1997), Maximum Entropy methods (Borthwick et al 1998, Chieu and Ng 2002), Decision Trees (Sekine et al 1998), Conditional Random Fields (McCallum and Li 2003), Class-based Language Model (Sun et al 2002), Agent-based Approach (Ye et al 2002) and Support Vector Machines.", 
    "keep_for_gold": 0
  }, 
  {
    "citance_No": 16, 
    "citing_paper_id": "P06-1061", 
    "citing_paper_authority": 3, 
    "citing_paper_authors": "Zhenmei, Gu | Nick, Cercone", 
    "raw_text": "Another related work is (Bikel et al, 1997) which used HMMs as part of its modelling for the name finding problem in information extraction", 
    "clean_text": "Another related work is (Bikel et al, 1997) which used HMMs as part of its modelling for the name finding problem in information extraction.", 
    "keep_for_gold": 0
  }, 
  {
    "citance_No": 17, 
    "citing_paper_id": "W03-0428", 
    "citing_paper_authority": 25, 
    "citing_paper_authors": "Dan, Klein | Joseph, Smarr | Huy, Nguyen | Christopher D., Manning", 
    "raw_text": "A common approach is to extract word-internal features from unknown words, for example suffix, capitalization, or punctuation features (Mikheev, 1997, Wacholder et al, 1997, Bikel et al, 1997)", 
    "clean_text": "A common approach is to extract word-internal features from unknown words, for example suffix, capitalization, or punctuation features (Mikheev, 1997, Wacholder et al, 1997, Bikel et al, 1997).", 
    "keep_for_gold": 0
  }, 
  {
    "citance_No": 18, 
    "citing_paper_id": "W06-0206", 
    "citing_paper_authority": 2, 
    "citing_paper_authors": "Heng, Ji | Ralph, Grishman", 
    "raw_text": "Our baseline name tagger is based on an HMM that generally follows the Nymble model (Bikel et al 1997)", 
    "clean_text": "Our baseline name tagger is based on an HMM that generally follows the Nymble model (Bikel et al 1997).", 
    "keep_for_gold": 0
  }, 
  {
    "citance_No": 19, 
    "citing_paper_id": "N04-2007", 
    "citing_paper_authority": 0, 
    "citing_paper_authors": "Robert, Arens", 
    "raw_text": "Ashidden Markov models have been used both for name finding (Bikel et al (1997)) and tokenization (Cutting et al", 
    "clean_text": "As hidden Markov models have been used both for name finding (Bikel et al (1997)) and tokenization (Cutting et al.", 
    "keep_for_gold": 0
  }, 
  {
    "citance_No": 20, 
    "citing_paper_id": "C02-1143", 
    "citing_paper_authority": 8, 
    "citing_paper_authors": "Hoa Trang, Dang | Ching-Yi, Chia | Martha, Palmer | Fu-Dong, Chiou", 
    "raw_text": "Inaddition, an automatic named entity tagger (Bikel et al, 1997) was run on the sentences to map proper nouns to a small set of semantic classes", 
    "clean_text": "In addition, an automatic named entity tagger (Bikel et al, 1997) was run on the sentences to map proper nouns to a small set of semantic classes.", 
    "keep_for_gold": 0
  }
]
