[
  {
    "citance_No": 1, 
    "citing_paper_id": "P09-1073", 
    "citing_paper_authority": 2, 
    "citing_paper_authors": "Ryu, Iida | Kentaro, Inui | Yuji, Matsumoto", 
    "raw_text": "For example, Poon and Domingos (2008) has empirically reported that such global approaches achieve performance better than theones based on incrementally processing a text", 
    "clean_text": "For example, Poon and Domingos (2008) has empirically reported that such global approaches achieve performance better than the ones based on incrementally processing a text.", 
    "keep_for_gold": 1
  }, 
  {
    "citance_No": 2, 
    "citing_paper_id": "C10-1031", 
    "citing_paper_authority": 2, 
    "citing_paper_authors": "Xiaowen, Ding | Bing, Liu", 
    "raw_text": "Ng (2008) used an Expectation-Maximization (EM) algorithm, and Poon and Domingos (2008 )ap plied Markov Logic Network (MLN)", 
    "clean_text": "Ng (2008) used an Expectation-Maximization (EM) algorithm, and Poon and Domingos (2008) applied Markov Logic Network (MLN).", 
    "keep_for_gold": 0
  }, 
  {
    "citance_No": 3, 
    "citing_paper_id": "D12-1114", 
    "citing_paper_authority": 2, 
    "citing_paper_authors": "Xin, Zhao | Yang, Song | Sujian, Li | Jing, Jiang | Houfeng, Wang", 
    "raw_text": "In fact, Markov logic has been previously used by Poon and Domingos (2008) for co reference resolution and achieved good 1245 results, but it was used for unsupervised co reference resolution and the method was based on a different model, the entity-mention model. More specifically, to combine mention clustering with pairwise classification, we adopt the commonly used strategies (such as best-first clustering and transitivity constraint), and formulate them as first-order logic formulas under the Markov logic framework", 
    "clean_text": "In fact, Markov logic has been previously used by Poon and Domingos (2008) for coreference resolution and achieved good results, but it was used for unsupervised coreference resolution and the method was based on a different model, the entity-mention model.", 
    "keep_for_gold": 1
  }, 
  {
    "citance_No": 4, 
    "citing_paper_id": "D12-1114", 
    "citing_paper_authority": 2, 
    "citing_paper_authors": "Xin, Zhao | Yang, Song | Sujian, Li | Jing, Jiang | Houfeng, Wang", 
    "raw_text": "For co reference resolution, the most notable one is unsupervised co reference resolution by Poon and Domingos (2008)", 
    "clean_text": "For coreference resolution, the most notable one is unsupervised coreference resolution by Poon and Domingos (2008).", 
    "keep_for_gold": 0
  }, 
  {
    "citance_No": 5, 
    "citing_paper_id": "D12-1114", 
    "citing_paper_authority": 2, 
    "citing_paper_authors": "Xin, Zhao | Yang, Song | Sujian, Li | Jing, Jiang | Houfeng, Wang", 
    "raw_text": "To seek good performance in an unsupervised way, Poon and Domingos (2008) highly rely on two important strong indicators: appositives and predicate nominatives", 
    "clean_text": "To seek good performance in an unsupervised way, Poon and Domingos (2008) highly rely on two important strong indicators: appositives and predicate nominatives.", 
    "keep_for_gold": 0
  }, 
  {
    "citance_No": 6, 
    "citing_paper_id": "N09-3001", 
    "citing_paper_authority": 2, 
    "citing_paper_authors": "Smita, Vemulapalli | Xiaoqiang, Luo | John F., Pitrelli | Imed, Zitouni", 
    "raw_text": "Poon and Domingos (Poon and Domingos, 2008) use an unsupervised technique based on joint inference across mentions and Markov logic as a rep re sentation language for their system on both MUCand ACE data", 
    "clean_text": "Poon and Domingos (Poon and Domingos, 2008) use an unsupervised technique based on joint inference across mentions and Markov logic as a representation language for their system on both MUC and ACE data.", 
    "keep_for_gold": 0
  }, 
  {
    "citance_No": 7, 
    "citing_paper_id": "P10-1120", 
    "citing_paper_authority": 1, 
    "citing_paper_authors": "Amit, Dubey", 
    "raw_text": "It should be 2As we are not interested in unsupervised inference, the system of Poon and Domingos (2008) was unsuitable for our needs", 
    "clean_text": "As we are not interested in unsupervised inference, the system of Poon and Domingos (2008) was unsuitable for our needs.", 
    "keep_for_gold": 0
  }, 
  {
    "citance_No": 8, 
    "citing_paper_id": "W11-1915", 
    "citing_paper_authority": 1, 
    "citing_paper_authors": "&Eacute;ric, Charton | Michel, Gagnon", 
    "raw_text": "A constraint-based graph partitioning system has been experimented by (Sapena et al., 2010) and a co reference detection system base don Markov logic networks (MLNs) has been pro posed by (Poon and Domingos, 2008)", 
    "clean_text": "A constraint-based graph partitioning system has been experimented by (Sapena et al., 2010) and a coreference detection system based on Markov logic networks (MLNs) has been proposed by (Poon and Domingos, 2008).", 
    "keep_for_gold": 0
  }, 
  {
    "citance_No": 9, 
    "citing_paper_id": "P11-1079", 
    "citing_paper_authority": 8, 
    "citing_paper_authors": "Hamidreza, Kobdani | Hinrich, Sch&uuml;tze | Michael, Schiehlen | Hans, Kamp", 
    "raw_text": "Poon and Domingos (2008) introduced an unsupervised system in the framework of Markov logic", 
    "clean_text": "Poon and Domingos (2008) introduced an unsupervised system in the framework of Markov logic.", 
    "keep_for_gold": 0
  }, 
  {
    "citance_No": 10, 
    "citing_paper_id": "P11-1079", 
    "citing_paper_authority": 8, 
    "citing_paper_authors": "Hamidreza, Kobdani | Hinrich, Sch&uuml;tze | Michael, Schiehlen | Hans, Kamp", 
    "raw_text": "P& amp; D (Poon and Domingos, 2008) on ACE-2; and to Ng (Ng, 2008) and H& amp; K5 (Haghighi and Klein, 2007) on ACE2003", 
    "clean_text": "", 
    "keep_for_gold": 0
  }, 
  {
    "citance_No": 11, 
    "citing_paper_id": "N09-1024", 
    "citing_paper_authority": 19, 
    "citing_paper_authors": "Hoifung, Poon | Colin, Cherry | Kristina, Toutanova", 
    "raw_text": "We develop efficient learning and inference algorithms using a novel combination of two ideas from previous work on unsupervised learning with log-linear models: contrastive estimation (Smith and Eisner, 2005) and sampling (Poon and Domingos, 2008)", 
    "clean_text": "We develop efficient learning and inference algorithms using a novel combination of two ideas from previous work on unsupervised learning with log-linear models: contrastive estimation (Smith and Eisner, 2005) and sampling (Poon and Domingos, 2008).", 
    "keep_for_gold": 0
  }, 
  {
    "citance_No": 12, 
    "citing_paper_id": "D12-1053", 
    "citing_paper_authority": 1, 
    "citing_paper_authors": "Mathias, Verbeke | Luc, De Raedt | Vincent, Van Asch | Roser, Morante | Paolo, Frasconi | Walter, Daelemans", 
    "raw_text": "The most popular formalism today is MarkovLogic, which has already been used for natural language processing tasks such as semantic role labeling (Riedel and Meza-Ruiz, 2008) and coreferenceresolution (Poon and Domingos, 2008)", 
    "clean_text": "The most popular formalism today is Markov Logic, which has already been used for natural language processing tasks such as semantic role labeling (Riedel and Meza-Ruiz, 2008) and coreference resolution (Poon and Domingos, 2008).", 
    "keep_for_gold": 0
  }, 
  {
    "citance_No": 13, 
    "citing_paper_id": "C10-1019", 
    "citing_paper_authority": 2, 
    "citing_paper_authors": "Wanxiang, Che | Ting, Liu", 
    "raw_text": "It has been successfully used in temporal relations recognition (Yoshikawa et al, 2009), co-reference resolution (Poon and Domingos, 2008), etc. It is very easy to do joint modeling using Markovlogic", 
    "clean_text": "It has been successfully used in temporal relations recognition (Yoshikawa et al, 2009), co-reference resolution (Poon and Domingos, 2008), etc.", 
    "keep_for_gold": 0
  }, 
  {
    "citance_No": 14, 
    "citing_paper_id": "D09-1001", 
    "citing_paper_authority": 45, 
    "citing_paper_authors": "Hoifung, Poon | Pedro, Domingos", 
    "raw_text": "2possible to compactly specify probability distributions over complex relational domains, and has been successfully applied to unsupervised co refer ence resolution (Poon and Domingos, 2008) and other tasks", 
    "clean_text": "Markov logic makes it possible to compactly specify probability distributions over complex relational domains, and has been successfully applied to unsupervised coreference resolution (Poon and Domingos, 2008) and other tasks.", 
    "keep_for_gold": 0
  }, 
  {
    "citance_No": 15, 
    "citing_paper_id": "D09-1120", 
    "citing_paper_authority": 42, 
    "citing_paper_authors": "Aria, Haghighi | Dan, Klein", 
    "raw_text": "2? ACE2004-NWIRE: ACE 2004 Newswire set to compare against Poon and Domingos (2008) .Consists of 128 documents and 11,413 mentions; intersects with the other ACE data sets", 
    "clean_text": "ACE2004-NWIRE: ACE 2004 Newswire set to compare against Poon and Domingos (2008).", 
    "keep_for_gold": 0
  }, 
  {
    "citance_No": 16, 
    "citing_paper_id": "D09-1120", 
    "citing_paper_authority": 42, 
    "citing_paper_authors": "Aria, Haghighi | Dan, Klein", 
    "raw_text": "Resolving such cases will require external semantic information, which we will automatically acquire (see Section 3.2) .Predicate Nominatives: Another syntactic constraint exploited in Poon and Domingos (2008) is the predicate nominative construction, where the object of a copular verb (forms of the verb be) is constrained to co refer with its subject (e.g. Microsoft is a company in Redmond)", 
    "clean_text": "Predicate Nominatives: Another syntactic constraint exploited in Poon and Domingos (2008) is the predicate nominative construction, where the object of a copular verb (forms of the verb be) is constrained to corefer with its subject (e.g. Microsoft is a company in Redmond).", 
    "keep_for_gold": 1
  }, 
  {
    "citance_No": 17, 
    "citing_paper_id": "D09-1120", 
    "citing_paper_authority": 42, 
    "citing_paper_authors": "Aria, Haghighi | Dan, Klein", 
    "raw_text": "The vast majority of the extracted fragments are variants of traditional appositives and predicate nominatives with some of the structure of the NPs 1157 MUC b 3 Pairwise CEAF System P R F1 P R F1 P R F1 P R F1 ACE2004-ROTH-DEV BASIC-FLAT 73.5 66.8 70.0 80.6 68.6 74.1 63.6 39.7 48.9 68.4 68.4 68.4 BASIC-TREE 75.8 68.9 72.2 81.9 69.9 75.4 65.6 42.7 51.7 69.8 69.8 69.8 +SYN-COMPAT 77.8 68.5 72.9 84.1 69.7 76.2 71.0 43.1 53.4 69.8 69.8 69.8 +SYN-CONSTR 78.3 70.5 74.2 84.0 71.0 76.9 71.3 45.4 55.5 70.8 70.8 70.8 +SEM-COMPAT 77.9 74.1 75.9 81.8 74.3 77.9 68.2 51.2 58.5 72.5 72.5 72.5 ACE2004-CULOTTA-TEST BASIC-FLAT 68.6 60.9 64.5 80.3 68.0 73.6 57.1 30.5 39.8 66.5 66.5 66.5 BASIC-TREE 71.2 63.2 67.0 81.6 69.3 75.0 60.1 34.5 43.9 67.9 67.9 67.9 +SYN-COMPAT 74.6 65.2 69.6 84.2 70.3 76.6 66.7 37.2 47.8 69.2 69.2 69.2 +SYN-CONSTR 74.3 66.4 70.2 83.6 71.0 76.8 66.4 38.0 48.3 69.6 69.6 69.6 +SEM-COMPAT 74.8 77.7 79.6 79.6 78.5 79.0 57.5 57.6 57.5 73.3 73.3 73.3 Supervised ResultsCulotta et al (2007)- 86.7 73.2 79.3-- Bengston and Roth (2008) 82.7 69.9 75.8 88.3 74.5 80.8 55.4 63.7 59.2- MUC6-TEST +SEM-COMPAT 87.2 77.3 81.9 84.7 67.3 75.0 80.5 57.8 67.3 72.0 72.0 72.0 Unsupervised ResultsPoon and Domingos (2008) 83.0 75.8 79.2- 63.0 57.0 60.0- Supervised ResultsFinkel and Manning (2008) 89.7 55.1 68.3 90.9 49.7 64.3 74.1 37.1 49.5- ACE2004-NWIRE +SEM-COMPAT 77.0 75.9 76.5 79.4 74.5 76.9 66.9 49.2 56.7 71.5 71.5 71.5 Unsupervised ResultsPoon and Domingos (2008) 71.3 70.5 70.9- 62.6 38.9 48.0- Table 2: Experimental Results (See Section 4): When comparisons between systems are presented, the largest result is bolded", 
    "clean_text": "", 
    "keep_for_gold": 0
  }, 
  {
    "citance_No": 18, 
    "citing_paper_id": "D09-1120", 
    "citing_paper_authority": 42, 
    "citing_paper_authors": "Aria, Haghighi | Dan, Klein", 
    "raw_text": "The majority of errors are made in the NOMINALcategory.forms both Poon and Domingos (2008) (an unsupervised Markov Logic Network system which uses explicit constraints) and Finkel and Manning (2008) (a supervised system which uses ILP inference to reconcile the predictions of a pairwise classifier) on all comparable measures", 
    "clean_text": "On the MUC6-TEST dataset, our system outperforms both Poon and Domingos (2008) (an unsupervised Markov Logic Network system which uses explicit constraints) and Finkel and Manning (2008) (a supervised system which uses ILP inference to reconcile the predictions of a pairwise classifier) on all comparable measures.", 
    "keep_for_gold": 0
  }, 
  {
    "citance_No": 19, 
    "citing_paper_id": "D09-1120", 
    "citing_paper_authority": 42, 
    "citing_paper_authors": "Aria, Haghighi | Dan, Klein", 
    "raw_text": "11Similarly, on the ACE2004-NWIRE dataset, we also out perform the state-of-the-art unsupervised system of Poon and Domingos (2008) .Overall, we conclude that our system outperforms state-of-the-art unsupervised systems 12andis in the range of the state-of-the art systems of Culotta et al (2007) and Bengston and Roth (2008)", 
    "clean_text": "Similarly, on the ACE2004-NWIRE dataset, we also outperform the state-of-the-art unsupervised system of Poon and Domingos (2008).", 
    "keep_for_gold": 0
  }, 
  {
    "citance_No": 20, 
    "citing_paper_id": "D10-1048", 
    "citing_paper_authority": 38, 
    "citing_paper_authors": "Karthik, Raghunathan | Heeyoung, Lee | Sudarshan, Rangarajan | Nate, Chambers | Mihai, Surdeanu | Daniel, Jurafsky | Christopher D., Manning", 
    "raw_text": "Two recent works that diverge from this pattern are Culotta et al (2007) and PoonandDomingos (2008)", 
    "clean_text": "", 
    "keep_for_gold": 0
  }
]
