[
  {
    "citance_No": 1, 
    "citing_paper_id": "P14-2026", 
    "citing_paper_authority": 0, 
    "citing_paper_authors": "Jingsheng, Cai | Masao, Utiyama | Eiichiro, Sumita | Yujie, Zhang", 
    "raw_text": "Moreover, this rule set subs tan tially decreased the total times of rule application about 60%, compared with a constituent-based approach (Wang et al, 2007)", 
    "clean_text": "Moreover, this rule set substantially decreased the total times of rule application about 60%, compared with a constituent-based approach (Wang et al, 2007).", 
    "keep_for_gold": 1
  }, 
  {
    "citance_No": 2, 
    "citing_paper_id": "P14-2026", 
    "citing_paper_authority": 0, 
    "citing_paper_authors": "Jingsheng, Cai | Masao, Utiyama | Eiichiro, Sumita | Yujie, Zhang", 
    "raw_text": "The most similar work to this paper is that of Wang et al (2007)", 
    "clean_text": "The most similar work to this paper is that of Wang et al (2007).", 
    "keep_for_gold": 0
  }, 
  {
    "citance_No": 3, 
    "citing_paper_id": "P14-2026", 
    "citing_paper_authority": 0, 
    "citing_paper_authors": "Jingsheng, Cai | Masao, Utiyama | Eiichiro, Sumita | Yujie, Zhang", 
    "raw_text": "We argue that even though the rules by Wang et al (2007) exist, it is almost impossible to automatically convert their rules into rules that are applicable to dependency parsers", 
    "clean_text": "We argue that even though the rules by Wang et al (2007) exist, it is almost impossible to automatically convert their rules into rules that are applicable to dependency parsers.", 
    "keep_for_gold": 0
  }, 
  {
    "citance_No": 4, 
    "citing_paper_id": "P14-2026", 
    "citing_paper_authority": 0, 
    "citing_paper_authors": "Jingsheng, Cai | Masao, Utiyama | Eiichiro, Sumita | Yujie, Zhang", 
    "raw_text": "The training data, which included those data used in Wang et al (2007), contained 1 million pairs of sentences extracted from the Linguistic Data Consortium? s parallel news corpora", 
    "clean_text": "The training data, which included those data used in Wang et al (2007), contained 1 million pairs of sentences extracted from the Linguistic Data Consortium's parallel news corpora.", 
    "keep_for_gold": 0
  }, 
  {
    "citance_No": 5, 
    "citing_paper_id": "P14-2026", 
    "citing_paper_authority": 0, 
    "citing_paper_authors": "Jingsheng, Cai | Masao, Utiyama | Eiichiro, Sumita | Yujie, Zhang", 
    "raw_text": "For evaluation, we used BLEU scores (Papineni et al, 2002) .We implemented the constituent-based preordering rule set in Wang et al (2007) for comparison, which is called WR07 below", 
    "clean_text": "We implemented the constituent-based preordering rule set in Wang et al (2007) for comparison, which is called WR07 below.", 
    "keep_for_gold": 0
  }, 
  {
    "citance_No": 6, 
    "citing_paper_id": "P14-2026", 
    "citing_paper_authority": 0, 
    "citing_paper_authors": "Jingsheng, Cai | Masao, Utiyama | Eiichiro, Sumita | Yujie, Zhang", 
    "raw_text": "The overall accuracy of this rule set is 60.0%, which is almost at the same level as the WR07 rule set (62.1%), according to the similar evaluation (200 sentences and one annotator) con ducted in Wang et al (2007)", 
    "clean_text": "The overall accuracy of this rule set is 60.0%, which is almost at the same level as the WR07 rule set (62.1%), according to the similar evaluation (200 sentences and one annotator) conducted in Wang et al (2007).", 
    "keep_for_gold": 0
  }, 
  {
    "citance_No": 7, 
    "citing_paper_id": "P08-1114", 
    "citing_paper_authority": 49, 
    "citing_paper_authors": "Yuval, Marton | Philip, Resnik", 
    "raw_text": "Our introduction has al ready briefly noted Cowan et al (2006), who relax parse-tree-based alignment to permit alignment of non-constituent sub phrases on the source side, and translate modifiers using a separate phrase-based model, and DeNeefe et al (2007), who modify syntax-based extraction and binarize trees (following (Wang et al, 2007b)) to improve phrasal cov 1009erage", 
    "clean_text": "", 
    "keep_for_gold": 0
  }, 
  {
    "citance_No": 8, 
    "citing_paper_id": "P08-1114", 
    "citing_paper_authority": 49, 
    "citing_paper_authors": "Yuval, Marton | Philip, Resnik", 
    "raw_text": "noun phrases and translating them separately (Owczarzak et al, 2006), or by per forming hard reorderings of source parse trees in order to more closely approximate target-language word order (Wang et al, 2007a; Collins et al, 2005)", 
    "clean_text": "", 
    "keep_for_gold": 0
  }, 
  {
    "citance_No": 9, 
    "citing_paper_id": "W10-3811", 
    "citing_paper_authority": 3, 
    "citing_paper_authors": "Thoudam Doren, Singh | Sivaji, Bandyopadhyay", 
    "raw_text": "The basic difference of Manipuri phrase order compared to English is handled by reordering the input sentence following the rule (Rao et al, 2000): SSmV VmOOmCm?? C &apos ;mS &apos ;mS &apos; O &apos ;mO &apos; V &apos ;mV &apos; where, S: Subject O: Object V: Verb Cm: Clause modifier X &apos;: Corresponding constituent in Manipuri, where X is S, O, or V Xm: modifier of X There are two reasons why the syntactic reordering approach improves over the baseline phrase-based SMT system (Wang et al, 2007)", 
    "clean_text": "There are two reasons why the syntactic reordering approach improves over the baseline phrase-based SMT system (Wang et al, 2007).", 
    "keep_for_gold": 0
  }, 
  {
    "citance_No": 10, 
    "citing_paper_id": "P09-1090", 
    "citing_paper_authority": 9, 
    "citing_paper_authors": "Ananthakrishnan, Ramanathan | Hansraj, Choudhary | Avishek, Ghosh | Pushpak, Bhattacharyya", 
    "raw_text": "Collinset al (2005) propose German clause restructuring to improve German-English SMT, while Wanget al (2007) present similar work for Chinese English SMT", 
    "clean_text": "Collins et al (2005) propose German clause restructuring to improve German-English SMT, while Wang et al (2007) present similar work for Chinese English SMT.", 
    "keep_for_gold": 0
  }, 
  {
    "citance_No": 11, 
    "citing_paper_id": "W11-1010", 
    "citing_paper_authority": 1, 
    "citing_paper_authors": "Adam, Meyers | Michiko, Kosaka | Shasha, Liao | Nianwen, Xue", 
    "raw_text": "Both achieve BLEU score improvements for SMT: 25.2% to 26.8% for (Collins et al, 2005) and 28.52 to 30.86 for (Wang et al, 2007)", 
    "clean_text": "Both achieve BLEU score improvements for SMT: 25.2% to 26.8% for (Collins et al, 2005) and 28.52 to 30.86 for (Wang et al, 2007).", 
    "keep_for_gold": 0
  }, 
  {
    "citance_No": 12, 
    "citing_paper_id": "W11-1010", 
    "citing_paper_authority": 1, 
    "citing_paper_authors": "Adam, Meyers | Michiko, Kosaka | Shasha, Liao | Nianwen, Xue", 
    "raw_text": "(Wang et al, 2007) uses rules very similar to our own as they use the same language pair, although they reorder the Chinese, whereas we reorder the English", 
    "clean_text": "(Wang et al, 2007) uses rules very similar to our own as they use the same language pair, although they reorder the Chinese, whereas we reorder the English.", 
    "keep_for_gold": 0
  }, 
  {
    "citance_No": 13, 
    "citing_paper_id": "P12-1096", 
    "citing_paper_authority": 4, 
    "citing_paper_authors": "Nan, Yang | Nenghai, Yu | Mu, Li | Dongdong, Zhang", 
    "raw_text": "(2005), Wang et al (2007), Ramanathan et al (2008), Lee et al (2010) have developed rules for German-English, Chinese-English, English-Hindi and English-Japanese respectively", 
    "clean_text": "", 
    "keep_for_gold": 0
  }, 
  {
    "citance_No": 14, 
    "citing_paper_id": "P09-1048", 
    "citing_paper_authority": 4, 
    "citing_paper_authors": "Kristen, Parton | Kathleen R., McKeown | Bob, Coyne | Mona, Diab | Ralph, Grishman | Dilek, Hakkani-T&uuml;r | Mary P., Harper | Heng, Ji | Wei-Yun, Ma | Adam, Meyers | Sara, Stolbach | Ang, Sun | Gokhan, Tur | Wei, Xu | Sibel, Yaman", 
    "raw_text": "Long-distance phrase movement is a common problem in Chinese-English MT, and many MT systems try to handle it (e.g., Wang et al. 2007)", 
    "clean_text": "Long-distance phrase movement is a common problem in Chinese-English MT, and many MT systems try to handle it (e.g., Wang et al. 2007).", 
    "keep_for_gold": 0
  }, 
  {
    "citance_No": 15, 
    "citing_paper_id": "C10-1043", 
    "citing_paper_authority": 25, 
    "citing_paper_authors": "Dmitriy, Genzel", 
    "raw_text": "There is similar work for Chinese-English (Wang et al, 2007) and quite a few other languages", 
    "clean_text": "There is similar work for Chinese-English (Wang et al, 2007) and quite a few other languages.", 
    "keep_for_gold": 0
  }, 
  {
    "citance_No": 16, 
    "citing_paper_id": "W09-0420", 
    "citing_paper_authority": 8, 
    "citing_paper_authors": "Alexander, Fraser", 
    "raw_text": "and Ney (2006), Wang et al (2007) and many others", 
    "clean_text": "", 
    "keep_for_gold": 0
  }, 
  {
    "citance_No": 17, 
    "citing_paper_id": "E09-1011", 
    "citing_paper_authority": 3, 
    "citing_paper_authors": "Ibrahim, Badr | Rabih, Zbib | James R., Glass", 
    "raw_text": "Most relevant to the approach in this paper are Collins et al (2005) and Wang et al (2007)", 
    "clean_text": "", 
    "keep_for_gold": 0
  }, 
  {
    "citance_No": 18, 
    "citing_paper_id": "E09-1011", 
    "citing_paper_authority": 3, 
    "citing_paper_authors": "Ibrahim, Badr | Rabih, Zbib | James R., Glass", 
    "raw_text": "These rules are motivated by the Arabic syntactic facts described in Section 2.2.Much like Wang et al (2007), we parse the English side of our corpora and reorder using predefined rules", 
    "clean_text": "Much like Wang et al (2007), we parse the English side of our corpora and reorder using predefined rules.", 
    "keep_for_gold": 0
  }, 
  {
    "citance_No": 19, 
    "citing_paper_id": "P09-2084", 
    "citing_paper_authority": 3, 
    "citing_paper_authors": "Wei-Yun, Ma | Kathleen R., McKeown", 
    "raw_text": "Chinese ordering differs from English mainly in clause ordering (Wang et al, 2007) and within the noun phrase", 
    "clean_text": "Chinese ordering differs from English mainly in clause ordering (Wang et al, 2007) and within the noun phrase.", 
    "keep_for_gold": 1
  }, 
  {
    "citance_No": 20, 
    "citing_paper_id": "W11-2150", 
    "citing_paper_authority": 0, 
    "citing_paper_authors": "Maxim, Khalilov | Khalil, Sima'an", 
    "raw_text": "Clause restructuring performed with hand-crafted reordering rules for German-to English and Chinese-to-English tasks are presented in (Collins et al, 2005) and (Wang et al, 2007), respectively", 
    "clean_text": "Clause restructuring performed with hand-crafted reordering rules for German-to-English and Chinese-to-English tasks are presented in (Collins et al, 2005) and (Wang et al, 2007), respectively.", 
    "keep_for_gold": 0
  }
]
