[
  {
    "citance_No": 1, 
    "citing_paper_id": "P04-1036", 
    "citing_paper_authority": 83, 
    "citing_paper_authors": "Diana, McCarthy | Rob, Koeling | Julie, Weeds | John, Carroll", 
    "raw_text": "We want to investigate the effect of frequency and choice of distributional similarity measure (Weeds et al, 2004)", 
    "clean_text": "We want to investigate the effect of frequency and choice of distributional similarity measure (Weeds et al, 2004).", 
    "keep_for_gold": 0
  }, 
  {
    "citance_No": 2, 
    "citing_paper_id": "P06-2075", 
    "citing_paper_authority": 10, 
    "citing_paper_authors": "Shachar, Mirkin | Ido, Dagan | Maayan, Zhitomirsky-Geffet", 
    "raw_text": "Amongst the many proposals for distributional similarity measures, (Lin, 1998) is maybe the most widely used one, while (Weeds et al, 2004) provides a typical example for recent research", 
    "clean_text": "Amongst the many proposals for distributional similarity measures, (Lin, 1998) is maybe the most widely used one, while (Weeds et al, 2004) provides a typical example for recent research.", 
    "keep_for_gold": 0
  }, 
  {
    "citance_No": 3, 
    "citing_paper_id": "W06-2205", 
    "citing_paper_authority": 0, 
    "citing_paper_authors": "Peter, Siniakov", 
    "raw_text": "Abstracting from results for concrete test sets, Weeds et al (2004) try to identify statistical and linguistic properties on that the performance of similarity metrics generally depends", 
    "clean_text": "Abstracting from results for concrete test sets, Weeds et al (2004) try to identify statistical and linguistic properties on that the performance of similarity metrics generally depends.", 
    "keep_for_gold": 1
  }, 
  {
    "citance_No": 4, 
    "citing_paper_id": "W06-2205", 
    "citing_paper_authority": 0, 
    "citing_paper_authors": "Peter, Siniakov", 
    "raw_text": "Therefore to compensate this deficiency (i.e. to eliminate the bias discussed in (Weeds et al, 2004)) an edge length from a property to a ranked term e (pk ,vj) is weighted by the square root of its absolute frequency? freq (vj)", 
    "clean_text": "Therefore to compensate this deficiency (i.e. to eliminate the bias discussed in (Weeds et al, 2004)) an edge length from a property to a ranked term e (pk ,vj) is weighted by the square root of its absolute frequency freq (vj).", 
    "keep_for_gold": 0
  }, 
  {
    "citance_No": 5, 
    "citing_paper_id": "W06-3811", 
    "citing_paper_authority": 4, 
    "citing_paper_authors": "Philippe, Muller | Nabil, Hathout | Bruno, Gaume", 
    "raw_text": "Approaches that rely on distributional data have two major drawbacks: they need a lot of data, generally syntactically parsed sentences, that is not al ways available for a given language (English is an exception), and they do not discriminate well among lexical relations (mainly hyponyms, antonyms ,hypernyms) (Weeds et al, 2004). Dictionary-based 70approaches address the first problem since dictionaries are readily available for a lot of language, even electronically, and this is the raison d? ?tre of our effort", 
    "clean_text": "Approaches that rely on distributional data have two major drawbacks: they need a lot of data, generally syntactically parsed sentences, that is not always available for a given language (English is an exception), and they do not discriminate well among lexical relations (mainly hyponyms, antonyms, hypernyms) (Weeds et al, 2004).", 
    "keep_for_gold": 0
  }, 
  {
    "citance_No": 6, 
    "citing_paper_id": "W06-1406", 
    "citing_paper_authority": 0, 
    "citing_paper_authors": "Jing, Lin", 
    "raw_text": "Over recent years, many applications (Lin, 1998), (Lee, 1999), (Lee, 2001), (Weeds et al,2004), and (Weeds and Weir, 2006) have been investigating the distributional similarity of words", 
    "clean_text": "", 
    "keep_for_gold": 0
  }, 
  {
    "citance_No": 7, 
    "citing_paper_id": "W06-1406", 
    "citing_paper_authority": 0, 
    "citing_paper_authors": "Jing, Lin", 
    "raw_text": "The co-occurrence types of a target word (w) are the context, c, in which it occurs and these have associated frequencies which may be used to form probability estimates (Weeds et al, 2004)", 
    "clean_text": "Over recent years, many applications (Lin, 1998), (Lee, 1999), (Lee, 2001), (Weeds et al,2004), and (Weeds and Weir, 2006) have been investigating the distributional similarity of words.", 
    "keep_for_gold": 0
  }, 
  {
    "citance_No": 8, 
    "citing_paper_id": "W09-0215", 
    "citing_paper_authority": 10, 
    "citing_paper_authors": "Daoud, Clarke", 
    "raw_text": "Our notion of entailment is 113 based on the concept of distributional generality (Weeds et al, 2004), a generalisation of the distributional hypothesis of Harris (1985), in which itis assumed that terms with a more general meaning will occur in a wider array of contexts, an idea later developed by Geffet and Dagan (2005)", 
    "clean_text": "Our notion of entailment is 113 based on the concept of distributional generality (Weeds et al, 2004), a generalisation of the distributional hypothesis of Harris (1985), in which it is assumed that terms with a more general meaning will occur in a wider array of contexts, an idea later developed by Geffet and Dagan (2005).", 
    "keep_for_gold": 0
  }, 
  {
    "citance_No": 9, 
    "citing_paper_id": "W09-0215", 
    "citing_paper_authority": 10, 
    "citing_paper_authors": "Daoud, Clarke", 
    "raw_text": "Weeds et al (2004) also found that frequency played a large role in determining the direction of entailment, with the more general term often occurring more frequently", 
    "clean_text": "Weeds et al (2004) also found that frequency played a large role in determining the direction of entailment, with the more general term often occurring more frequently.", 
    "keep_for_gold": 1
  }, 
  {
    "citance_No": 10, 
    "citing_paper_id": "P10-4006", 
    "citing_paper_authority": 17, 
    "citing_paper_authors": "David, Jurgens | Keith, Stevens", 
    "raw_text": "Typically the function is empirically chosen base don a performance benchmark and different functions have been shown to provide application specific benefits (Weeds et al, 2004)", 
    "clean_text": "Typically the function is empirically chosen based on a performance benchmark and different functions have been shown to provide application specific benefits (Weeds et al, 2004).", 
    "keep_for_gold": 0
  }, 
  {
    "citance_No": 11, 
    "citing_paper_id": "W11-2128", 
    "citing_paper_authority": 2, 
    "citing_paper_authors": "Yuval, Marton | Ahmed, El Kholy | Nizar, Habash", 
    "raw_text": "For details on DPs and distributional measures, see Weeds et al (2004) and Turney and Pantel (2010) .The search of the corpus for paraphrase candidates is performed in the following manner: 1", 
    "clean_text": "For details on DPs and distributional measures, see Weeds et al (2004) and Turney and Pantel (2010). The search of the corpus for paraphrase candidates is performed in the following manner:.", 
    "keep_for_gold": 0
  }, 
  {
    "citance_No": 12, 
    "citing_paper_id": "W11-2128", 
    "citing_paper_authority": 2, 
    "citing_paper_authors": "Yuval, Marton | Ahmed, El Kholy | Nizar, Habash", 
    "raw_text": "See Madnani and Dorr (2010) for a good paraphrasing survey. Work on measuring distributional semantic distance: For one survey of this rich topic, see Weeds et al (2004) and Turney and Pantel (2010)", 
    "clean_text": "Work on measuring distributional semantic distance: For one survey of this rich topic, see Weeds et al (2004) and Turney and Pantel (2010).", 
    "keep_for_gold": 0
  }, 
  {
    "citance_No": 13, 
    "citing_paper_id": "W12-3402", 
    "citing_paper_authority": 0, 
    "citing_paper_authors": "Yannick, Versley", 
    "raw_text": "As a result, researchers have proposed different approaches to pro duce transformed vectors using more sophisticated association statistics (see Dumais, 1991, Weeds et al, 2004, Turney and Pantel, 2010, inter alia)", 
    "clean_text": "As a result, researchers have proposed different approaches to produce transformed vectors using more sophisticated association statistics (see Dumais, 1991, Weeds et al, 2004, Turney and Pantel, 2010, inter alia).", 
    "keep_for_gold": 0
  }, 
  {
    "citance_No": 14, 
    "citing_paper_id": "D07-1052", 
    "citing_paper_authority": 6, 
    "citing_paper_authors": "Yannick, Versley", 
    "raw_text": "Using the framework of Weeds et al (2004), we found that the bias of lower frequency words for preferring high-frequency neighbours was higher for RFF (0.58 against 0.35 for Lin? s measure)", 
    "clean_text": "Using the framework of Weeds et al (2004), we found that the bias of lower frequency words for preferring high-frequency neighbours was higher for RFF (0.58 against 0.35 for Lin? s measure).", 
    "keep_for_gold": 0
  }, 
  {
    "citance_No": 15, 
    "citing_paper_id": "D10-1073", 
    "citing_paper_authority": 8, 
    "citing_paper_authors": "Ioannis P., Klapaftis | Suresh, Manandhar", 
    "raw_text": "of Weeds et al (2004), who analyzed the variation in a word? s distribution ally nearest neighbours with respect to a variety of similarity measures", 
    "clean_text": "of Weeds et al (2004), who analyzed the variation in a word's distribution ally nearest neighbours with respect to a variety of similarity measures.", 
    "keep_for_gold": 1
  }, 
  {
    "citance_No": 16, 
    "citing_paper_id": "D10-1073", 
    "citing_paper_authority": 8, 
    "citing_paper_authors": "Ioannis P., Klapaftis | Suresh, Manandhar", 
    "raw_text": "Theiranalysis showed that there are three classes of measures ,i.e. those selecting distribution ally more general neighbours (e.g. cosine), those selecting distribution ally less general neighbours (e.g. AMCRM Precision (Weeds et al, 2004)) and those without abias towards the distributional generality of a neigh bour (e.g. Jaccard)", 
    "clean_text": "Their analysis showed that there are three classes of measures ,i.e. those selecting distribution ally more general neighbours (e.g. cosine), those selecting distribution ally less general neighbours (e.g. AMCRM Precision (Weeds et al, 2004)) and those without abias towards the distributional generality of a neigh bour (e.g. Jaccard).", 
    "keep_for_gold": 0
  }, 
  {
    "citance_No": 17, 
    "citing_paper_id": "P05-1014", 
    "citing_paper_authority": 29, 
    "citing_paper_authors": "Maayan, Zhitomirsky-Geffet | Ido, Dagan", 
    "raw_text": "Weeds et al (2004) attempted to refine the distributional similarity goal to predict whether one term is a generalization/specification of the other", 
    "clean_text": "Weeds et al (2004) attempted to refine the distributional similarity goal to predict whether one term is a generalization/specification of the other.", 
    "keep_for_gold": 1
  }, 
  {
    "citance_No": 18, 
    "citing_paper_id": "P14-2086", 
    "citing_paper_authority": 0, 
    "citing_paper_authors": "Michael, Roth | Sabine, Schulte Im Walde", 
    "raw_text": "Weeds et al (2004), Lenciand Benotto (2012) and Santus et al (2014) identified hypernyms in distributional spaces", 
    "clean_text": "Weeds et al (2004), Lenciand Benotto (2012) and Santus et al (2014) identified hypernyms in distributional spaces.", 
    "keep_for_gold": 0
  }
]
