[
  {
    "citance_No": 1, 
    "citing_paper_id": "C04-1155", 
    "citing_paper_authority": 1, 
    "citing_paper_authors": "Fai, Wong | Dong-Cheng, Hu | Yu-Hang, Mao | Ming-Chui, Dong", 
    "raw_text": "The construction of bilingual knowledge base, in the development of example-based machine translation systems (Sato and Nagao, 1990), is vitally critical", 
    "clean_text": "The construction of bilingual knowledge base, in the development of example-based machine translation systems (Sato and Nagao, 1990), is vitally critical.", 
    "keep_for_gold": 0
  }, 
  {
    "citance_No": 2, 
    "citing_paper_id": "W97-0405", 
    "citing_paper_authority": 2, 
    "citing_paper_authors": "Keiko, Horiguchi", 
    "raw_text": "For example, (Sato and Nagao, 1990} combine a measure of structural similarity with a measure of word distance in order to obtain the overall distance measure that is used for matching", 
    "clean_text": "For example, (Sato and Nagao, 1990} combine a measure of structural similarity with a measure of word distance in order to obtain the overall distance measure that is used for matching.", 
    "keep_for_gold": 1
  }, 
  {
    "citance_No": 3, 
    "citing_paper_id": "P00-1054", 
    "citing_paper_authority": 4, 
    "citing_paper_authors": "Eiichiro, Sumita", 
    "raw_text": "This is the same idea as example-based machine translation (Sato and Nagao, 1990 and Furuse et .al., 1994)", 
    "clean_text": "This is the same idea as example-based machine translation (Sato and Nagao, 1990 and Furuse et .al., 1994).", 
    "keep_for_gold": 0
  }, 
  {
    "citance_No": 4, 
    "citing_paper_id": "W02-1604", 
    "citing_paper_authority": 0, 
    "citing_paper_authors": "Chris, Brockett | Takako, Aikawa | Anthony, Aue | Arul, Menezes | Chris, Quirk | Hisami, Suzuki", 
    "raw_text": "In the wake of the pioneering work of Nagao (1984), Brown et al (1990) and Sato and Nagao (1990), Machine Translation (MT) research has increasingly focused on the issue of how to acquire translation knowledge from aligned parallel texts", 
    "clean_text": "In the wake of the pioneering work of Nagao (1984), Brown et al (1990) and Sato and Nagao (1990), Machine Translation (MT) research has increasingly focused on the issue of how to acquire translation knowledge from aligned parallel texts.", 
    "keep_for_gold": 0
  }
]
