[
  {
    "citance_No": 1, 
    "citing_paper_id": "C02-1078", 
    "citing_paper_authority": 8, 
    "citing_paper_authors": "Kazuhiro, Seki | Atsushi, Fujii | Tetsuya, Ishikawa", 
    "raw_text": "In the case of English, partially motivated by Message Understanding Conferences (MUCs) (Grishman and Sundheim, 1996), a number of co reference resolution methods have been proposed", 
    "clean_text": "In the case of English, partially motivated by Message Understanding Conferences (MUCs) (Grishman and Sundheim, 1996), a number of coreference resolution methods have been proposed.", 
    "keep_for_gold": 0
  }, 
  {
    "citance_No": 2, 
    "citing_paper_id": "W12-3202", 
    "citing_paper_authority": 1, 
    "citing_paper_authors": "Ashton, Anderson | Daniel, Jurafsky | Daniel A., McFarland", 
    "raw_text": "A condition of attending the MUCworkshops was participation in a required evaluation (bakeoff) task of filling slots in templates about events, and began (after an exploratory MUC-1 in 1987) with MUC-2 in 1989, followed by MUC-3 (1991), MUC-4 (1992), MUC-5 (1993) and MUC 6 (1995) (Grishman and Sundheim, 1996)", 
    "clean_text": "A condition of attending the MUC workshops was participation in a required evaluation (bakeoff) task of filling slots in templates about events, and began (after an exploratory MUC-1 in 1987) with MUC-2 in 1989, followed by MUC-3 (1991), MUC-4 (1992), MUC-5 (1993) and MUC 6 (1995) (Grishman and Sundheim, 1996).", 
    "keep_for_gold": 0
  }, 
  {
    "citance_No": 3, 
    "citing_paper_id": "P10-1123", 
    "citing_paper_authority": 3, 
    "citing_paper_authors": "Shachar, Mirkin | Ido, Dagan | Sebastian, Pad&oacute;", 
    "raw_text": "Discourse references have been the subject of attention in both the Message Understanding Conference (Grishman and Sundheim, 1996) and the Automatic Content Extraction program (Strassel et al., 2008)", 
    "clean_text": "Discourse references have been the subject of attention in both the Message Understanding Conference (Grishman and Sundheim, 1996) and the Automatic Content Extraction program (Strassel et al., 2008).", 
    "keep_for_gold": 0
  }, 
  {
    "citance_No": 4, 
    "citing_paper_id": "W06-3607", 
    "citing_paper_authority": 3, 
    "citing_paper_authors": "Heng, Ji | Cynthia, Rudin | Ralph, Grishman", 
    "raw_text": "There have been a very large number of NE tagger implementations since this task was introduced at MUC-6 (Grishman and Sundheim, 1996)", 
    "clean_text": "There have been a very large number of NE tagger implementations since this task was introduced at MUC-6 (Grishman and Sundheim, 1996).", 
    "keep_for_gold": 0
  }, 
  {
    "citance_No": 5, 
    "citing_paper_id": "N10-1087", 
    "citing_paper_authority": 10, 
    "citing_paper_authors": "Zornitsa, Kozareva | Eduard, Hovy", 
    "raw_text": "The automated construction of semantically typed lexicons (terms classified into their appropriate semantic class) from unstructured text is of great importance for various kinds of information extraction (Grishman and Sundheim, 1996), question answering (Moldovan et al, 1999), and ontology population (Suchanek et al, 2007)", 
    "clean_text": "The automated construction of semantically typed lexicons (terms classified into their appropriate semantic class) from unstructured text is of great importance for various kinds of information extraction (Grishman and Sundheim, 1996), question answering (Moldovan et al, 1999), and ontology population (Suchanek et al, 2007).", 
    "keep_for_gold": 0
  }, 
  {
    "citance_No": 6, 
    "citing_paper_id": "C04-1126", 
    "citing_paper_authority": 0, 
    "citing_paper_authors": "Mark, Stevenson", 
    "raw_text": "The topic of the sixth MUC (MUC-6) was management succession events (Grishman and Sundheim, 1996)", 
    "clean_text": "The topic of the sixth MUC (MUC-6) was management succession events (Grishman and Sundheim, 1996).", 
    "keep_for_gold": 0
  }, 
  {
    "citance_No": 7, 
    "citing_paper_id": "C04-1126", 
    "citing_paper_authority": 0, 
    "citing_paper_authors": "Mark, Stevenson", 
    "raw_text": "Figure 2 is a simplified event from the the MUC-6 evaluation similar to one described by Grishman and Sundheim (1996)", 
    "clean_text": "Figure 2 is a simplified event from the the MUC-6 evaluation similar to one described by Grishman and Sundheim (1996).", 
    "keep_for_gold": 0
  }, 
  {
    "citance_No": 8, 
    "citing_paper_id": "P10-1014", 
    "citing_paper_authority": 12, 
    "citing_paper_authors": "Laura, Chiticariu | Rajasekar, Krishnamurthy | Yunyao, Li | Sriram, Raghavan | Frederick, Reiss | Shivakumar, Vaithyanathan", 
    "raw_text": "As demonstrated by prior work (Grishman and Sundheim, 1996), grammar-based IE systems can be effective in many scenarios", 
    "clean_text": "As demonstrated by prior work (Grishman and Sundheim, 1996), grammar-based IE systems can be effective in many scenarios.", 
    "keep_for_gold": 1
  }, 
  {
    "citance_No": 9, 
    "citing_paper_id": "D07-1074", 
    "citing_paper_authority": 67, 
    "citing_paper_authors": "Silviu, Cucerzan", 
    "raw_text": "When it was introduced, in the 6th Message Understanding Conference (Grishman and Sundheim, 1996), the named entity recognition task comprised three entity identification and labeling subtasks: ENAMEX (proper names and acronyms designating persons, locations, and organizations), TIMEX (absolute temporal terms) and NUMEX (numeric expressions, monetary expressions, and percentages)", 
    "clean_text": "When it was introduced, in the 6th Message Understanding Conference (Grishman and Sundheim, 1996), the named entity recognition task comprised three entity identification and labeling subtasks: ENAMEX (proper names and acronyms designating persons, locations, and organizations), TIMEX (absolute temporal terms) and NUMEX (numeric expressions, monetary expressions, and percentages).", 
    "keep_for_gold": 0
  }, 
  {
    "citance_No": 10, 
    "citing_paper_id": "W12-4405", 
    "citing_paper_authority": 0, 
    "citing_paper_authors": "D&Atilde;&iexcl;vid M&Atilde;&iexcl;rk, Nemeskey | Eszter, Simon", 
    "raw_text": "The NER task was introduced with the 6th Message UnderstandingConference (MUC) in 1995 (Grishman and Sundheim, 1996)", 
    "clean_text": "The NER task was introduced with the 6th Message UnderstandingConference (MUC) in 1995 (Grishman and Sundheim, 1996).", 
    "keep_for_gold": 0
  }, 
  {
    "citance_No": 11, 
    "citing_paper_id": "W04-0705", 
    "citing_paper_authority": 3, 
    "citing_paper_authors": "Heng, Ji | Ralph, Grishman", 
    "raw_text": "The problem of name recognition and classification has been intensively studied since 1995, when it was introduced as part of the MUC 6 Evaluation (Grishman and Sundheim, 1996)", 
    "clean_text": "The problem of name recognition and classification has been intensively studied since 1995, when it was introduced as part of the MUC 6 Evaluation (Grishman and Sundheim, 1996).", 
    "keep_for_gold": 1
  }, 
  {
    "citance_No": 12, 
    "citing_paper_id": "W10-1737", 
    "citing_paper_authority": 10, 
    "citing_paper_authors": "Ronan, Le Nagard | Philipp, Koehn", 
    "raw_text": "A response to these problems came with the creation of shared tasks, such as the MUC [Grishman and Sundheim, 1996] which included a co-reference sub task [Chinchor and Hirschmann, 1997] and led to the creation of the MUC-6 and MUC-7 corpora. There are other annotation efforts worth mentioning, such as the ARRAU corpus [Poesio and Artstein, 2008] which include texts from various sources and deals with previous problems in annotation such as anaphora ambiguity and annotation of information on agreement, grammatical function and reference", 
    "clean_text": "", 
    "keep_for_gold": 0
  }, 
  {
    "citance_No": 13, 
    "citing_paper_id": "W04-0818", 
    "citing_paper_authority": 1, 
    "citing_paper_authors": "Samuel, Bayer | John D., Burger | John, Greiff | Benjamin, Wellner", 
    "raw_text": "In a previous attempt to define predicate-argument structure, Semeval, the effort was abandoned because so many constructs would require detailed attention and resolution, and be cause most information-extraction systems did not generate full predicate-argument structures (most likely because the task did not require it) (Grishmanand Sundheim, 1996)", 
    "clean_text": "In a previous attempt to define predicate-argument structure, Semeval, the effort was abandoned because so many constructs would require detailed attention and resolution, and because most information-extraction systems did not generate full predicate-argument structures (most likely because the task did not require it) (Grishmanand Sundheim, 1996).", 
    "keep_for_gold": 0
  }, 
  {
    "citance_No": 14, 
    "citing_paper_id": "I08-1071", 
    "citing_paper_authority": 2, 
    "citing_paper_authors": "Wisam, Dakka | Silviu, Cucerzan", 
    "raw_text": "Since the introduction of this task in MUC-6 (Grishman and Sundheim, 1996), numerous systems using various ways of exploiting entity-specific and local context features were proposed, from relatively simple character based models such as Cucerzan and Yarowsky (2002) and Klein et al (2003) to complex models making use of various lexical, syntactic ,morpho logical, and orthographical information, such as Wacholder et al (1997), Fleischman and Hovy (2002), and Florian et al (2003)", 
    "clean_text": "Since the introduction of this task in MUC-6 (Grishman and Sundheim, 1996), numerous systems using various ways of exploiting entity-specific and local context features were proposed, from relatively simple character based models such as Cucerzan and Yarowsky (2002) and Klein et al (2003) to complex models making use of various lexical, syntactic ,morpho logical, and orthographical information, such as Wacholder et al (1997), Fleischman and Hovy (2002), and Florian et al (2003).", 
    "keep_for_gold": 0
  }, 
  {
    "citance_No": 15, 
    "citing_paper_id": "W10-0712", 
    "citing_paper_authority": 2, 
    "citing_paper_authors": "Nolan, Lawson | Kevin, Eustice | Mike, Perkowitz | Meliha, Yetisgen-Yildiz", 
    "raw_text": "main (Grishman and Sundheim 1996), and email domain (Minkov et al 2005)", 
    "clean_text": "", 
    "keep_for_gold": 0
  }, 
  {
    "citance_No": 16, 
    "citing_paper_id": "W03-0509", 
    "citing_paper_authority": 4, 
    "citing_paper_authors": "Satoshi, Sekine | Chikashi, Nobata", 
    "raw_text": "We used 6 categories of entity types, which are the major cat ego ries defined in the MUC (Grishman and Sundheim 1996) or ACE project (ACE homepage)", 
    "clean_text": "We used 6 categories of entity types, which are the major categories defined in the MUC (Grishman and Sundheim 1996) or ACE project (ACE homepage).", 
    "keep_for_gold": 0
  }, 
  {
    "citance_No": 17, 
    "citing_paper_id": "W07-1505", 
    "citing_paper_authority": 3, 
    "citing_paper_authors": "Udo, Hahn | Ekaterina, Buyko | Katrin, Tomanek | Scott S. L., Piao | John, McNaught | Yoshimasa, Tsuruoka | Sophia, Ananiadou", 
    "raw_text": "For illustration purposes, we extended it here by MUC (Grishman and Sundheim, 1996) entity types such as Person, Organization, etc. This scheme is still under construction and will soon also incorporate the representation of relation ships between entities and domain-specific events", 
    "clean_text": "For illustration purposes, we extended it here by MUC (Grishman and Sundheim, 1996) entity types such as Person, Organization, etc.", 
    "keep_for_gold": 0
  }, 
  {
    "citance_No": 18, 
    "citing_paper_id": "P12-2045", 
    "citing_paper_authority": 2, 
    "citing_paper_authors": "Joel, Nothman | Matthew, Honnibal | Ben, Hachey | James R., Curran", 
    "raw_text": "Diversity IE traditionally targets a selected event type (Grishman and Sundheim, 1996)", 
    "clean_text": "Diversity IE traditionally targets a selected event type (Grishman and Sundheim, 1996).", 
    "keep_for_gold": 0
  }
]
