[
  {
    "citance_No": 1, 
    "citing_paper_id": "W07-0717", 
    "citing_paper_authority": 50, 
    "citing_paper_authors": "George, Foster | Roland, Kuhn", 
    "raw_text": "Zhao et al (2004) apply a slightly different sentence-level strategy to language model adaptation, first generating an nbest list with a baseline system, then finding similar sentences in a monolingual target-language corpus", 
    "clean_text": "Zhao et al (2004) apply a slightly different sentence-level strategy to language model adaptation, first generating an nbest list with a baseline system, then finding similar sentences in a monolingual target language corpus.", 
    "keep_for_gold": 1
  }, 
  {
    "citance_No": 2, 
    "citing_paper_id": "P13-1151", 
    "citing_paper_authority": 1, 
    "citing_paper_authors": "David, Kauchak", 
    "raw_text": "Adaptation techniques have been shown to improve language modeling performance based on perplexity (Rosenfeld, 1996) and in application areas such as speech transcription (Bacchiani and Roark, 2003) and machine translation (Zhao et al, 2004), though no previous research has examined the language model domain adaptation problem for text simplification", 
    "clean_text": "Adaptation techniques have been shown to improve language modeling performance based on perplexity (Rosenfeld, 1996) and in application areas such as speech transcription (Bacchiani and Roark, 2003) and machine translation (Zhao et al, 2004), though no previous research has examined the language model domain adaptation problem for text simplification.", 
    "keep_for_gold": 0
  }, 
  {
    "citance_No": 3, 
    "citing_paper_id": "D10-1044", 
    "citing_paper_authority": 33, 
    "citing_paper_authors": "George, Foster | Cyril, Goutte | Roland, Kuhn", 
    "raw_text": "et al, 2007), or individual target hypotheses (Zhao et al, 2004)", 
    "clean_text": "individual target hypotheses (Zhao et al, 2004).", 
    "keep_for_gold": 0
  }, 
  {
    "citance_No": 4, 
    "citing_paper_id": "W11-2133", 
    "citing_paper_authority": 3, 
    "citing_paper_authors": "Nick, Ruiz | Marcello, Federico", 
    "raw_text": "Zhao et al (2004) construct a baseline SMT system using a large background language model and use itto retrieve relevant documents from large monolin 294gual corpora and subsequently interpolate the resulting small domain-specific language model with the background language model", 
    "clean_text": "Zhao et al (2004) construct a baseline SMT system using a large background language model and use it to retrieve relevant documents from large monolingual corpora and subsequently interpolate the resulting small domain-specific language model with the background language model.", 
    "keep_for_gold": 0
  }, 
  {
    "citance_No": 5, 
    "citing_paper_id": "W10-1759", 
    "citing_paper_authority": 1, 
    "citing_paper_authors": "Kashif, Shah | Lo&iuml;c, Barrault | Holger, Schwenk", 
    "raw_text": "(Zhao et al, 2004) constructed specific language models by using machine translation output as queries to extract similar sentences from large monolingual corpora", 
    "clean_text": "(Zhao et al, 2004) constructed specific language models by using machine translation output as queries to extract similar sentences from large monolingual corpora.", 
    "keep_for_gold": 1
  }, 
  {
    "citance_No": 6, 
    "citing_paper_id": "P11-2078", 
    "citing_paper_authority": 2, 
    "citing_paper_authors": "Sankaranarayanan, Ananthakrishnan | Rohit, Prasad | Prem, Natarajan", 
    "raw_text": "Zhao et al (2004) converted initial SMT hypotheses to queries and retrieved similar sentences from a large monolingual collection", 
    "clean_text": "Zhao et al (2004) converted initial SMT hypotheses to queries and retrieved similar sentences from a large monolingual collection.", 
    "keep_for_gold": 1
  }, 
  {
    "citance_No": 7, 
    "citing_paper_id": "W09-0432", 
    "citing_paper_authority": 25, 
    "citing_paper_authors": "Nicola, Bertoldi | Marcello, Federico", 
    "raw_text": "Refinements of this approach are described in (Zhao et al., 2004)", 
    "clean_text": "Refinements of this approach are described in (Zhao et al., 2004).", 
    "keep_for_gold": 0
  }, 
  {
    "citance_No": 8, 
    "citing_paper_id": "D12-1047", 
    "citing_paper_authority": 0, 
    "citing_paper_authors": "Shixiang, Lu | Xiaoyin, Fu | Wei, Wei | Bo, Xu", 
    "raw_text": "These schemes are overall limited by the quality of the translation hypotheses (Tam et al2007 and 2008), and better initial translation hypotheses lead to better selected sentences (Zhao et al., 2004)", 
    "clean_text": "These schemes are overall limited by the quality of the translation hypotheses (Tam et al2007 and 2008), and better initial translation hypotheses lead to better selected sentences (Zhao et al., 2004).", 
    "keep_for_gold": 0
  }, 
  {
    "citance_No": 9, 
    "citing_paper_id": "W12-3153", 
    "citing_paper_authority": 4, 
    "citing_paper_authors": "Laura, Jehl | Felix, Hieber | Stefan, Riezler", 
    "raw_text": "This adaptation technique was first proposed by Zhao et al (2004)", 
    "clean_text": "This adaptation technique was first proposed by Zhao et al (2004).", 
    "keep_for_gold": 0
  }, 
  {
    "citance_No": 10, 
    "citing_paper_id": "D07-1036", 
    "citing_paper_authority": 17, 
    "citing_paper_authors": "Yajuan, L&uuml; | Jin, Huang | Qun, Liu", 
    "raw_text": "Zhao et al (2004) and Eck et al (2004) introduce information retrieval method for language model adaptation", 
    "clean_text": "Zhao et al (2004) and Eck et al (2004) introduce information retrieval method for language model adaptation.", 
    "keep_for_gold": 0
  }
]
