[
  {
    "citance_No": 1, 
    "citing_paper_id": "H05-1066", 
    "citing_paper_authority": 186, 
    "citing_paper_authors": "Ryan, McDonald | Fernando, Pereira | Kiril, Ribarov | Jan, Haji&#x10D;", 
    "raw_text": "Most previous dependency parsing models have focused on projective trees, including the work of Eisner (1996), Collins et al (1999), Yamada and Matsumoto (2003), Nivre and Scholz (2004), and McDonald et al (2005)", 
    "clean_text": "Most previous dependency parsing models have focused on projective trees, including the work of Eisner (1996), Collins et al (1999), Yamada and Matsumoto (2003), Nivre and Scholz (2004), and McDonald et al (2005).", 
    "keep_for_gold": 0
  }, 
  {
    "citance_No": 2, 
    "citing_paper_id": "P11-1069", 
    "citing_paper_authority": 8, 
    "citing_paper_authors": "Yue, Zhang | Stephen, Clark", 
    "raw_text": "In this paper wefill a gap in the CCG literature by developing a shift reduce parser for CCG.Shift-reduce parsers have become popular for dependency parsing, building on the initial work of Yamada and Matsumoto (2003) and Nivre and Scholz (2004)", 
    "clean_text": "In this paper we fill a gap in the CCG literature by developing a shift reduce parser for CCG. Shift-reduce parsers have become popular for dependency parsing, building on the initial work of Yamada and Matsumoto (2003) and Nivre and Scholz (2004).", 
    "keep_for_gold": 0
  }, 
  {
    "citance_No": 3, 
    "citing_paper_id": "P06-2041", 
    "citing_paper_authority": 11, 
    "citing_paper_authors": "Johan, Hall | Joakim, Nivre | Jens, Nilsson", 
    "raw_text": "It was extended to labeled dependency parsing by Nivre et al (2004) (for Swedish) and Nivre and Scholz (2004) (for English)", 
    "clean_text": "It was extended to labeled dependency parsing by Nivre et al (2004) (for Swedish) and Nivre and Scholz (2004) (for English).", 
    "keep_for_gold": 0
  }, 
  {
    "citance_No": 4, 
    "citing_paper_id": "P06-2041", 
    "citing_paper_authority": 11, 
    "citing_paper_authors": "Johan, Hall | Joakim, Nivre | Jens, Nilsson", 
    "raw_text": "Memory-based learning (MBL), which is based on the idea that learning is the simple storage of experiences in memory and that solving a new problem is achieved by reusing solutions from similar previously solved problems (Daelemans and Van den Bosch, 2005), has been used primarily by Nivre et al (2004), Nivre and Scholz (2004), and Sagae and Lavie (2005)", 
    "clean_text": "Memory-based learning (MBL), which is based on the idea that learning is the simple storage of experiences in memory and that solving a new problem is achieved by reusing solutions from similar previously solved problems (Daelemans and Van den Bosch, 2005), has been used primarily by Nivre et al (2004), Nivre and Scholz (2004), and Sagae and Lavie (2005).", 
    "keep_for_gold": 0
  }, 
  {
    "citance_No": 5, 
    "citing_paper_id": "C10-1043", 
    "citing_paper_authority": 25, 
    "citing_paper_authors": "Dmitriy, Genzel", 
    "raw_text": "To constrain our reorderings, we first produce a parse tree, using a dependency parser similar to that of Nivre and Scholz (2004)", 
    "clean_text": "To constrain our reorderings, we first produce a parse tree, using a dependency parser similar to that of Nivre and Scholz (2004).", 
    "keep_for_gold": 0
  }, 
  {
    "citance_No": 6, 
    "citing_paper_id": "W07-2217", 
    "citing_paper_authority": 3, 
    "citing_paper_authors": "Massimiliano, Ciaramita | Giuseppe, Attardi", 
    "raw_text": "Nivre and Scholz (2004) proposed a variant of the model of Yamada and Matsumoto that reduces the complexity, from the worst case quadratic to linear", 
    "clean_text": "Nivre and Scholz (2004) proposed a variant of the model of Yamada and Matsumoto that reduces the complexity, from the worst case quadratic to linear.", 
    "keep_for_gold": 1
  }, 
  {
    "citance_No": 7, 
    "citing_paper_id": "P07-2052", 
    "citing_paper_authority": 1, 
    "citing_paper_authors": "Daisuke, Kawahara | Kiyotaka, Uchimoto", 
    "raw_text": "For instance, Nivre and Scholz presented a deterministic dependency parser trained by memory-based learning (NivreandScholz, 2004)", 
    "clean_text": "For instance, Nivre and Scholz presented a deterministic dependency parser trained by memory-based learning (Nivre and Scholz, 2004).", 
    "keep_for_gold": 0
  }, 
  {
    "citance_No": 8, 
    "citing_paper_id": "P07-2052", 
    "citing_paper_authority": 1, 
    "citing_paper_authors": "Daisuke, Kawahara | Kiyotaka, Uchimoto", 
    "raw_text": "We built a parser based on the deterministic algorithm of Nivre and Scholz (Nivre and Scholz, 2004) as a base dependency parser", 
    "clean_text": "We built a parser based on the deterministic algorithm of Nivre and Scholz (Nivre and Scholz, 2004) as a base dependency parser.", 
    "keep_for_gold": 0
  }, 
  {
    "citance_No": 9, 
    "citing_paper_id": "P07-2052", 
    "citing_paper_authority": 1, 
    "citing_paper_authors": "Daisuke, Kawahara | Kiyotaka, Uchimoto", 
    "raw_text": "In the algorithm, parsing states are represented by triples? S, I, A?, where S is the stack that keeps the words being under consideration, I is the list of re DA RA CR (Yamada and Matsumoto, 2003) 90.3 91.6 38.4 (Nivre and Scholz, 2004) 87.3 84.3 30.4 (Isozaki et al, 2004) 91.2 95.7 40.7 (McDonald et al, 2005) 90.9 94.2 37.5 (McDonald and Pereira, 2006) 91.5 N/A 42.1 (Corston-Oliver et al, 2006) 90.8 93.7 37.6 Our Base Parser 90.9 92.6 39.2 Table 2: Comparison of parser performance", 
    "clean_text": "", 
    "keep_for_gold": 0
  }, 
  {
    "citance_No": 10, 
    "citing_paper_id": "P07-1079", 
    "citing_paper_authority": 8, 
    "citing_paper_authors": "Kenji, Sagae | Yusuke, Miyao | Jun'ichi, Tsujii", 
    "raw_text": "The deterministic shift/reduce classifier-based dependency parsing approach (Nivre and Scholz,2004) has been shown to offer state-of-the-art accuracy (Nivre et al, 2006) with high efficiency due to a greedy search strategy", 
    "clean_text": "The deterministic shift/reduce classifier-based dependency parsing approach (Nivre and Scholz,2004) has been shown to offer state-of-the-art accuracy (Nivre et al, 2006) with high efficiency due to a greedy search strategy.", 
    "keep_for_gold": 1
  }, 
  {
    "citance_No": 11, 
    "citing_paper_id": "D09-1127", 
    "citing_paper_authority": 32, 
    "citing_paper_authors": "Liang, Huang | Wenbin, Jiang | Qun, Liu", 
    "raw_text": "This becomes parsing failures in practice (Nivre and Scholz, 2004), leaving more than one fragments on stack", 
    "clean_text": "This becomes parsing failures in practice (Nivre and Scholz, 2004), leaving more than one fragments on stack.", 
    "keep_for_gold": 0
  }, 
  {
    "citance_No": 12, 
    "citing_paper_id": "W06-2920", 
    "citing_paper_authority": 228, 
    "citing_paper_authors": "Sabine, Buchholz | Erwin, Marsi", 
    "raw_text": "Nivre? s parser has been tested for Swedish (Nivre et al, 2004), English (Nivre and Scholz, 2004), Czech (Nivre and Nilsson, 2005), Bulgarian (Marinov and Nivre, 2005) and Chinese Cheng et al (2005), while McDonald? s parser has been applied to English (McDonald et al, 2005a), Czech (McDonald et al, 2005b) and, very recently, Danish (McDonald and Pereira, 2006)", 
    "clean_text": "Nivre's parser has been tested for Swedish (Nivre et al, 2004), English (Nivre and Scholz, 2004), Czech (Nivre and Nilsson, 2005), Bulgarian (Marinov and Nivre, 2005) and Chinese Cheng et al (2005), while McDonald? s parser has been applied to English (McDonald et al, 2005a), Czech (McDonald et al, 2005b) and, very recently, Danish (McDonald and Pereira, 2006).", 
    "keep_for_gold": 0
  }, 
  {
    "citance_No": 13, 
    "citing_paper_id": "W06-2920", 
    "citing_paper_authority": 228, 
    "citing_paper_authors": "Sabine, Buchholz | Erwin, Marsi", 
    "raw_text": "Nivre and Scholz (2004) uses this term with reference to Yamada and Matsumoto (2003), whose parser has to find all children of a token before it can attach that token to its head. We will refer to this as? bottom-up-trees?", 
    "clean_text": "Nivre and Scholz (2004) uses this term with reference to Yamada and Matsumoto (2003), whose parser has to find all children of a token before it can attach that token to its head. We will refer to this as bottom-up-trees.", 
    "keep_for_gold": 0
  }, 
  {
    "citance_No": 14, 
    "citing_paper_id": "P11-3011", 
    "citing_paper_authority": 0, 
    "citing_paper_authors": "Gisle, Ytrestl", 
    "raw_text": "Johansson and Nugues (2006 )describea non-deterministic implementation to the dependency parser outlined by Nivre and Scholz (2004), where they apply an n-best beam search strategy. For a highly constrained unification-based formalism like HPSG, a deterministic parsing strategy could frequently lead to parse failures", 
    "clean_text": "Johansson and Nugues (2006) describe a non-deterministic implementation to the dependency parser outlined by Nivre and Scholz (2004), where they apply an n-best beam search strategy. For a highly constrained unification-based formalism like HPSG, a deterministic parsing strategy could frequently lead to parse failures.", 
    "keep_for_gold": 0
  }, 
  {
    "citance_No": 15, 
    "citing_paper_id": "P06-2089", 
    "citing_paper_authority": 17, 
    "citing_paper_authors": "Kenji, Sagae | Alon, Lavie", 
    "raw_text": "We present a statistical parser that is based on a shift-reduce algorithm, like the parsers of Sagae and Lavie (2005) and Nivre and Scholz (2004), but performs a best-first search instead of pursuing a single analysis path in deterministic fashion", 
    "clean_text": "We present a statistical parser that is based on a shift-reduce algorithm, like the parsers of Sagae and Lavie (2005) and Nivre and Scholz (2004), but performs a best-first search instead of pursuing a single analysis path in deterministic fashion.", 
    "keep_for_gold": 0
  }, 
  {
    "citance_No": 16, 
    "citing_paper_id": "P06-2089", 
    "citing_paper_authority": 17, 
    "citing_paper_authors": "Kenji, Sagae | Alon, Lavie", 
    "raw_text": "That algorithm, in turn, is similar to the dependency parsing algorithm of Nivre and Scholz (2004), but it builds a constituent tree and a dependency tree simultaneously", 
    "clean_text": "That algorithm, in turn, is similar to the dependency parsing algorithm of Nivre and Scholz (2004), but it builds a constituent tree and a dependency tree simultaneously.", 
    "keep_for_gold": 0
  }, 
  {
    "citance_No": 17, 
    "citing_paper_id": "C08-2031", 
    "citing_paper_authority": 0, 
    "citing_paper_authors": "Shisanu, Tongchim | Virach, Sornlertlamvanich | Hitoshi, Isahara", 
    "raw_text": "The dependency structure for Thai is more flexible than some languages like Japanese (Sekine et al, 2000), Turkish (Eryigit and Oflazer, 2006), while it is close to Chinese (Cheng et al, 2005) and English (Nivre and Scholz, 2004)", 
    "clean_text": "The dependency structure for Thai is more flexible than some languages like Japanese (Sekine et al, 2000), Turkish (Eryigit and Oflazer, 2006), while it is close to Chinese (Cheng et al, 2005) and English (Nivre and Scholz, 2004).", 
    "keep_for_gold": 0
  }, 
  {
    "citance_No": 18, 
    "citing_paper_id": "P14-1021", 
    "citing_paper_authority": 1, 
    "citing_paper_authors": "Wenduan, Xu | Stephen, Clark | Yue, Zhang", 
    "raw_text": "Compared with greedy local-search (Nivre and Scholz, 2004), the use of a beam allows the parser to explore a larger search space and delay difficult ambiguity-resolving decisions by considering multiple items in parallel", 
    "clean_text": "Compared with greedy local-search (Nivre and Scholz, 2004), the use of a beam allows the parser to explore a larger search space and delay difficult ambiguity-resolving decisions by considering multiple items in parallel.", 
    "keep_for_gold": 0
  }, 
  {
    "citance_No": 19, 
    "citing_paper_id": "P10-2035", 
    "citing_paper_authority": 3, 
    "citing_paper_authors": "Kotaro, Kitagawa | Kumiko, Tanaka-Ishii", 
    "raw_text": "Features Used for Selecting Reduce The features used in (Nivre and Scholz, 2004) to define a state transition are basically obtained from the two target words wi and wj, and their related words", 
    "clean_text": "Features Used for Selecting Reduce The features used in (Nivre and Scholz, 2004) to define a state transition are basically obtained from the two target words wi and wj, and their related words.", 
    "keep_for_gold": 0
  }, 
  {
    "citance_No": 20, 
    "citing_paper_id": "C10-2168", 
    "citing_paper_authority": 7, 
    "citing_paper_authors": "Yue, Zhang | Byung-Gyu, Ahn | Stephen, Clark | Curt, Van Wyk | James R., Curran | Laura, Rimell", 
    "raw_text": "There are dependency parsers that operate orders of magnitude faster, by exploiting the fact that accurate dependency parsing can be achieved by using a shift-reduce linear-time process which makes asingle decision at each point in the parsing process (Nivre and Scholz, 2004) .In this paper we focus on the Combinatory Categorial Grammar (CCG) parser of Clark and Cur ran (2007)", 
    "clean_text": "There are dependency parsers that operate orders of magnitude faster, by exploiting the fact that accurate dependency parsing can be achieved by using a shift-reduce linear-time process which makes a single decision at each point in the parsing process (Nivre and Scholz, 2004). In this paper we focus on the Combinatory Categorial Grammar (CCG) parser of Clark and Curran (2007).", 
    "keep_for_gold": 0
  }
]
