[
  {
    "citance_No": 1, 
    "citing_paper_id": "D12-1075", 
    "citing_paper_authority": 6, 
    "citing_paper_authors": "Dan, Garrette | Jason, Baldridge", 
    "raw_text": "While replicating earlier experiments, Banko and Moore (2004) discovered that performance was highly dependent on cleaning tag dictionaries using statistics gleaned from the tokens", 
    "clean_text": "While replicating earlier experiments, Banko and Moore (2004) discovered that performance was highly dependent on cleaning tag dictionaries using statistics gleaned from the tokens.", 
    "keep_for_gold": 1
  }, 
  {
    "citance_No": 2, 
    "citing_paper_id": "C08-1008", 
    "citing_paper_authority": 3, 
    "citing_paper_authors": "Jason, Baldridge", 
    "raw_text": "Second, the expectation maximization algorithm for bi tag HMMs is efficient and has been shown to be quite effective for acquiring accurate POS taggers given only a lexicon (tag dictionary) and certain favorable conditions (Banko and Moore, 2004)", 
    "clean_text": "Second, the expectation maximization algorithm for bi tag HMMs is efficient and has been shown to be quite effective for acquiring accurate POS taggers given only a lexicon (tag dictionary) and certain favorable conditions (Banko and Moore, 2004).", 
    "keep_for_gold": 1
  }, 
  {
    "citance_No": 3, 
    "citing_paper_id": "C08-1008", 
    "citing_paper_authority": 3, 
    "citing_paper_authors": "Jason, Baldridge", 
    "raw_text": "As Banko and Moore (2004) discovered when 5 Note that the POS tag information is not used in these experiments, except for by the C& amp; C tagger", 
    "clean_text": "As Banko and Moore (2004) discovered when 5 Note that the POS tag information is not used in these experiments, except for by the C& amp; C tagger.", 
    "keep_for_gold": 0
  }, 
  {
    "citance_No": 4, 
    "citing_paper_id": "C08-1008", 
    "citing_paper_authority": 3, 
    "citing_paper_authors": "Jason, Baldridge", 
    "raw_text": "8To consider the effect of the CCG-based initialization for lexicons with differing ambiguity, I use tag cutoffs that remove any lexical entry containing a category that appears with a particular word less than X% of the time (Banko and Moore, 2004), as well as using no cutoffs at all", 
    "clean_text": "To consider the effect of the CCG-based initialization for lexicons with differing ambiguity, I use tag cutoffs that remove any lexical entry containing a category that appears with a particular word less than X% of the time (Banko and Moore, 2004), as well as using no cutoffs at all.", 
    "keep_for_gold": 0
  }, 
  {
    "citance_No": 5, 
    "citing_paper_id": "D07-1031", 
    "citing_paper_authority": 55, 
    "citing_paper_authors": "Mark, Johnson", 
    "raw_text": "However, as Banko and Moore (2004) point out, the accuracy achieved by these unsupervised methods depends strongly on the precise nature of the supervised training data (in their case, the ambiguity of the tag lexicon available to the system), which makes it more difficult to understand the behaviour of such systems", 
    "clean_text": "However, as Banko and Moore (2004) point out, the accuracy achieved by these unsupervised methods depends strongly on the precise nature of the supervised training data (in their case, the ambiguity of the tag lexicon available to the system), which makes it more difficult to understand the behaviour of such systems.", 
    "keep_for_gold": 0
  }, 
  {
    "citance_No": 6, 
    "citing_paper_id": "W09-0715", 
    "citing_paper_authority": 0, 
    "citing_paper_authors": "Bj&ouml;rn, Gamb&auml;ck | Fredrik, Olsson | Atelach, Alemu Argaw | Lars, Asker", 
    "raw_text": "The area is particularly vivid when it comes to the treatment of languages for which there exist few, if any, computational resources, and for the case of adapting an existing tagger to a new language domain. Banko and Moore (2004) compared unsupervised HMM and transformation-based taggers trained on the same portions of the Penn Treebank, and showed that the quality of the lexicon used for training had a high impact on the tagging results. Duh and Kirchhoff (2005) presented a minimally supervised approach to tagging for dialectal Arabic (Colloquial Egyptian), based on a morphological analyzer for Modern Standard Arabic and unlabeled texts in a number of dialects", 
    "clean_text": "Banko and Moore (2004) compared unsupervised HMM and transformation-based taggers trained on the same portions of the Penn Treebank, and showed that the quality of the lexicon used for training had a high impact on the tagging results. Duh and Kirchhoff (2005) presented a minimally supervised approach to tagging for dialectal Arabic (Colloquial Egyptian), based on a morphological analyzer for Modern Standard Arabic and unlabeled texts in a number of dialects.", 
    "keep_for_gold": 0
  }, 
  {
    "citance_No": 7, 
    "citing_paper_id": "D08-1109", 
    "citing_paper_authority": 12, 
    "citing_paper_authors": "Benjamin, Snyder | Tahira, Naseem | Jacob, Eisenstein | Regina, Barzilay", 
    "raw_text": "Unsupervised Part-of-Speech Tagging Since the work of Merialdo (1994), the HMM has been the model of choice for unsupervised tagging (Banko and Moore, 2004)", 
    "clean_text": "Unsupervised Part-of-Speech Tagging Since the work of Merialdo (1994), the HMM has been the model of choice for unsupervised tagging (Banko and Moore, 2004).", 
    "keep_for_gold": 0
  }, 
  {
    "citance_No": 8, 
    "citing_paper_id": "P09-2009", 
    "citing_paper_authority": 0, 
    "citing_paper_authors": "Navanath, Saharia | Dhrubajyoti, Das | Utpal, Sharma | Jugal K., Kalita", 
    "raw_text": "Author Language Average accuracy Toutanova et al (2003) English 97.24% Banko and Moore (2004) English 96.55% Dandapat and Sarkar (2006) Bengali 84.37% Rao et al (2007) Hindi 76.34% Bengali 72.17% Telegu 53.17% Rao and Yarowsky (2007) Hindi 70.67% Bengali 65.47% Telegu 65.85% Sastry et al (2007) Hindi 69.98% Bengali 67.52% Telegu 68.32% Ekbal et al (2007) Hindi 71.65% Bengali 80.63% Telegu 53.15% Ours Assamese 85.64% and searched in the affix-probability table", 
    "clean_text": "Author Language Average accuracy Toutanova et al (2003) English 97.24% Banko and Moore (2004) English 96.55% Dandapat and Sarkar (2006) Bengali 84.37% Rao et al (2007) Hindi 76.34% Bengali 72.17% Telegu 53.17% Rao and Yarowsky (2007) Hindi 70.67% Bengali 65.47% Telegu 65.85% Sastry et al (2007) Hindi 69.98% Bengali 67.52% Telegu 68.32% Ekbal et al (2007) Hindi 71.65% Bengali 80.63% Telegu 53.15% Ours Assamese 85.64% and searched in the affix-probability table.", 
    "keep_for_gold": 0
  }, 
  {
    "citance_No": 9, 
    "citing_paper_id": "P07-2053", 
    "citing_paper_authority": 11, 
    "citing_paper_authors": "P&eacute;ter, Hal&aacute;csy | Andr&aacute;s, Kornai | Csaba, Oravecz", 
    "raw_text": "(In fact, HunPos can handle a context window of any size, but on the limited training sets available to us increasing this parameter beyond 2 gives no further improvement.) As for contextualized lexical probabilities, our ex tension is very similar to Banko and Moore (2004) who use P (wi|ti? 1, ti ,ti+1) lexical probabilities and found, on the Penn Treebank, that? incorporating more context into an HMM when estimating lexical probabilities improved accuracy from 95.87% to 96.59%?", 
    "clean_text": "As for contextualized lexical probabilities, our extension is very similar to Banko and Moore (2004) who use P (wi|ti? 1, ti ,ti+1) lexical probabilities and found, on the Penn Treebank, that incorporating more context into an HMM when estimating lexical probabilities improved accuracy from 95.87% to 96.59%.", 
    "keep_for_gold": 0
  }, 
  {
    "citance_No": 10, 
    "citing_paper_id": "P07-2053", 
    "citing_paper_authority": 11, 
    "citing_paper_authors": "P&eacute;ter, Hal&aacute;csy | Andr&aacute;s, Kornai | Csaba, Oravecz", 
    "raw_text": "One difficulty with their approach ,notedby Banko and Moore (2004), is the treatment of unseen words: their method requires a full dictionary that lists what tags are possible for each word", 
    "clean_text": "One difficulty with their approach ,noted by Banko and Moore (2004), is the treatment of unseen words: their method requires a full dictionary that lists what tags are possible for each word.", 
    "keep_for_gold": 0
  }, 
  {
    "citance_No": 11, 
    "citing_paper_id": "P07-2053", 
    "citing_paper_authority": 11, 
    "citing_paper_authors": "P&eacute;ter, Hal&aacute;csy | Andr&aacute;s, Kornai | Csaba, Oravecz", 
    "raw_text": "seen unseen overall TnT 96.77% 85.91% 96.46% HunPos 1 96.76% 86.90% 96.49% HunPos 2 96.88% 86.13% 96.58% Table 2: WSJ tagging accuracy, HunPos with first and second order emission/lexicon probabilities If we follow Banko and Moore (2004) and construct a full (no OOV) morphological lexicon from the tagged version of the test corpus, we obtain 96.95% precision where theirs was 96.59%", 
    "clean_text": "If we follow Banko and Moore (2004) and construct a full (no OOV) morphological lexicon from the tagged version of the test corpus, we obtain 96.95% precision where theirs was 96.59%.", 
    "keep_for_gold": 0
  }, 
  {
    "citance_No": 12, 
    "citing_paper_id": "P07-2053", 
    "citing_paper_authority": 11, 
    "citing_paper_authors": "P&eacute;ter, Hal&aacute;csy | Andr&aacute;s, Kornai | Csaba, Oravecz", 
    "raw_text": "The reason why Banko and Moore (2004) get less than HunPos is not because their system is inherently worse, but rather because it lacks the engineering hacks built into TnT and HunPos", 
    "clean_text": "The reason why Banko and Moore (2004) get less than HunPos is not because their system is inherently worse, but rather because it lacks the engineering hacks built into TnT and HunPos.", 
    "keep_for_gold": 0
  }, 
  {
    "citance_No": 13, 
    "citing_paper_id": "P09-1057", 
    "citing_paper_authority": 35, 
    "citing_paper_authors": "Sujith, Ravi | Kevin, Knight", 
    "raw_text": "Smith and Eisner (2005) employ a contrastive estimation tech 1As (Banko and Moore, 2004) point out, unsupervised tagging accuracy varies wildly depending on the dictionary employed", 
    "clean_text": "Smith and Eisner (2005) employ a contrastive estimation tech 1As (Banko and Moore, 2004) point out, unsupervised tagging accuracy varies wildly depending on the dictionary employed.", 
    "keep_for_gold": 0
  }, 
  {
    "citance_No": 14, 
    "citing_paper_id": "C10-2159", 
    "citing_paper_authority": 0, 
    "citing_paper_authors": "Mehmet Ali, Yatbaz | Deniz, Yuret", 
    "raw_text": "We define the unsupervised part-of-speech (POS) tagging problem as predicting the correct part-of speech tag of a word in a given context using an unlabeled corpus and a dictionary with possible word? tag pairs0 The performance of an unsupervised POS tagging system depends highly on the quality of the word? tag dictionary (Bankoand Moore, 2004)", 
    "clean_text": "We define the unsupervised part-of-speech (POS) tagging problem as predicting the correct part-of speech tag of a word in a given context using an unlabeled corpus and a dictionary with possible word? tag pairs0 The performance of an unsupervised POS tagging system depends highly on the quality of the word7ujh tag dictionary (Bankoand Moore, 2004).", 
    "keep_for_gold": 0
  }, 
  {
    "citance_No": 15, 
    "citing_paper_id": "P08-1085", 
    "citing_paper_authority": 31, 
    "citing_paper_authors": "Yoav, Goldberg | Meni, Adler | Michael, Elhadad", 
    "raw_text": "by Banko and Moore (2004), these works made use of filtered dictionaries: dictionaries in which only relatively probable analyses of a given word are preserved", 
    "clean_text": "by Banko and Moore (2004), these works made use of filtered dictionaries: dictionaries in which only relatively probable analyses of a given word are preserved.", 
    "keep_for_gold": 0
  }, 
  {
    "citance_No": 16, 
    "citing_paper_id": "P08-1085", 
    "citing_paper_authority": 31, 
    "citing_paper_authors": "Yoav, Goldberg | Meni, Adler | Michael, Elhadad", 
    "raw_text": "Later, Banko and Moore (2004) observed that earlier unsupervised HMM-EM results were artificially high due to use of Optimized Lexicons, in which only frequent-enough analyses of each word were kept", 
    "clean_text": "Later, Banko and Moore (2004) observed that earlier unsupervised HMM-EM results were artificially high due to use of Optimized Lexicons, in which only frequent-enough analyses of each word were kept.", 
    "keep_for_gold": 1
  }, 
  {
    "citance_No": 17, 
    "citing_paper_id": "P10-1051", 
    "citing_paper_authority": 3, 
    "citing_paper_authors": "Sujith, Ravi | Jason, Baldridge | Kevin, Knight", 
    "raw_text": "In this paper, we show how these strategies may becombined straightforwardly to produce improvements on the task of learning super taggers from lexicons that have not been filtered in any way.1 We demonstrate their cross-lingual effectiveness on CCGbank (English) and the Italian CCG-TUT 1See Banko and Moore (2004) for a description of how many early POS-tagging papers in fact used a number of heuristic cutoffs that greatly simplify the problem", 
    "clean_text": "In this paper, we show how these strategies may becombined straightforwardly to produce improvements on the task of learning super taggers from lexicons that have not been filtered in any way.1 We demonstrate their cross-lingual effectiveness on CCGbank (English) and the Italian CCG-TUT 1See Banko and Moore (2004) for a description of how many early POS-tagging papers in fact used a number of heuristic cutoffs that greatly simplify the problem.", 
    "keep_for_gold": 0
  }, 
  {
    "citance_No": 18, 
    "citing_paper_id": "P10-1051", 
    "citing_paper_authority": 3, 
    "citing_paper_authors": "Sujith, Ravi | Jason, Baldridge | Kevin, Knight", 
    "raw_text": "We use the standard splits of the data used in semi-supervised tagging experiments (e.g.Banko and Moore (2004)): sections 0-18 for training, 19-21 for development, and 22-24 for test.CCG-TUT", 
    "clean_text": "We use the standard splits of the data used in semi-supervised tagging experiments (e.g.Banko and Moore (2004)): sections 0-18 for training, 19-21 for development, and 22-24 for test.CCG-TUT.", 
    "keep_for_gold": 0
  }, 
  {
    "citance_No": 19, 
    "citing_paper_id": "W06-1647", 
    "citing_paper_authority": 2, 
    "citing_paper_authors": "Kevin, Duh | Katrin, Kirchhoff", 
    "raw_text": "Banko and Moore (2004) showed that unsupervised tagger ac curacies on English degrade from 96% to 77% if the lexicon is not constrained such that only high frequency tags exist in the POS-set for each word", 
    "clean_text": "Banko and Moore (2004) showed that unsupervised tagger ac curacies on English degrade from 96% to 77% if the lexicon is not constrained such that only high frequency tags exist in the POS-set for each word.", 
    "keep_for_gold": 0
  }, 
  {
    "citance_No": 20, 
    "citing_paper_id": "D11-1118", 
    "citing_paper_authority": 11, 
    "citing_paper_authors": "Valentin I., Spitkovsky | Hiyan, Alshawi | Angel, Chang | Daniel, Jurafsky", 
    "raw_text": "2Some of these are annotation errors in the tree bank (Banko and Moore, 2004, Figure 2): such (mis )taggings can severely degrade the accuracy of part-of-speech disambiguators, without additional supervision (Banko and Moore, 2004,? 5, Table 1)", 
    "clean_text": "Some of these are annotation errors in the tree bank (Banko and Moore, 2004, Figure 2): such (mis)taggings can severely degrade the accuracy of part-of-speech disambiguators, without additional supervision (Banko and Moore, 2004,? 5, Table 1).", 
    "keep_for_gold": 0
  }
]
