[
  {
    "citance_No": 1, 
    "citing_paper_id": "E87-1037", 
    "citing_paper_authority": 9, 
    "citing_paper_authors": "Mats, Wiren", 
    "raw_text": "Instead, it takes care of fillers and gaps through a ~threading& quot; technique (Karttunen 1986:77)", 
    "clean_text": "Instead, it takes care of fillers and gaps through a threading& quot; technique (Karttunen 1986:77).", 
    "keep_for_gold": 0
  }, 
  {
    "citance_No": 2, 
    "citing_paper_id": "C90-1013", 
    "citing_paper_authority": 1, 
    "citing_paper_authors": "Yoshihiro, Ueda | Kiyoshi, Kogure", 
    "raw_text": "Consider the following rules taken from D-PATR (Karttunen, 1986)", 
    "clean_text": "Consider the following rules taken from D-PATR (Karttunen, 1986).", 
    "keep_for_gold": 0
  }, 
  {
    "citance_No": 3, 
    "citing_paper_id": "C88-1022", 
    "citing_paper_authority": 0, 
    "citing_paper_authors": "Lauri, Carlson", 
    "raw_text": "2Theformst is that of D-PATR/Karttunen 1986/", 
    "clean_text": "The formst is that of D-PATR/Karttunen 1986.", 
    "keep_for_gold": 0
  }, 
  {
    "citance_No": 4, 
    "citing_paper_id": "C88-1012", 
    "citing_paper_authority": 5, 
    "citing_paper_authors": "Branimir K., Boguraev | John, Carroll | Ted, Briscoe | Claire, Grover", 
    "raw_text": "Particularly well known examples are reported in Kaplan (1983) (see also Kiparsky, 1985), Shieber (1984), Evans (1985), Phillips and Thompson (1985), Jensen et al (1986) and Karttunen (1986)", 
    "clean_text": "Particularly well known examples are reported in Kaplan (1983) (see also Kiparsky, 1985), Shieber (1984), Evans (1985), Phillips and Thompson (1985), Jensen et al (1986) and Karttunen (1986).", 
    "keep_for_gold": 0
  }, 
  {
    "citance_No": 5, 
    "citing_paper_id": "P91-1028", 
    "citing_paper_authority": 3, 
    "citing_paper_authors": "Graham J., Russell | John, Carroll | Susan, Armstrong", 
    "raw_text": "c,~), m n. Karttunen (1986) and Shieber (1986) describe systems in which FSs may be modified by default statements in such a way that this property does not automatically hold", 
    "clean_text": "Karttunen (1986) and Shieber (1986) describe systems in which FSs may be modified by default statements in such a way that this property does not automatically hold.", 
    "keep_for_gold": 1
  }
]
