[
  {
    "citance_No": 1, 
    "citing_paper_id": "P03-2012", 
    "citing_paper_authority": 13, 
    "citing_paper_authors": "Olga, Uryupina", 
    "raw_text": "V. Ng and C. Cardieanalysed in (Ng and Cardie, 2002) the impact of such a prefiltering on their co reference resolution engine", 
    "clean_text": "V. Ng and C. Cardieanalysed in (Ng and Cardie, 2002) the impact of such a prefiltering on their co reference resolution engine.", 
    "keep_for_gold": 0
  }, 
  {
    "citance_No": 2, 
    "citing_paper_id": "E12-1072", 
    "citing_paper_authority": 1, 
    "citing_paper_authors": "Ricardo, Baeza-Yates | Luz, Rello | Ruslan, Mitkov", 
    "raw_text": "Various natural language processing (NLP) tasks benefit from the identification of el lip tical subjects, primarily anaphora resolution (Mitkov, 2002) and co-reference resolution (Ngand Cardie, 2002)", 
    "clean_text": "Various natural language processing (NLP) tasks benefit from the identification of elliptical subjects, primarily anaphora resolution (Mitkov, 2002) and co-reference resolution (Ng and Cardie, 2002).", 
    "keep_for_gold": 0
  }, 
  {
    "citance_No": 3, 
    "citing_paper_id": "N07-1010", 
    "citing_paper_authority": 7, 
    "citing_paper_authors": "Xiaoqiang, Luo", 
    "raw_text": "As an improvement, Ng and Cardie (2002a) and Ng (2004) train a separate model to classify an anaphor as either anaphoric or non-anaphoric", 
    "clean_text": "As an improvement, Ng and Cardie (2002a) and Ng (2004) train a separate model to classify an anaphor as either anaphoric or non-anaphoric.", 
    "keep_for_gold": 0
  }, 
  {
    "citance_No": 4, 
    "citing_paper_id": "N07-1010", 
    "citing_paper_authority": 7, 
    "citing_paper_authors": "Xiaoqiang, Luo", 
    "raw_text": "The output of this classifier can be used either as a pre-filter (Ng and Cardie,2002a) so that non-anaphoric anaphors will not be precessed in the co reference system, or as a set of features in the co reference model (Ng, 2004)", 
    "clean_text": "The output of this classifier can be used either as a pre-filter (Ng and Cardie,2002a) so that non-anaphoric anaphors will not be precessed in the co reference system, or as a set of features in the co reference model (Ng, 2004).", 
    "keep_for_gold": 0
  }, 
  {
    "citance_No": 5, 
    "citing_paper_id": "N07-1010", 
    "citing_paper_authority": 7, 
    "citing_paper_authors": "Xiaoqiang, Luo", 
    "raw_text": "This is different from (Ng and Cardie, 2002a; Ng, 2004) where their anaphoricty models are trained independently of the co reference model, and it is either used as a pre-filter, or its output is used as features in the co reference model", 
    "clean_text": "This is different from (Ng and Cardie, 2002a; Ng, 2004) where their anaphoricty models are trained independently of the co reference model, and it is either used as a pre-filter, or its output is used as features in the co reference model.", 
    "keep_for_gold": 0
  }, 
  {
    "citance_No": 6, 
    "citing_paper_id": "N07-1010", 
    "citing_paper_authority": 7, 
    "citing_paper_authors": "Xiaoqiang, Luo", 
    "raw_text": "For example, syntactic features (Ng and Cardie, 2002b; Luo and Zitouni, 2005) can be computed this way and are used in our system", 
    "clean_text": "", 
    "keep_for_gold": 0
  }, 
  {
    "citance_No": 7, 
    "citing_paper_id": "N07-1010", 
    "citing_paper_authority": 7, 
    "citing_paper_authors": "Xiaoqiang, Luo", 
    "raw_text": "Ng and Cardie (2002a) trains aseparate anaphoricity classifier in addition to a co refer ence model", 
    "clean_text": "Ng and Cardie (2002a) trains a separate anaphoricity classifier in addition to a coreference model.", 
    "keep_for_gold": 1
  }, 
  {
    "citance_No": 8, 
    "citing_paper_id": "E09-3006", 
    "citing_paper_authority": 0, 
    "citing_paper_authors": "Marta, Recasens", 
    "raw_text": "Ng and Cardie (2002) and Poesio et al (2005) have tested the impact of such a detector on the overall co reference resolution performance with encouraging results", 
    "clean_text": "Ng and Cardie (2002) and Poesio et al (2005) have tested the impact of such a detector on the overall co reference resolution performance with encouraging results.", 
    "keep_for_gold": 0
  }, 
  {
    "citance_No": 9, 
    "citing_paper_id": "E09-3006", 
    "citing_paper_authority": 0, 
    "citing_paper_authors": "Marta, Recasens", 
    "raw_text": "4Ng and Cardie (2002) and Uryupina (2003) do not limit to definite NPs but deal with all types of NPs", 
    "clean_text": "Ng and Cardie (2002) and Uryupina (2003) do not limit to definite NPs but deal with all types of NPs.", 
    "keep_for_gold": 0
  }, 
  {
    "citance_No": 10, 
    "citing_paper_id": "E09-3006", 
    "citing_paper_authority": 0, 
    "citing_paper_authors": "Marta, Recasens", 
    "raw_text": "5Notice the confusing use of the term anaphoric in (Ng and Cardie, 2002) for describing their chain-starting filtering module", 
    "clean_text": "Notice the confusing use of the term anaphoric in (Ng and Cardie, 2002) for describing their chain-starting filtering module.", 
    "keep_for_gold": 0
  }, 
  {
    "citance_No": 11, 
    "citing_paper_id": "D08-1069", 
    "citing_paper_authority": 21, 
    "citing_paper_authors": "Pascal, Denis | Jason, Baldridge", 
    "raw_text": "Other partially capture the differential preferences between different anaphorsvia different sample selection strategies during training (Ng and Cardie, 2002b; Uryupina, 2004)", 
    "clean_text": "Other partially capture the differential preferences between different anaphorsvia different sample selection strategies during training (Ng and Cardie, 2002b; Uryupina, 2004).", 
    "keep_for_gold": 0
  }, 
  {
    "citance_No": 12, 
    "citing_paper_id": "D08-1069", 
    "citing_paper_authority": 21, 
    "citing_paper_authors": "Pascal, Denis | Jason, Baldridge", 
    "raw_text": "For classifiers, we replicate the procedures of Ng and Cardie (2002b)", 
    "clean_text": "For classifiers, we replicate the procedures of Ng and Cardie (2002b).", 
    "keep_for_gold": 0
  }, 
  {
    "citance_No": 13, 
    "citing_paper_id": "D08-1069", 
    "citing_paper_authority": 21, 
    "citing_paper_authors": "Pascal, Denis | Jason, Baldridge", 
    "raw_text": "The mention type is de 8This is very similar to the approach of Ng and Cardie (2002a)", 
    "clean_text": "This is very similar to the approach of Ng and Cardie (2002a).", 
    "keep_for_gold": 0
  }, 
  {
    "citance_No": 14, 
    "citing_paper_id": "W12-4509", 
    "citing_paper_authority": 1, 
    "citing_paper_authors": "Yu-Yin, Hsu | Marwa, Ragheb | Joshua, Bonner | Sandra, K&uuml;bler | Desislava, Zhekova", 
    "raw_text": "Boyd et al (2005), Ng and Cardie (2002), and Evans (2001) experimented with machine learning approaches to detect and/or eliminate singletons, finding that such a module provides an improvement in CR performance provided that the classifier# Feature Description 1 the depth of the mention in the syntax tree 2 the length of the mention 3 the head token of the mention 4 the POS tag of the head 5 the NE of the head 6 the NE of the mention 7 PR if the head is premodified, PO if it is not; UN otherwise", 
    "clean_text": "", 
    "keep_for_gold": 0
  }, 
  {
    "citance_No": 15, 
    "citing_paper_id": "C10-1055", 
    "citing_paper_authority": 0, 
    "citing_paper_authors": "Jian, Huang | Pucktada, Treeratpituk | Sarah M., Taylor | C. Lee, Giles", 
    "raw_text": "(Ng and Cardie, 2002))", 
    "clean_text": "", 
    "keep_for_gold": 0
  }, 
  {
    "citance_No": 16, 
    "citing_paper_id": "W04-0707", 
    "citing_paper_authority": 6, 
    "citing_paper_authors": "Massimo, Poesio | Olga, Uryupina | Renata, Vieira | Mijail, Alexandrov-Kabadjov | Rodrigo, Goulart", 
    "raw_text": "In fact, Ng and Cardie (2002a) challenged the motivation for the inclusion of such detectors, reporting no improvements, or even worse performance", 
    "clean_text": "In fact, Ng and Cardie (2002a) challenged the motivation for the inclusion of such detectors, reporting no improvements, or even worse performance.", 
    "keep_for_gold": 1
  }, 
  {
    "citance_No": 17, 
    "citing_paper_id": "W04-0707", 
    "citing_paper_authority": 6, 
    "citing_paper_authors": "Massimo, Poesio | Olga, Uryupina | Renata, Vieira | Mijail, Alexandrov-Kabadjov | Rodrigo, Goulart", 
    "raw_text": "In fact, Ng and Cardie (2002a) challenged the motivation forthe inclusion of such detectors, reporting no improvements or even worse performance", 
    "clean_text": "In fact, Ng and Cardie (2002a) challenged the motivation for the inclusion of such detectors, reporting no improvements or even worse performance.", 
    "keep_for_gold": 0
  }, 
  {
    "citance_No": 18, 
    "citing_paper_id": "W04-0707", 
    "citing_paper_authority": 6, 
    "citing_paper_authors": "Massimo, Poesio | Olga, Uryupina | Renata, Vieira | Mijail, Alexandrov-Kabadjov | Rodrigo, Goulart", 
    "raw_text": "Ng and Cardie (2002a) directly investigate the question of whether employing a discourse-new prediction component improves the performance of a Method R P Baseline 100 72.2 Syntactic Heuristics 43 93.1 Synt", 
    "clean_text": "Ng and Cardie (2002a) directly investigate the question of whether employing a discourse-new prediction component improves the performance of a Method R P Baseline 100 72.2 Syntactic Heuristics 43 93.1 Synt.", 
    "keep_for_gold": 0
  }, 
  {
    "citance_No": 19, 
    "citing_paper_id": "W04-0707", 
    "citing_paper_authority": 6, 
    "citing_paper_authors": "Massimo, Poesio | Olga, Uryupina | Renata, Vieira | Mijail, Alexandrov-Kabadjov | Rodrigo, Goulart", 
    "raw_text": "Heuristics+ S1+ EHP+ DO+ V 79.1 84.5 Table 2: Discourse-new prediction results by Bean and Riloffcoreference resolution system (specifically, the system discussed in (Ng and Cardie, 2002b))", 
    "clean_text": "Heuristics+ S1+ EHP+ DO+ V 79.1 84.5 Table 2: Discourse-new prediction results by Bean and Riloffcoreference resolution system (specifically, the system discussed in (Ng and Cardie, 2002b)).", 
    "keep_for_gold": 0
  }, 
  {
    "citance_No": 20, 
    "citing_paper_id": "D09-1101", 
    "citing_paper_authority": 28, 
    "citing_paper_authors": "Altaf, Rahman | Vincent, Ng", 
    "raw_text": "Traditional learning-based co reference resolvers operate by training a model for classifying whether two mentions are co-referring or not (e.g., Soon et al (2001), Ng and Cardie (2002b), Kehler et al (2004), Ponzetto and Strube (2006))", 
    "clean_text": "Traditional learning-based co reference resolvers operate by training a model for classifying whether two mentions are co-referring or not (e.g., Soon et al (2001), Ng and Cardie (2002b), Kehler et al (2004), Ponzetto and Strube (2006)).", 
    "keep_for_gold": 0
  }
]
