[
  {
    "citance_No": 1, 
    "citing_paper_id": "P00-1058", 
    "citing_paper_authority": 47, 
    "citing_paper_authors": "David, Chiang", 
    "raw_text": "With \u0014 40 words \u0014 100 words LR LP CB 0 CB \u0014 2 CB LR LP CB 0 CB \u0014 2 CB (Magerman, 1995) 84.6 84.9 1.26 56.6 81.4 84.0 84.3 1.46 54.0 78.8 (Collins, 1996) 85.8 86.3 1.14 59.9 83.6 85.3 85.7 1.32 57.2 80.8 present model 86.9 86.6 1.09 63.2 84.3 86.2 85.8 1.29 60.4 81.8 (Collins, 1997) 88.1 88.6 0.91 66.5 86.9 87.5 88.1 1.07 63.9 84.6 (Charniak, 2000) 90.1 90.1 0.74 70.1 89.6 89.6 89.5 0.88 67.6 87.7 Figure 6: Parsing results", 
    "clean_text": "", 
    "keep_for_gold": 0
  }, 
  {
    "citance_No": 2, 
    "citing_paper_id": "N10-1002", 
    "citing_paper_authority": 0, 
    "citing_paper_authors": "Yi, Zhang | Timothy, Baldwin | Valia, Kordoni | David, Martinez | Jeremy, Nicholson", 
    "raw_text": "As a benchmark VPC extraction system, we use the Charniak parser (Charniak, 2000)", 
    "clean_text": "As a benchmark VPC extraction system, we use the Charniak parser (Charniak, 2000).", 
    "keep_for_gold": 0
  }, 
  {
    "citance_No": 3, 
    "citing_paper_id": "W11-0610", 
    "citing_paper_authority": 3, 
    "citing_paper_authors": "Emily T., Prud'hommeaux | Brian, Roark | Lois, Black | Jan, van Santen", 
    "raw_text": "Each of these scores can be calculated from a provided syntactic parse tree, and to generate these we made use of the Charniakparser (Charniak, 2000), also trained on the Switch board tree bank", 
    "clean_text": "Each of these scores can be calculated from a provided syntactic parse tree, and to generate these we made use of the Charniak parser (Charniak, 2000), also trained on the Switch board tree bank.", 
    "keep_for_gold": 0
  }, 
  {
    "citance_No": 4, 
    "citing_paper_id": "W06-3119", 
    "citing_paper_authority": 97, 
    "citing_paper_authors": "Andreas, Zollmann | Ashish, Venugopal", 
    "raw_text": "We then use Charniak? s parser (Charniak, 2000) to generate the most likely parse tree for each English target sentence in the training corpus", 
    "clean_text": "We then use Charniak's parser (Charniak, 2000) to generate the most likely parse tree for each English target sentence in the training corpus.", 
    "keep_for_gold": 0
  }, 
  {
    "citance_No": 5, 
    "citing_paper_id": "N03-2024", 
    "citing_paper_authority": 13, 
    "citing_paper_authors": "Ani, Nenkova | Kathleen R., McKeown", 
    "raw_text": "We were interested in the occurrence of features such as type and number of premodifiers, presence and type of post modifiers, and form of name reference for people. We constructed a large, automatically annotated corpus by merging the output of Charniak? s statistical parser (Charniak, 2000) with that of the IBM named entity recognition system Nominator (Wacholder et al,1997)", 
    "clean_text": "We constructed a large, automatically annotated corpus by merging the output of Charniak's statistical parser (Charniak, 2000) with that of the IBM named entity recognition system Nominator (Wacholder et al,1997).", 
    "keep_for_gold": 0
  }, 
  {
    "citance_No": 6, 
    "citing_paper_id": "N06-1039", 
    "citing_paper_authority": 38, 
    "citing_paper_authors": "Yusuke, Shinyama | Satoshi, Sekine", 
    "raw_text": "After getting a set of basic clusters, we pass them to an existing statistical parser (Charniak, 2000) and rule-based tree normalizer to obtain a GLARFstructure for each sentence in every article", 
    "clean_text": "After getting a set of basic clusters, we pass them to an existing statistical parser (Charniak, 2000) and rule-based tree normalizer to obtain a GLARF structure for each sentence in every article.", 
    "keep_for_gold": 0
  }, 
  {
    "citance_No": 7, 
    "citing_paper_id": "C04-1180", 
    "citing_paper_authority": 37, 
    "citing_paper_authors": "Johan, Bos | Stephen, Clark | Mark, Steedman | James R., Curran | Julia, Hockenmaier", 
    "raw_text": "The levels of accuracy and robustness recently achieved by statistical parsers (e.g. Collins (1999), Charniak (2000)) have led to their use in a number of NLP applications, such as question-answering (Pasca and Harabagiu, 2001), machine translation (Charniak et al, 2003), sentence simplification (Carroll et al, 1999), and a linguist? s search engine (Resnik and Elkiss, 2003)", 
    "clean_text": "The levels of accuracy and robustness recently achieved by statistical parsers (e.g. Collins (1999), Charniak (2000)) have led to their use in a number of NLP applications, such as question-answering (Pasca and Harabagiu, 2001), machine translation (Charniak et al, 2003), sentence simplification (Carroll et al, 1999), and a linguist? s search engine (Resnik and Elkiss, 2003).", 
    "keep_for_gold": 0
  }, 
  {
    "citance_No": 8, 
    "citing_paper_id": "W05-0638", 
    "citing_paper_authority": 6, 
    "citing_paper_authors": "Richard Tzong-Han, Tsai | Chia-Wei, Wu | Yu-Chun, Lin | Wen-Lian, Hsu", 
    "raw_text": "In CoNLL-2005, full parsing trees are provided by two full parsers: the Collins parser (Collins, 1999) and the Charniak parser (Charniak, 2000)", 
    "clean_text": "In CoNLL-2005, full parsing trees are provided by two full parsers: the Collins parser (Collins, 1999) and the Charniak parser (Charniak, 2000).", 
    "keep_for_gold": 0
  }, 
  {
    "citance_No": 9, 
    "citing_paper_id": "P05-1065", 
    "citing_paper_authority": 40, 
    "citing_paper_authors": "Sarah E., Schwarm | Mari, Ostendorf", 
    "raw_text": "We also use a standard statistical parser (Charniak, 2000) to provide syntactic analysis", 
    "clean_text": "We also use a standard statistical parser (Charniak, 2000) to provide syntactic analysis.", 
    "keep_for_gold": 0
  }, 
  {
    "citance_No": 10, 
    "citing_paper_id": "P05-1065", 
    "citing_paper_authority": 40, 
    "citing_paper_authors": "Sarah E., Schwarm | Mari, Ostendorf", 
    "raw_text": "For each article, we calculated the per cent age of a) all word instances (tokens) and b) all unique words (types) not on these lists, resulting in three token OOV rate features and three type OOV rate features per article. The parse features are generated using the Charniak parser (Charniak, 2000) trained on the standard Wall Street Journal Treebank corpus", 
    "clean_text": "The parse features are generated using the Charniak parser (Charniak, 2000) trained on the standard Wall Street Journal Treebank corpus.", 
    "keep_for_gold": 0
  }, 
  {
    "citance_No": 11, 
    "citing_paper_id": "P04-1040", 
    "citing_paper_authority": 10, 
    "citing_paper_authors": "Valentin, Jijkoun | Maarten, de Rijke", 
    "raw_text": "The evaluation of the transformed output of the parsers of Charniak (2000) and Collins (1999) gives 90 %unlabelled and 84 %labelled accuracy with respect to dependencies, when measured against a dependency corpus derived from the Penn Treebank.The paper is organized as follows", 
    "clean_text": "The evaluation of the transformed output of the parsers of Charniak (2000) and Collins (1999) gives 90 % unlabelled and 84 % labelled accuracy with respect to dependencies, when measured against a dependency corpus derived from the Penn Treebank. The paper is organized as follows.", 
    "keep_for_gold": 0
  }, 
  {
    "citance_No": 12, 
    "citing_paper_id": "P04-1040", 
    "citing_paper_authority": 10, 
    "citing_paper_authors": "Valentin, Jijkoun | Maarten, de Rijke", 
    "raw_text": "Blaheta and Charniak (2000) presented the first method for assigning Pennfunctional tags to constituents identified by a parser. Pattern-matching approaches were used in (John son, 2002) and (Jijkoun, 2003) to recover non-local dependencies in phrase trees", 
    "clean_text": "Blaheta and Charniak (2000) presented the first method for assigning Penn functional tags to constituents identified by a parser.", 
    "keep_for_gold": 0
  }, 
  {
    "citance_No": 13, 
    "citing_paper_id": "P04-1040", 
    "citing_paper_authority": 10, 
    "citing_paper_authors": "Valentin, Jijkoun | Maarten, de Rijke", 
    "raw_text": "As an alternative to hard coded heuristics, Blaheta and Charniak (2000) proposed to recover the Penn functional tags automatically", 
    "clean_text": "As an alternative to hard coded heuristics, Blaheta and Charniak (2000) proposed to recover the Penn functional tags automatically.", 
    "keep_for_gold": 1
  }, 
  {
    "citance_No": 14, 
    "citing_paper_id": "P04-1040", 
    "citing_paper_authority": 10, 
    "citing_paper_authors": "Valentin, Jijkoun | Maarten, de Rijke", 
    "raw_text": "Thus, it is informative to compare our results with those reported in (Blaheta and Charniak, 2000) for this same task", 
    "clean_text": "Thus, it is informative to compare our results with those reported in (Blaheta and Charniak, 2000) for this same task.", 
    "keep_for_gold": 0
  }, 
  {
    "citance_No": 15, 
    "citing_paper_id": "P04-1040", 
    "citing_paper_authority": 10, 
    "citing_paper_authors": "Valentin, Jijkoun | Maarten, de Rijke", 
    "raw_text": "Method Accuracy P R f Blaheta 98.6 87.2 87.4 87.3 This paper 94.7 90.2 86.9 88.5 The difference in the accuracy is due to two reasons. First, because of the different definition of a correctly identified constituent in the parser? s output, we apply our method to a greater portion of all labels produced by the parser (95% vs. 89% reported in (Blaheta and Charniak, 2000))", 
    "clean_text": "First, because of the different definition of a correctly identified constituent in the parser's output, we apply our method to a greater portion of all labels produced by the parser (95% vs. 89% reported in (Blaheta and Charniak, 2000)).", 
    "keep_for_gold": 0
  }, 
  {
    "citance_No": 16, 
    "citing_paper_id": "P04-1040", 
    "citing_paper_authority": 10, 
    "citing_paper_authors": "Valentin, Jijkoun | Maarten, de Rijke", 
    "raw_text": "TiMBL performed well on tasks where structured, more complicated and task-specific statistical models have been used previously (Blaheta and Charniak, 2000)", 
    "clean_text": "TiMBL performed well on tasks where structured, more complicated and task-specific statistical models have been used previously (Blaheta and Charniak, 2000).", 
    "keep_for_gold": 0
  }, 
  {
    "citance_No": 17, 
    "citing_paper_id": "N06-1022", 
    "citing_paper_authority": 22, 
    "citing_paper_authors": "Eugene, Charniak | Mark, Johnson | Micha, Elsner | Joseph, Austerweil | David, Ellis | Isaac, Haxton | Catherine, Hill | R., Shrivaths | Jeremy, Moore | Michael, Pozar | Theresa, Vu", 
    "raw_text": "The parser of Charniak (2000) is also a two-stage ctf model, where the first stage is a smoothed Markov grammar (it uses up to three previous constituents as context), and the second stage is a lexicalized Markov grammar with extra annotations about parents and grandparents", 
    "clean_text": "The parser of Charniak (2000) is also a two-stage ctf model, where the first stage is a smoothed Markov grammar (it uses up to three previous constituents as context), and the second stage is a lexicalized Markov grammar with extra annotations about parents and grandparents.", 
    "keep_for_gold": 1
  }, 
  {
    "citance_No": 18, 
    "citing_paper_id": "N06-1022", 
    "citing_paper_authority": 22, 
    "citing_paper_authors": "Eugene, Charniak | Mark, Johnson | Micha, Elsner | Joseph, Austerweil | David, Ellis | Isaac, Haxton | Catherine, Hill | R., Shrivaths | Jeremy, Moore | Michael, Pozar | Theresa, Vu", 
    "raw_text": "Most recently, McDonald et al (2005) have implemented a dependency parser with good accuracy (it is almost as good at dependency parsing as Charniak (2000)) and very impressive speed (it is about ten times faster than Collins (1997) and four times faster than Charniak (2000))", 
    "clean_text": "Most recently, McDonald et al (2005) have implemented a dependency parser with good accuracy (it is almost as good at dependency parsing as Charniak (2000)) and very impressive speed (it is about ten times faster than Collins (1997) and four times faster than Charniak (2000)).", 
    "keep_for_gold": 0
  }, 
  {
    "citance_No": 19, 
    "citing_paper_id": "H05-1035", 
    "citing_paper_authority": 2, 
    "citing_paper_authors": "Marian, Olteanu | Dan, Moldovan", 
    "raw_text": "The feature set contains complex information extracted automatically from candidate syntax trees generated by parsing (Charniak, 2000), trees that will be improved by more accurate PP-attachment decisions", 
    "clean_text": "The feature set contains complex information extracted automatically from candidate syntax trees generated by parsing (Charniak, 2000), trees that will be improved by more accurate PP-attachment decisions.", 
    "keep_for_gold": 0
  }, 
  {
    "citance_No": 20, 
    "citing_paper_id": "P04-1042", 
    "citing_paper_authority": 18, 
    "citing_paper_authors": "Roger, Levy | Christopher D., Manning", 
    "raw_text": "Note that the dependency figures of Dienes lag behind even the parsed results for Johnson? s model; this may well be due to the fact that Dienes built his model as an extension of Collins (1999), which lags behind Charniak (2000) by about 1.3-1.5% .Manual investigation of errors on English gold standard data revealed two major issues that suggest further potential for improvement in performance without further increase in algorithmic complexity or training set size", 
    "clean_text": "Note that the dependency figures of Dienes lag behind even the parsed results for Johnson's model; this may well be due to the fact that Dienes built his model as an extension of Collins (1999), which lags behind Charniak (2000) by about 1.3-1.5%. Manual investigation of errors on English gold standard data revealed two major issues that suggest further potential for improvement in performance without further increase in algorithmic complexity or training set size.", 
    "keep_for_gold": 0
  }
]
