[
  {
    "citance_No": 1, 
    "citing_paper_id": "P08-2037", 
    "citing_paper_authority": 0, 
    "citing_paper_authors": "Daniel M., Bikel | Vittorio, Castelli", 
    "raw_text": "More recently, Wang et al (2007) explored the use a formalism called quasi synchronous grammar (Smith and Eisner, 2006) in order to find a more explicit model for matching the set of dependencies, and yet still allow for looseness in the matching", 
    "clean_text": "More recently, Wang et al (2007) explored the use a formalism called quasi synchronous grammar (Smith and Eisner, 2006) in order to find a more explicit model for matching the set of dependencies, and yet still allow for looseness in the matching.", 
    "keep_for_gold": 1
  }, 
  {
    "citance_No": 2, 
    "citing_paper_id": "P13-1050", 
    "citing_paper_authority": 0, 
    "citing_paper_authors": "Tamsin, Maxwell | Jon, Oberlander | W. Bruce, Croft", 
    "raw_text": "(2005) score answers using a variation of the IBM translation model 1; Wang et al (2007) use quasi-synchronous translation to map all parent-child paths in a question to any path in an answer; and Moschitti (2008) explores syntactic and semantic kernels for QA classification", 
    "clean_text": "Wang et al (2007) use quasi-synchronous translation to map all parent-child paths in a question to any path in an answer.", 
    "keep_for_gold": 1
  }, 
  {
    "citance_No": 3, 
    "citing_paper_id": "E12-1010", 
    "citing_paper_authority": 1, 
    "citing_paper_authors": "Michael, Kaisser", 
    "raw_text": "Finally, in (Wang et al 2007), a quasi-synchronous grammar (Smith and Eisner,2006) is used to model relations between questions and answer sentences", 
    "clean_text": "Finally, in (Wang et al 2007), a quasi-synchronous grammar (Smith and Eisner,2006) is used to model relations between questions and answer sentences.", 
    "keep_for_gold": 0
  }, 
  {
    "citance_No": 4, 
    "citing_paper_id": "D11-1038", 
    "citing_paper_authority": 23, 
    "citing_paper_authors": "Kristian, Woodsend | Mirella, Lapata", 
    "raw_text": "Indeed, the QG formalism has been previously applied to parser adaptation and projection (Smith and Eisner, 2009), paraphrase identification (Das and Smith, 2009), question answering (Wang et al, 2007), and title generation (Woodsend et al, 2010)", 
    "clean_text": "Indeed, the QG formalism has been previously applied to parser adaptation and projection (Smith and Eisner, 2009), paraphrase identification (Das and Smith, 2009), question answering (Wang et al, 2007), and title generation (Woodsend et al, 2010).", 
    "keep_for_gold": 0
  }, 
  {
    "citance_No": 5, 
    "citing_paper_id": "C10-1131", 
    "citing_paper_authority": 13, 
    "citing_paper_authors": "Mengqiu, Wang | Christopher D., Manning", 
    "raw_text": "The pair is judged positive if the answer candidate sentence correctly answers the question and provides sufficient con 1169 System MAP MRR Punyakanok et al, 2004 0.4189 0.4939 Cui et al, 2005 0.4350 0.5569 Wang et al, 2007 0.6029 0.6852 H& amp; S, 2010 0.6091 0.6917 Tree-edit CRF 0.5951 0.6951Table 3: Results on QA task reported in Mean Average Precision (MAP) and Mean Reciprocal Rank (MRR)", 
    "clean_text": "", 
    "keep_for_gold": 0
  }, 
  {
    "citance_No": 6, 
    "citing_paper_id": "C10-1131", 
    "citing_paper_authority": 13, 
    "citing_paper_authors": "Mengqiu, Wang | Christopher D., Manning", 
    "raw_text": "We followed the same experimental setup as Wang et al (2007) and Heil man and Smith (2010)", 
    "clean_text": "We followed the same experimental setup as Wang et al (2007) and Heilman and Smith (2010).", 
    "keep_for_gold": 0
  }, 
  {
    "citance_No": 7, 
    "citing_paper_id": "C10-1131", 
    "citing_paper_authority": 13, 
    "citing_paper_authors": "Mengqiu, Wang | Christopher D., Manning", 
    "raw_text": "Results of replicated systems for the last two were reportedby Wang et al (2007), with lexical-semantic augmentation from WordNet", 
    "clean_text": "Results of replicated systems for the last two were reported by Wang et al (2007), with lexical-semantic augmentation from WordNet.", 
    "keep_for_gold": 0
  }, 
  {
    "citance_No": 8, 
    "citing_paper_id": "C10-1131", 
    "citing_paper_authority": 13, 
    "citing_paper_authors": "Mengqiu, Wang | Christopher D., Manning", 
    "raw_text": "Results in Table 3 show that our model gives the same level of performance as Wang et al (2007), with no statistically significant difference (p& gt; 5 in sign test)", 
    "clean_text": "Results in Table 3 show that our model gives the same level of performance as Wang et al (2007), with no statistically significant difference (p > 5 in sign test).", 
    "keep_for_gold": 0
  }, 
  {
    "citance_No": 9, 
    "citing_paper_id": "N10-1145", 
    "citing_paper_authority": 18, 
    "citing_paper_authors": "Michael, Heilman | Noah A., Smith", 
    "raw_text": "? 5 describes and presents the results of experiments involving re cog nizing textual entailment (Giampiccolo et al, 2007), paraphrase identification (Dolan et al, 2004), and an answer selection task for question answering (Wanget al, 2007)", 
    "clean_text": "", 
    "keep_for_gold": 0
  }, 
  {
    "citance_No": 10, 
    "citing_paper_id": "N10-1145", 
    "citing_paper_authority": 18, 
    "citing_paper_authors": "Michael, Heilman | Noah A., Smith", 
    "raw_text": "Experiments were conducted to evaluate tree edit models for three tasks: recognizing textual entailment (Giampiccolo et al, 2007), paraphrase identification (Dolan et al, 2004), and an answer selection task (Wang et al, 2007) for question answering (Voorhees, 2004)", 
    "clean_text": "Experiments were conducted to evaluate tree edit models for three tasks: recognizing textual entailment (Giampiccolo et al, 2007), paraphrase identification (Dolan et al, 2004), and an answer selection task (Wang et al, 2007) for question answering (Voorhees, 2004).", 
    "keep_for_gold": 0
  }, 
  {
    "citance_No": 11, 
    "citing_paper_id": "N10-1145", 
    "citing_paper_authority": 18, 
    "citing_paper_authors": "Michael, Heilman | Noah A., Smith", 
    "raw_text": "System MAP MRR Punyakanok et al, 2004 0.3814 0.4462 +WN 0.4189 0.4939 Cui et al, 2005 0.4350 0.5569 +WN 0.4271 0.5259 Wang et al, 2007 0.4828 0.5571 +WN 0.6029 0.6852 Tree Edit Model 0.6091 0.6917Table 5: Results for the task of answer selection for question answering", 
    "clean_text": "", 
    "keep_for_gold": 0
  }, 
  {
    "citance_No": 12, 
    "citing_paper_id": "N10-1145", 
    "citing_paper_authority": 18, 
    "citing_paper_authors": "Michael, Heilman | Noah A., Smith", 
    "raw_text": "Fora given set of questions, the task here is to rank candidate answers (Wang et al, 2007)", 
    "clean_text": "For a given set of questions, the task here is to rank candidate answers (Wang et al, 2007).", 
    "keep_for_gold": 0
  }, 
  {
    "citance_No": 13, 
    "citing_paper_id": "N10-1145", 
    "citing_paper_authority": 18, 
    "citing_paper_authors": "Michael, Heilman | Noah A., Smith", 
    "raw_text": "The experimental setup is the same as in Wang et al (2007)", 
    "clean_text": "The experimental setup is the same as in Wang et al (2007).", 
    "keep_for_gold": 0
  }, 
  {
    "citance_No": 14, 
    "citing_paper_id": "N10-1145", 
    "citing_paper_authority": 18, 
    "citing_paper_authors": "Michael, Heilman | Noah A., Smith", 
    "raw_text": "We compare our tree edit model to three other systems as they are re ported by Wang et al (2007)", 
    "clean_text": "We compare our tree edit model to three other systems as they are reported by Wang et al (2007).", 
    "keep_for_gold": 0
  }, 
  {
    "citance_No": 15, 
    "citing_paper_id": "N10-1145", 
    "citing_paper_authority": 18, 
    "citing_paper_authors": "Michael, Heilman | Noah A., Smith", 
    "raw_text": "The results for the tree edit model are statistically significantly different (sign test, p &lt; 0.01) from the results for all except the Wang et al (2007) system with WordNet (p& gt; 0.05)", 
    "clean_text": "The results for the tree edit model are statistically significantly different (sign test, p < 0.01) from the results for all except the Wang et al (2007) system with WordNet (p > 0.05).", 
    "keep_for_gold": 0
  }, 
  {
    "citance_No": 16, 
    "citing_paper_id": "D11-1138", 
    "citing_paper_authority": 7, 
    "citing_paper_authors": "Keith, Hall | Ryan, McDonald | Jason, Katz-Brown | Michael, Ringgaard", 
    "raw_text": "This includes work on question answering (Wang et al, 2007), sentiment analysis (Nakagawa et al, 2010), MT reordering (Xu et al, 2009), and many other tasks", 
    "clean_text": "This includes work on question answering (Wang et al, 2007), sentiment analysis (Nakagawa et al, 2010), MT reordering (Xu et al, 2009), and many other tasks.", 
    "keep_for_gold": 0
  }, 
  {
    "citance_No": 17, 
    "citing_paper_id": "P12-1071", 
    "citing_paper_authority": 6, 
    "citing_paper_authors": "Zhenghua, Li | Ting, Liu | Wanxiang, Che", 
    "raw_text": "To date, QGs have been successfully applied to various tasks, such as word alignment (Smith and Eisner, 2006), machine translation (Gimpel and Smith, 2011) ,question answering (Wang et al, 2007), and sentence simplification (Woodsend and Lapata, 2011)", 
    "clean_text": "", 
    "keep_for_gold": 0
  }, 
  {
    "citance_No": 18, 
    "citing_paper_id": "D09-1086", 
    "citing_paper_authority": 27, 
    "citing_paper_authors": "David A., Smith | Jason M., Eisner", 
    "raw_text": "In that paper, QG was applied to word alignment and has since found applications in question answering (Wang et al, 2007), paraphrase detection (Das and Smith, 2009), and machine translation (Gimpel and Smith, 2009)", 
    "clean_text": "In that paper, QG was applied to word alignment and has since found applications in question answering (Wang et al, 2007), paraphrase detection (Das and Smith, 2009), and machine translation (Gimpel and Smith, 2009).", 
    "keep_for_gold": 0
  }, 
  {
    "citance_No": 19, 
    "citing_paper_id": "P09-1039", 
    "citing_paper_authority": 54, 
    "citing_paper_authors": "Andre, Martins | Noah A., Smith | Eric P., Xing", 
    "raw_text": "Lately, this formalism has been used as an alternative to phrase-based parsing for a variety of tasks, ranging from machine translation (Ding and Palmer, 2005) to relation extraction (Culotta and Sorensen, 2004) and question answering (Wang et al, 2007) .Let us first describe formally the set of legal dependency parse trees", 
    "clean_text": "Lately, this formalism has been used as an alternative to phrase-based parsing for a variety of tasks, ranging from machine translation (Ding and Palmer, 2005) to relation extraction (Culotta and Sorensen, 2004) and question answering (Wang et al, 2007).", 
    "keep_for_gold": 0
  }, 
  {
    "citance_No": 20, 
    "citing_paper_id": "C10-2157", 
    "citing_paper_authority": 1, 
    "citing_paper_authors": "Huichao, Xue | Rebecca, Hwa", 
    "raw_text": "QG has been applied to some NLP tasks other than MT, including answer selection for question-answering (Wang et al, 2007), para phrase identification (Das and Smith, 2009), and parser adaptation and projection (Smith and Eisner, 2009)", 
    "clean_text": "QG has been applied to some NLP tasks other than MT, including answer selection for question-answering (Wang et al, 2007), paraphrase identification (Das and Smith, 2009), and parser adaptation and projection (Smith and Eisner, 2009).", 
    "keep_for_gold": 0
  }
]
