[
  {
    "citance_No": 1, 
    "citing_paper_id": "C96-1036", 
    "citing_paper_authority": 1, 
    "citing_paper_authors": "Hubert Hin-Cheung, Law | Chorkin, Chan", 
    "raw_text": "N-gram models arc usually used for scoring (Gu et al, 1991) (Nagata, 1994), but their training requires the sentences of the corpus to be manuMly segmented, and even class-tagged if class-based N-gram is used, as in (Nagata, 1994)", 
    "clean_text": "N-gram models arc usually used for scoring (Gu et al, 1991) (Nagata, 1994), but their training requires the sentences of the corpus to be manualy segmented, and even class-tagged if class-based N-gram is used, as in (Nagata, 1994).", 
    "keep_for_gold": 0
  }, 
  {
    "citance_No": 2, 
    "citing_paper_id": "P11-2093", 
    "citing_paper_authority": 11, 
    "citing_paper_authors": "Graham, Neubig | Yosuke, Nakata | Shinsuke, Mori", 
    "raw_text": "As an evaluation measure, we follow Nagata (1994 )andKudo et al (2004) and use Word/POS tag pair F measure, so that both word boundaries and POS tags must be correct for a word to be considered correct", 
    "clean_text": "", 
    "keep_for_gold": 0
  }, 
  {
    "citance_No": 3, 
    "citing_paper_id": "W97-0120", 
    "citing_paper_authority": 1, 
    "citing_paper_authors": "Masaaki, Nagata", 
    "raw_text": "Around 95% word segmentation accuracy is reported by using a word-based language model and the Viterbi-like dynamic programi-g procedure [Nagata, 1994, Takeuchi and Matsumoto, 1995, Yamamoto, 1996]", 
    "clean_text": "Around 95% word segmentation accuracy is reported by using a word-based language model and the Viterbi-like dynamic programming procedure [Nagata, 1994, Takeuchi and Matsumoto, 1995, Yamamoto, 1996].", 
    "keep_for_gold": 0
  }, 
  {
    "citance_No": 4, 
    "citing_paper_id": "W97-0120", 
    "citing_paper_authority": 1, 
    "citing_paper_authors": "Masaaki, Nagata", 
    "raw_text": "2.3 V i te rb i Re -es t lmat ion We used the Viterbi-likedyn~m~c programing procedure described in [Nagata, 1994] to get the most likely word segmentation", 
    "clean_text": "We used the Viterbi-like dynamic programming procedure described in [Nagata, 1994] to get the most likely word segmentation.", 
    "keep_for_gold": 0
  }, 
  {
    "citance_No": 5, 
    "citing_paper_id": "W97-0120", 
    "citing_paper_authority": 1, 
    "citing_paper_authors": "Masaaki, Nagata", 
    "raw_text": "Word Segmentation accuracy is expressed in terms of recall and precision as is done for bracketing of partial parses [Nagata, 1994, Sproat et al, 1996]", 
    "clean_text": "Word Segmentation accuracy is expressed in terms of recall and precision as is done for bracketing of partial parses [Nagata, 1994, Sproat et al, 1996].", 
    "keep_for_gold": 0
  }, 
  {
    "citance_No": 6, 
    "citing_paper_id": "W96-0113", 
    "citing_paper_authority": 4, 
    "citing_paper_authors": "Mikio, Yamamoto", 
    "raw_text": "In this formulation, the tagger searches for the best sequence that maximizes the probability (Nagata, 1994): (1~ r, T) =argmaxp (W, TIS) =argmaxp (W, T) (1) W, T W, T where W is a word sequence (wl ,w2, ..., Wn), T is a tag sequence (tl ,t2, ..., tn) and S is an input sentence", 
    "clean_text": "", 
    "keep_for_gold": 0
  }, 
  {
    "citance_No": 7, 
    "citing_paper_id": "P06-1092", 
    "citing_paper_authority": 0, 
    "citing_paper_authors": "Shinsuke, Mori | Daisuke, Takuma | Gakuto, Kurata", 
    "raw_text": "Nagata (1994) proposed a stochastic word seg menter based on a word \u0000-gram model to solve the word segmentation problem", 
    "clean_text": "Nagata (1994) proposed a stochastic word segmenter based on a word-gram model to solve the word segmentation problem.", 
    "keep_for_gold": 0
  }, 
  {
    "citance_No": 8, 
    "citing_paper_id": "P06-1092", 
    "citing_paper_authority": 0, 
    "citing_paper_authors": "Shinsuke, Mori | Daisuke, Takuma | Gakuto, Kurata", 
    "raw_text": "According to this method, the word segmenter divides a sentence \u0000 into a word sequence with the highest probability \u0005 \u0002 \u0000argmax \u0002\u0004\u0000 \u0002 \u0002\u0003\u0004 \u0002\u0002\u0003 Nagata (1994) reported an accuracy of about 97% on a test corpus in the same domain using a learning corpus of 10,945 sentences in Japanese", 
    "clean_text": "Nagata (1994) reported an accuracy of about 97% on a test corpus in the same domain using a learning corpus of 10,945 sentences in Japanese.", 
    "keep_for_gold": 0
  }, 
  {
    "citance_No": 9, 
    "citing_paper_id": "C00-2119", 
    "citing_paper_authority": 2, 
    "citing_paper_authors": "Hisami, Suzuki | Chris, Brockett | Gary, Kacmarcik", 
    "raw_text": "Fully stochastic language models (e.g. Nagata 1994), on the other hand, do not allow such manual cost manipulation and precisely for that reason, improvements in segmentation accuracy are harder to achieve", 
    "clean_text": "Fully stochastic language models (e.g. Nagata 1994), on the other hand, do not allow such manual cost manipulation and precisely for that reason, improvements in segmentation accuracy are harder to achieve.", 
    "keep_for_gold": 0
  }, 
  {
    "citance_No": 10, 
    "citing_paper_id": "C00-2119", 
    "citing_paper_authority": 2, 
    "citing_paper_authors": "Hisami, Suzuki | Chris, Brockett | Gary, Kacmarcik", 
    "raw_text": "The best accuracy reported for statistical methods to date is around 95% (e.g. Nagata 1994)", 
    "clean_text": "The best accuracy reported for statistical methods to date is around 95% (e.g. Nagata 1994).", 
    "keep_for_gold": 0
  }, 
  {
    "citance_No": 11, 
    "citing_paper_id": "W01-0512", 
    "citing_paper_authority": 14, 
    "citing_paper_authors": "Kiyotaka, Uchimoto | Satoshi, Sekine | Hitoshi, Isahara", 
    "raw_text": "We use the Viterbi algorithm to nd the optimal set of morphemes in a sentence and we use the method proposed by Nagata (Nagata, 1994) to search for the N best sets", 
    "clean_text": "We use the Viterbi algorithm to find the optimal set of morphemes in a sentence and we use the method proposed by Nagata (Nagata, 1994) to search for the N best sets.", 
    "keep_for_gold": 1
  }, 
  {
    "citance_No": 12, 
    "citing_paper_id": "P01-1064", 
    "citing_paper_authority": 28, 
    "citing_paper_authors": "Masao, Utiyama | Hitoshi, Isahara", 
    "raw_text": "An algorithm that can provide a solution for Step 2 will be a simpler version of the algorithm used to find the maximum probability solution in Japanese morphological analysis (Nagata, 1994)", 
    "clean_text": "An algorithm that can provide a solution for Step 2 will be a simpler version of the algorithm used to find the maximum probability solution in Japanese morphological analysis (Nagata, 1994).", 
    "keep_for_gold": 0
  }, 
  {
    "citance_No": 13, 
    "citing_paper_id": "A00-1032", 
    "citing_paper_authority": 1, 
    "citing_paper_authors": "Tatsuo, Yamashita | Yuji, Matsumoto", 
    "raw_text": "To find the sequence, Nagata proposed a probabilistic language model for non-segmented languages (Nagata, 1994) (Nagata, 1999)", 
    "clean_text": "To find the sequence, Nagata proposed a probabilistic language model for non-segmented languages (Nagata, 1994).", 
    "keep_for_gold": 0
  }, 
  {
    "citance_No": 14, 
    "citing_paper_id": "P09-1058", 
    "citing_paper_authority": 32, 
    "citing_paper_authors": "Canasai, Kruengkrai | Kiyotaka, Uchimoto | Jun'ichi, Kazama | Yiou, Wang | Kentaro, Torisawa | Hitoshi, Isahara", 
    "raw_text": "In this paper, we apply a dynamic programming search (Nagata, 1994) to k best MIRA", 
    "clean_text": "In this paper, we apply a dynamic programming search (Nagata, 1994) to k best MIRA.", 
    "keep_for_gold": 0
  }
]
