[
  {
    "citance_No": 1, 
    "citing_paper_id": "C00-2117", 
    "citing_paper_authority": 8, 
    "citing_paper_authors": "Efstathios, Stamatatos | Nikos D., Fakotakis | George K., Kokkinakis", 
    "raw_text": "Karlgren and Cutting (1994) use a combination of structural markers (e.g., noun count), lexical markers (e.g.,& quot; it& quot; count), and token-level markers (e.g., words per sentence average ,type/token ratio, etc.)", 
    "clean_text": "Karlgren and Cutting (1994) use a combination of structural markers (e.g., noun count), lexical markers (e.g., it count), and token-level markers (e.g., words per sentence average ,type/token ratio, etc.).", 
    "keep_for_gold": 0
  }, 
  {
    "citance_No": 2, 
    "citing_paper_id": "E12-3002", 
    "citing_paper_authority": 0, 
    "citing_paper_authors": "Philipp, Petrenz", 
    "raw_text": "Work on automated genre classification was first carried out by Karlgren and Cutting (1994)", 
    "clean_text": "Work on automated genre classification was first carried out by Karlgren and Cutting (1994).", 
    "keep_for_gold": 0
  }, 
  {
    "citance_No": 3, 
    "citing_paper_id": "E12-3002", 
    "citing_paper_authority": 0, 
    "citing_paper_authors": "Philipp, Petrenz", 
    "raw_text": "Following Karlgren and Cutting (1994), Itested my approach on all three levels of granularity", 
    "clean_text": "Following Karlgren and Cutting (1994), I tested my approach on all three levels of granularity.", 
    "keep_for_gold": 0
  }, 
  {
    "citance_No": 4, 
    "citing_paper_id": "N09-1031", 
    "citing_paper_authority": 11, 
    "citing_paper_authors": "Shimon, Kogan | Dimitry, Levin | Bryan R., Routledge | Jacob S., Sagi | Noah A., Smith", 
    "raw_text": "Applications have included the categorization of documents by topic (Joachims, 1998), language (Cavnar and Trenkle, 1994), genre (Karlgren and Cutting, 1994), author (Bosch and Smith, 1998), sentiment (Pang et al, 2002), and desirability (Sahami et al, 1998)", 
    "clean_text": "", 
    "keep_for_gold": 0
  }, 
  {
    "citance_No": 5, 
    "citing_paper_id": "P10-1077", 
    "citing_paper_authority": 2, 
    "citing_paper_authors": "Zhili, Wu | Katja, Markert | Serge, Sharoff", 
    "raw_text": "In one experimentin (Karlgren and Cutting, 1994) the sub genres under fiction are grouped together, leading to 10 gen res to classify. Results on 10-genre Brown Corpus", 
    "clean_text": "In one experiment in (Karlgren and Cutting, 1994) the sub genres under fiction are grouped together, leading to 10 gen res to classify. Results on 10-genre Brown Corpus.", 
    "keep_for_gold": 0
  }, 
  {
    "citance_No": 6, 
    "citing_paper_id": "P10-1077", 
    "citing_paper_authority": 2, 
    "citing_paper_authors": "Zhili, Wu | Katja, Markert | Serge, Sharoff", 
    "raw_text": "The result is also significantly better than prior work on the Browncor pus in (Karlgren and Cutting, 1994) (who use the whole corpus as test as well as training data)", 
    "clean_text": "The result is also significantly better than prior work on the Browncor pus in (Karlgren and Cutting, 1994) (who use the whole corpus as test as well as training data).", 
    "keep_for_gold": 0
  }, 
  {
    "citance_No": 7, 
    "citing_paper_id": "P10-1077", 
    "citing_paper_authority": 2, 
    "citing_paper_authors": "Zhili, Wu | Katja, Markert | Serge, Sharoff", 
    "raw_text": "Method Accuracy Karlgren and Cutting, 1994 65 (Training) Flat SVM 64.40 SSVM (IC-lin-word-bnc) 68.80 SSVM (IC-lin-word-br) 68.60 SSVM (IC-lin-gram-br) 67.80 Figure 2 provides the box plots of accuracy scores. The dashed boxes indicate that the distance measures perform significantly worse than the best performing IC-lin-word-bnc at the bottom", 
    "clean_text": "", 
    "keep_for_gold": 0
  }, 
  {
    "citance_No": 8, 
    "citing_paper_id": "P10-1077", 
    "citing_paper_authority": 2, 
    "citing_paper_authors": "Zhili, Wu | Katja, Markert | Serge, Sharoff", 
    "raw_text": "Inaddition, we improve on the training accuracy of 52% reported in (Karlgren and Cutting, 1994) .We are also interested in structural accuracy (S Acc) to see whether the structural SVMs make fewer& quot; big& quot; mistakes", 
    "clean_text": "In addition, we improve on the training accuracy of 52% reported in (Karlgren and Cutting, 1994). We are also interested in structural accuracy (S Acc) to see whether the structural SVMs make fewer& quot; big& quot; mistakes.", 
    "keep_for_gold": 0
  }, 
  {
    "citance_No": 9, 
    "citing_paper_id": "W01-1007", 
    "citing_paper_authority": 4, 
    "citing_paper_authors": "Niegel, Dewdney | Carol J., Van Ess-Dykema | Richard, MacMillan", 
    "raw_text": "Both works dispensed with the more complex features proposed by Karlgren and Cutting (1994) which showed promising results", 
    "clean_text": "Both works dispensed with the more complex features proposed by Karlgren and Cutting (1994) which showed promising results.", 
    "keep_for_gold": 0
  }, 
  {
    "citance_No": 10, 
    "citing_paper_id": "C10-2011", 
    "citing_paper_authority": 7, 
    "citing_paper_authors": "Julian, Brooke | Tong, Wang | Graeme, Hirst", 
    "raw_text": "The simplest kind of formality measure is based on word length, which is often used directly as an indicator of formality for applications such as genre classification (Karlgren and Cutting, 1994)", 
    "clean_text": "The simplest kind of formality measure is based on word length, which is often used directly as an indicator of formality for applications such as genre classification (Karlgren and Cutting, 1994).", 
    "keep_for_gold": 1
  }
]
