[
  {
    "citance_No": 1, 
    "citing_paper_id": "N03-1036", 
    "citing_paper_authority": 14, 
    "citing_paper_authors": "Dominic, Widdows", 
    "raw_text": "This problem is addressed by Riloff and Shepherd (1997), Roark and Charniak (1998) and more recently byWiddows and Dorow (2002)", 
    "clean_text": "This problem is addressed by Riloff and Shepherd (1997), Roark and Charniak (1998) and more recently byWiddows and Dorow (2002).", 
    "keep_for_gold": 0
  }, 
  {
    "citance_No": 2, 
    "citing_paper_id": "P11-1148", 
    "citing_paper_authority": 9, 
    "citing_paper_authors": "Tim, Van de Cruys | Marianna, Apidianaki", 
    "raw_text": "The senses of a word may then be discovered using graph clustering techniques (Widdows and Dorow, 2002), or algorithms such as HyperLex (Ve ?ronis, 2004) or Pagerank (Agirre et al, 2006)", 
    "clean_text": "The senses of a word may then be discovered using graph clustering techniques (Widdows and Dorow, 2002), or algorithms such as HyperLex (Veronis, 2004) or Pagerank (Agirre et al, 2006).", 
    "keep_for_gold": 0
  }, 
  {
    "citance_No": 3, 
    "citing_paper_id": "D09-1089", 
    "citing_paper_authority": 2, 
    "citing_paper_authors": "Dmitry, Davidov | Ari, Rappoport", 
    "raw_text": "In concept acquisition, pattern-based methods were shown to out perform LSA by a large margin (Widdows and Dorow, 2002)", 
    "clean_text": "In concept acquisition, pattern-based methods were shown to outperform LSA by a large margin (Widdows and Dorow, 2002).", 
    "keep_for_gold": 0
  }, 
  {
    "citance_No": 4, 
    "citing_paper_id": "D09-1089", 
    "citing_paper_authority": 2, 
    "citing_paper_authors": "Dmitry, Davidov | Ari, Rappoport", 
    "raw_text": "To utilize this, we introduce two additional List pattern types 8: [Prefix] C 1 [Infix] (C i [Infix])+ (1) [Infix] (C i [Infix])+ C n [Postfix] (2) Following (Widdows and Dorow, 2002), we define a pattern graph", 
    "clean_text": "", 
    "keep_for_gold": 0
  }, 
  {
    "citance_No": 5, 
    "citing_paper_id": "P08-1119", 
    "citing_paper_authority": 51, 
    "citing_paper_authors": "Zornitsa, Kozareva | Ellen, Riloff | Eduard, Hovy", 
    "raw_text": "The KnowItAll system (Etzioni et al, 2005) also uses hyponym patterns to extract class instances from the web and then evaluates them further by computing mutual information scores based on web queries. The work by (Widdows and Dorow, 2002) on lexical acquisition is similar to ours because they also use graph structures to learn semantic classes", 
    "clean_text": "The work by (Widdows and Dorow, 2002) on lexical acquisition is similar to ours because they also use graph structures to learn semantic classes.", 
    "keep_for_gold": 0
  }, 
  {
    "citance_No": 6, 
    "citing_paper_id": "P06-1038", 
    "citing_paper_authority": 25, 
    "citing_paper_authors": "Dmitry, Davidov | Ari, Rappoport", 
    "raw_text": "This is the same general observation exploited by (Widdows and Dorow, 2002), who try to find graph regions that are more connected internally than externally", 
    "clean_text": "This is the same general observation exploited by (Widdows and Dorow, 2002), who try to find graph regions that are more connected internally than externally.", 
    "keep_for_gold": 1
  }, 
  {
    "citance_No": 7, 
    "citing_paper_id": "P06-1038", 
    "citing_paper_authority": 25, 
    "citing_paper_authors": "Dmitry, Davidov | Ari, Rappoport", 
    "raw_text": "The major guideline in this part of the evaluation was to compare our results with previous work having a similar goal (Widdows and Dorow, 2002)", 
    "clean_text": "The major guideline in this part of the evaluation was to compare our results with previous work having a similar goal (Widdows and Dorow, 2002).", 
    "keep_for_gold": 0
  }, 
  {
    "citance_No": 8, 
    "citing_paper_id": "P06-1038", 
    "citing_paper_authority": 25, 
    "citing_paper_authors": "Dmitry, Davidov | Ari, Rappoport", 
    "raw_text": "in (Widdows and Dorow, 2002), and removed all multi-word items", 
    "clean_text": "", 
    "keep_for_gold": 0
  }, 
  {
    "citance_No": 9, 
    "citing_paper_id": "P06-1038", 
    "citing_paper_authority": 25, 
    "citing_paper_authors": "Dmitry, Davidov | Ari, Rappoport", 
    "raw_text": "The only difference from the (Widdows and Dorow, 2002) experiment is the usage of pairs rather than single words", 
    "clean_text": "The only difference from the (Widdows and Dorow, 2002) experiment is the usage of pairs rather than single words.", 
    "keep_for_gold": 0
  }, 
  {
    "citance_No": 10, 
    "citing_paper_id": "P06-1038", 
    "citing_paper_authority": 25, 
    "citing_paper_authors": "Dmitry, Davidov | Ari, Rappoport", 
    "raw_text": "This was not needed in (Widdows and Dorow, 2002) because they had directly accessed the word graph, which may be an advantage in some applications. The Russian evaluation posed a bit of a problem because the Russian WordNet is not readily available and its coverage is rather small", 
    "clean_text": "This was not needed in (Widdows and Dorow, 2002) because they had directly accessed the word graph, which may be an advantage in some applications. The Russian evaluation posed a bit of a problem because the Russian WordNet is not readily available and its coverage is rather small.", 
    "keep_for_gold": 0
  }, 
  {
    "citance_No": 11, 
    "citing_paper_id": "P06-1038", 
    "citing_paper_authority": 25, 
    "citing_paper_authors": "Dmitry, Davidov | Ari, Rappoport", 
    "raw_text": "Fortunately, the subject list is such that WordNet words 5 (Widdows and Dorow, 2002) also reports results for an LSA-based clustering algorithm that are vastly inferior to the pattern-based ones", 
    "clean_text": "Fortunately, the subject list is such that WordNet words (Widdows and Dorow, 2002) also reports results for an LSA-based clustering algorithm that are vastly inferior to the pattern-based ones.", 
    "keep_for_gold": 0
  }, 
  {
    "citance_No": 12, 
    "citing_paper_id": "P06-1038", 
    "citing_paper_authority": 25, 
    "citing_paper_authors": "Dmitry, Davidov | Ari, Rappoport", 
    "raw_text": "This metric was re ported to be 82% in (Widdows and Dorow, 2002)", 
    "clean_text": "This metric was reported to be 82% in (Widdows and Dorow, 2002).", 
    "keep_for_gold": 0
  }, 
  {
    "citance_No": 13, 
    "citing_paper_id": "W09-0805", 
    "citing_paper_authority": 2, 
    "citing_paper_authors": "Elad, Dinur | Dmitry, Davidov | Ari, Rappoport", 
    "raw_text": "In order to identify such useful patterns, for each pattern we build a graph following (Widdows and Dorow, 2002) .The graph is constructed from a node for each con tent word, and a directed arc from the node? x? to? y? if the corresponding content words appear in the pattern such that? x? precedes? y?", 
    "clean_text": "In order to identify such useful patterns, for each pattern we build a graph following (Widdows and Dorow, 2002). The graph is constructed from a node for each content word, and a directed arc from the node x to y if the corresponding content words appear in the pattern such that x precedes y.", 
    "keep_for_gold": 0
  }, 
  {
    "citance_No": 14, 
    "citing_paper_id": "W08-2005", 
    "citing_paper_authority": 1, 
    "citing_paper_authors": "Kenichi, Ichioka | Fumiyo, Fukumoto", 
    "raw_text": "In the context of graph-based clustering of words, Widdows and Dorow (2002) used a graph model for unsupervised lexical acquisition", 
    "clean_text": "In the context of graph-based clustering of words, Widdows and Dorow (2002) used a graph model for unsupervised lexical acquisition.", 
    "keep_for_gold": 0
  }, 
  {
    "citance_No": 15, 
    "citing_paper_id": "W06-1664", 
    "citing_paper_authority": 8, 
    "citing_paper_authors": "Yutaka, Matsuo | Takeshi, Sakaki | Koki, Uchiyama | Mitsuru, Ishizuka", 
    "raw_text": "Widdows and Dorow (2002) use a graph model for unsupervised lexical acquisition", 
    "clean_text": "Widdows and Dorow (2002) use a graph model for unsupervised lexical acquisition.", 
    "keep_for_gold": 0
  }, 
  {
    "citance_No": 16, 
    "citing_paper_id": "W09-1108", 
    "citing_paper_authority": 2, 
    "citing_paper_authors": "Dmitry, Davidov | Roi, Reichart | Ari, Rappoport", 
    "raw_text": "In order to identify symmetric patterns, for each pattern we define a pattern graph G (P), as proposed by (Widdows and Dorow, 2002)", 
    "clean_text": "In order to identify symmetric patterns, for each pattern we define a pattern graph G (P), as proposed by (Widdows and Dorow, 2002).", 
    "keep_for_gold": 0
  }, 
  {
    "citance_No": 17, 
    "citing_paper_id": "W09-1108", 
    "citing_paper_authority": 2, 
    "citing_paper_authors": "Dmitry, Davidov | Roi, Reichart | Ari, Rappoport", 
    "raw_text": "The concept discovery algorithmis essentially the same as used by (Davidov and Rappoport, 2006) and has some similarity with the one used by (Widdows and Dorow, 2002)", 
    "clean_text": "The concept discovery algorithmis essentially the same as used by (Davidov and Rappoport, 2006) and has some similarity with the one used by (Widdows and Dorow, 2002).", 
    "keep_for_gold": 0
  }, 
  {
    "citance_No": 18, 
    "citing_paper_id": "W09-1108", 
    "citing_paper_authority": 2, 
    "citing_paper_authors": "Dmitry, Davidov | Roi, Reichart | Ari, Rappoport", 
    "raw_text": "We have also performed an indirect comparison to (Widdows and Dorow, 2002) .While there is a significant number of other re lated studies4 on concept acquisition (see Section 2), 4Most are supervised and/or use language-specific tools", 
    "clean_text": "We have also performed an indirect comparison to (Widdows and Dorow, 2002). While there is a significant number of other related studies on concept acquisition (see Section 2), Most are supervised and/or use language-specific tools.", 
    "keep_for_gold": 0
  }, 
  {
    "citance_No": 19, 
    "citing_paper_id": "W09-1108", 
    "citing_paper_authority": 2, 
    "citing_paper_authors": "Dmitry, Davidov | Roi, Reichart | Ari, Rappoport", 
    "raw_text": "All of these corpora were also used by (Davidov and Rappoport, 2006) and BNC was used in similar settings by (Widdows and Dorow, 2002)", 
    "clean_text": "All of these corpora were also used by (Davidov and Rappoport, 2006) and BNC was used in similar settings by (Widdows and Dorow, 2002).", 
    "keep_for_gold": 0
  }, 
  {
    "citance_No": 20, 
    "citing_paper_id": "W09-1108", 
    "citing_paper_authority": 2, 
    "citing_paper_authors": "Dmitry, Davidov | Roi, Reichart | Ari, Rappoport", 
    "raw_text": "This also allows indirect comparison to several other studies, thus (Widdows and Dorow, 2002) re ports results for an LSA-based clustering algorithm that are vastly inferior to the pattern-based ones", 
    "clean_text": "This also allows indirect comparison to several other studies, thus (Widdows and Dorow, 2002) reports results for an LSA-based clustering algorithm that are vastly inferior to the pattern-based ones.", 
    "keep_for_gold": 0
  }
]
