[
  {
    "citance_No": 1, 
    "citing_paper_id": "C94-2211", 
    "citing_paper_authority": 1, 
    "citing_paper_authors": "Pius, ten Hacken | Stephan, Bopp | Marc, Domenig | Dieter, Holz | Alain, Hsiung | Sandro, Pedrazzini", 
    "raw_text": "Currently, the most attractive architecture is as in Figure 1 (Karttunen et al (1992)): 1284 String alternation rules Formative lexicon] I~ Compilation &apos; 1 Compilation (Lexicon FSA) (Rule FSTs) Lexicalransducel2, j Figure l: Architecture of Two-Level Morphology", 
    "clean_text": "Currently, the most attractive architecture is as in Figure 1 (Karttunen et al (1992)): 1284 String alternation rules Formative lexicon] I~ Compilation &apos; 1 Compilation (Lexicon FSA) (Rule FSTs) Lexicalransducel2, j Figure l: Architecture of Two-Level Morphology.", 
    "keep_for_gold": 0
  }, 
  {
    "citance_No": 2, 
    "citing_paper_id": "W10-3702", 
    "citing_paper_authority": 0, 
    "citing_paper_authors": "Filip, Gralinski | Agata, Savary | Monika, Czerepowicka | Filip, Makowiecki", 
    "raw_text": "Earlier examples of such approaches include lexc (Karttunen et al, 1992), FASTR (Jacquemin,2001), HABIL (Alegria et al, 2004), and Mul ti flex discussed below", 
    "clean_text": "Earlier examples of such approaches include lexc (Karttunen et al, 1992), FASTR (Jacquemin,2001), HABIL (Alegria et al, 2004), and Mul ti flex discussed below.", 
    "keep_for_gold": 0
  }, 
  {
    "citance_No": 3, 
    "citing_paper_id": "W10-3702", 
    "citing_paper_authority": 0, 
    "citing_paper_authors": "Filip, Gralinski | Agata, Savary | Monika, Czerepowicka | Filip, Makowiecki", 
    "raw_text": "See also (Savary, 2008) for a detailed contrastive analysis of Multiflex with respect to 10 other systems for a lexical description of MWUs in different languages such as (Karttunen et al, 1992), (Jacquemin, 2001), and (Alegria et al, 2004)", 
    "clean_text": "See also (Savary, 2008) for a detailed contrastive analysis of Multiflex with respect to 10 other systems for a lexical description of MWUs in different languages such as (Karttunen et al, 1992), (Jacquemin, 2001), and (Alegria et al, 2004).", 
    "keep_for_gold": 0
  }, 
  {
    "citance_No": 4, 
    "citing_paper_id": "E09-1036", 
    "citing_paper_authority": 2, 
    "citing_paper_authors": "Michael, Gasser", 
    "raw_text": "A second important advance in computational morphology was the recognition by Karttunen et al (1992) that a cascade of composed FSTs could implement the two-level model", 
    "clean_text": "A second important advance in computational morphology was the recognition by Karttunen et al (1992) that a cascade of composed FSTs could implement the two-level model.", 
    "keep_for_gold": 1
  }, 
  {
    "citance_No": 5, 
    "citing_paper_id": "E95-1014", 
    "citing_paper_authority": 8, 
    "citing_paper_authors": "Simone, Teufel | Gregory, Grefenstette", 
    "raw_text": "related forms of the word pair using a lexical transducer for English (Karttunen et al, 1992)", 
    "clean_text": "related forms of the word pair using a lexical transducer for English (Karttunen et al, 1992).", 
    "keep_for_gold": 0
  }, 
  {
    "citance_No": 6, 
    "citing_paper_id": "W10-2205", 
    "citing_paper_authority": 0, 
    "citing_paper_authors": "Kimmo, Koskenniemi | Miikka, Silfverberg", 
    "raw_text": "It was observed somewhere around 1990 at Xerox that the rule sets may be composed with the lexicon transducers in an efficient way and that the resulting transducer was roughly similar in size as the lexicon transducer itself (Karttunen et al, 1992)", 
    "clean_text": "It was observed somewhere around 1990 at Xerox that the rule sets may be composed with the lexicon transducers in an efficient way and that the resulting transducer was roughly similar in size as the lexicon transducer itself (Karttunen et al, 1992).", 
    "keep_for_gold": 1
  }
]
