[
  {
    "citance_No": 1, 
    "citing_paper_id": "W93-0306", 
    "citing_paper_authority": 13, 
    "citing_paper_authors": "Atro, Voutilainen", 
    "raw_text": "Bourigault &apos; s LECTER [Bourigault, 1992] is a surface-syntactic analyser that extracts &apos; maximal length noun phrases &apos; -mainly sequences of determiners ,premodifiers, nominal heads, and certain kinds of post modifying prepositional phrases and adjectives from French texts for terminology applications", 
    "clean_text": "Bourigault &apos; s LECTER [Bourigault, 1992] is a surface-syntactic analyser that extracts &apos; maximal length noun phrases &apos; -mainly sequences of determiners, premodifiers, nominal heads, and certain kinds of post modifying prepositional phrases and adjectives from French texts for terminology applications.", 
    "keep_for_gold": 1
  }, 
  {
    "citance_No": 2, 
    "citing_paper_id": "W02-1408", 
    "citing_paper_authority": 2, 
    "citing_paper_authors": "Goran, Nenadi&#x107; | Irena, Spasi&cacute; | Sophia, Ananiadou", 
    "raw_text": "Some methods (Bourigault (1992), Ananiadou (1994)) rely purely on linguistic information, namely morpho-syntactic features of term candidates", 
    "clean_text": "Some methods (Bourigault (1992), Ananiadou (1994)) rely purely on linguistic information, namely morpho-syntactic features of term candidates.", 
    "keep_for_gold": 1
  }, 
  {
    "citance_No": 3, 
    "citing_paper_id": "W95-0107", 
    "citing_paper_authority": 170, 
    "citing_paper_authors": "Lance A., Ramshaw | Mitchell P., Marcus", 
    "raw_text": "On the grammar-based side, Bourigault (1992) describes a system for extracting& quot; terminological noun phrases& quot; from French text", 
    "clean_text": "On the grammar-based side, Bourigault (1992) describes a system for extracting& quot; terminological noun phrases& quot; from French text.", 
    "keep_for_gold": 0
  }, 
  {
    "citance_No": 4, 
    "citing_paper_id": "P94-1032", 
    "citing_paper_authority": 4, 
    "citing_paper_authors": "Kuang-Hua, Chen | Hsin-Hsi, Chen", 
    "raw_text": "234 Bourigault (1992) reports a tool, LEXTER, for extracting terminologies from texts", 
    "clean_text": "Bourigault (1992) reports a tool, LEXTER, for extracting terminologies from texts.", 
    "keep_for_gold": 0
  }
]
