[
  {
    "citance_No": 1, 
    "citing_paper_id": "C10-2031", 
    "citing_paper_authority": 3, 
    "citing_paper_authors": "Anas, Elghafari | Detmar, Meurers | Holger, Wunsch", 
    "raw_text": "The accuracy of the choice classifier, the part of the system to which the work at hand is most similar, is 62.32% when tested on text from Encarta and Reuters news. Tetreault and Chodorow (2008a) present a system for detecting preposition errors in learner text", 
    "clean_text": "The accuracy of the choice classifier, the part of the system to which the work at hand is most similar, is 62.32% when tested on text from Encarta and Reuters news. Tetreault and Chodorow (2008a) present a system for detecting preposition errors in learner text.", 
    "keep_for_gold": 0
  }, 
  {
    "citance_No": 2, 
    "citing_paper_id": "W10-1006", 
    "citing_paper_authority": 3, 
    "citing_paper_authors": "Joel R., Tetreault | Elena, Filatova | Martin, Chodorow", 
    "raw_text": "This means that to collect a corpus of 1,000 preposition errors, an annotator would have to check over 10,000prepositions.1 (Tetreault and Chodorow, 2008b) challenged the view that using one rater is adequate by showing that preposition usage errors actually do not have high inter-annotator reliability", 
    "clean_text": "(Tetreault and Chodorow, 2008b) challenged the view that using one rater is adequate by showing that preposition usage errors actually do not have high inter-annotator reliability.", 
    "keep_for_gold": 0
  }, 
  {
    "citance_No": 3, 
    "citing_paper_id": "W10-1006", 
    "citing_paper_authority": 3, 
    "citing_paper_authors": "Joel R., Tetreault | Elena, Filatova | Martin, Chodorow", 
    "raw_text": "This is mostly due to the fact that learner corpora are difficult to acquire (and then annotate), but also to the fact that they are 1 (Tetreault and Chodorow, 2008b) report that it would take 80hrs for one of their trained raters to find and mark 1,000 preposition errors", 
    "clean_text": "This is mostly due to the fact that learner corpora are difficult to acquire (and then annotate), but also to the fact that they are 1 (Tetreault and Chodorow, 2008b) report that it would take 80hrs for one of their trained raters to find and mark 1,000 preposition errors.", 
    "keep_for_gold": 0
  }, 
  {
    "citance_No": 4, 
    "citing_paper_id": "W10-1006", 
    "citing_paper_authority": 3, 
    "citing_paper_authors": "Joel R., Tetreault | Elena, Filatova | Martin, Chodorow", 
    "raw_text": "Examples include the Cambridge Learners Corpus2 used in (Felice and Pullman, 2009), and TOEFL data, used in (Tetreault and Chodorow, 2008a)", 
    "clean_text": "Examples include the Cambridge Learners Corpus2 used in (Felice and Pullman, 2009), and TOEFL data, used in (Tetreault and Chodorow, 2008a).", 
    "keep_for_gold": 1
  }, 
  {
    "citance_No": 5, 
    "citing_paper_id": "W10-1006", 
    "citing_paper_authority": 3, 
    "citing_paper_authors": "Joel R., Tetreault | Elena, Filatova | Martin, Chodorow", 
    "raw_text": "(Tetreault and Chodorow, 2008b) showed that trained human raters can achieve very high agreement (78%) on this task", 
    "clean_text": "(Tetreault and Chodorow, 2008b) showed that trained human raters can achieve very high agreement (78%) on this task.", 
    "keep_for_gold": 0
  }, 
  {
    "citance_No": 6, 
    "citing_paper_id": "W10-1006", 
    "citing_paper_authority": 3, 
    "citing_paper_authors": "Joel R., Tetreault | Elena, Filatova | Martin, Chodorow", 
    "raw_text": "For example, (Tetreault and Chodorow, 2008b) found kappa between two raters averaged 0.630.Because there is no gold standard for the error detection task, kappa was used to compareTurker responses to those of three trained annotators", 
    "clean_text": "For example, (Tetreault and Chodorow, 2008b) found kappa between two raters averaged 0.630. Because there is no gold standard for the error detection task, kappa was used to compare Turker responses to those of three trained annotators.", 
    "keep_for_gold": 0
  }, 
  {
    "citance_No": 7, 
    "citing_paper_id": "W10-4236", 
    "citing_paper_authority": 18, 
    "citing_paper_authors": "Robert, Dale | Adam, Kilgarriff", 
    "raw_text": "There is already existing work that addresses specific problems in this area (see, for ex ample, (Tetreault and Chodorow, 2008)), but to be genuinely useful, we require a solution to the writing problem as a whole, integrating existing solutions to sub-problems with new solutions for problems as yet unexplored", 
    "clean_text": "There is already existing work that addresses specific problems in this area (see, for ex ample, (Tetreault and Chodorow, 2008)), but to be genuinely useful, we require a solution to the writing problem as a whole, integrating existing solutions to sub-problems with new solutions for problems as yet unexplored.", 
    "keep_for_gold": 0
  }, 
  {
    "citance_No": 8, 
    "citing_paper_id": "W10-1004", 
    "citing_paper_authority": 14, 
    "citing_paper_authors": "Alla, Rozovskaya | Dan, Roth", 
    "raw_text": "In example 1, the context requires a definite article, and the definite article, in turn, calls for the 4Our error classification was inspired by the classification developed for the annotation of preposition errors (Tetreault and Chodorow, 2008a)", 
    "clean_text": "In example 1, the context requires a definite article, and the definite article, in turn, calls for the 4Our error classification was inspired by the classification developed for the annotation of preposition errors (Tetreault and Chodorow, 2008a).", 
    "keep_for_gold": 0
  }, 
  {
    "citance_No": 9, 
    "citing_paper_id": "W10-1004", 
    "citing_paper_authority": 14, 
    "citing_paper_authors": "Alla, Rozovskaya | Dan, Roth", 
    "raw_text": "Tetreault and Chodorow (Tetreault and Chodorow, 2008a) show that agreement between two native speakers on a cloze test targeting prepositions is about 76%, which demonstrates that there are many contexts that license multiple prepositions", 
    "clean_text": "Tetreault and Chodorow (Tetreault and Chodorow, 2008a) show that agreement between two native speakers on a cloze test targeting prepositions is about 76%, which demonstrates that there are many contexts that license multiple prepositions.", 
    "keep_for_gold": 1
  }, 
  {
    "citance_No": 10, 
    "citing_paper_id": "W10-1004", 
    "citing_paper_authority": 14, 
    "citing_paper_authors": "Alla, Rozovskaya | Dan, Roth", 
    "raw_text": "The latter is complicated by the fact that native speakers differ widely with respect to what constitutes acceptable usage (Tetreault and Chodorow, 2008a) .To date, a common approach to annotating non native text has been to use one rater (Gamon et al, Source Errors Errors Mistakes by error type language total per 100 Repl", 
    "clean_text": "The latter is complicated by the fact that native speakers differ widely with respect to what constitutes acceptable usage (Tetreault and Chodorow, 2008a). To date, a common approach to annotating non native text has been to use one rater (Gamon et al, Source Errors Errors Mistakes by error type language total per 100 Repl.", 
    "keep_for_gold": 0
  }, 
  {
    "citance_No": 11, 
    "citing_paper_id": "W11-1422", 
    "citing_paper_authority": 5, 
    "citing_paper_authors": "Michael, Gamon", 
    "raw_text": "Some recent work includes Cho do row et al (2007), De Felice and Pulman (2008), Gamon (2010), Han et al (2010), Izumi et al (2004), Tetreault and Chodorow (2008), Rozovskaya and Roth (2010a, 2010b)", 
    "clean_text": "Some recent work includes Chodorow et al (2007), De Felice and Pulman (2008), Gamon (2010), Han et al (2010), Izumi et al (2004), Tetreault and Chodorow (2008), Rozovskaya and Roth (2010a, 2010b).", 
    "keep_for_gold": 0
  }, 
  {
    "citance_No": 12, 
    "citing_paper_id": "W11-2111", 
    "citing_paper_authority": 5, 
    "citing_paper_authors": "Kristen, Parton | Joel R., Tetreault | Nitin, Madnani | Martin, Chodorow", 
    "raw_text": "The usage feature detects errors related to articles (Han et al, 2006), prepositions (Tetreault and Chodorow, 2008) and collocations (Futagi et al, 2008)", 
    "clean_text": "The usage feature detects errors related to articles (Han et al, 2006), prepositions (Tetreault and Chodorow, 2008) and collocations (Futagi et al, 2008).", 
    "keep_for_gold": 0
  }, 
  {
    "citance_No": 13, 
    "citing_paper_id": "D10-1104", 
    "citing_paper_authority": 4, 
    "citing_paper_authors": "Xiaohua, Liu | Bo, Han | Kuan, Li | Stephan Hyeonjun, Stiller | Ming, Zhou", 
    "raw_text": "Some researchers (Tetreault and Chodorow, 2008) exploited syntactic information and n-gram features to represent verb usage context", 
    "clean_text": "Some researchers (Tetreault and Chodorow, 2008) exploited syntactic information and n-gram features to represent verb usage context.", 
    "keep_for_gold": 0
  }, 
  {
    "citance_No": 14, 
    "citing_paper_id": "W10-1005", 
    "citing_paper_authority": 4, 
    "citing_paper_authors": "Michael, Gamon | Claudia, Leacock", 
    "raw_text": "Typically, data-driven approaches to learner errors use a classifier trained on contextual information such as tokens and part-of-speech tags within a window of the preposition/article (Gamon et al 2008, 2010, DeFelice and Pulman 2007, 2008, Han et al 2006, Chodorow et al 2007, Tetreault and Chodorow 2008)", 
    "clean_text": "Typically, data-driven approaches to learner errors use a classifier trained on contextual information such as tokens and part-of-speech tags within a window of the preposition/article (Gamon et al 2008, 2010, DeFelice and Pulman 2007, 2008, Han et al 2006, Chodorow et al 2007, Tetreault and Chodorow 2008).", 
    "keep_for_gold": 0
  }, 
  {
    "citance_No": 15, 
    "citing_paper_id": "W10-1502", 
    "citing_paper_authority": 1, 
    "citing_paper_authors": "Markus, Dickinson | Ross, Israel | Sun-Hee, Lee", 
    "raw_text": "Tetreault and Chodorow, 2008)", 
    "clean_text": "", 
    "keep_for_gold": 0
  }, 
  {
    "citance_No": 16, 
    "citing_paper_id": "W10-1502", 
    "citing_paper_authority": 1, 
    "citing_paper_authors": "Markus, Dickinson | Ross, Israel | Sun-Hee, Lee", 
    "raw_text": "For example Tetreault and Chodorow (2008) use a maximum entropy classifier to build a model of correct preposition usage, with 7 million instances in their training set, and Lee and Knutsson (2008) use memory-based learning ,with10 million sentences in their training set", 
    "clean_text": "For example Tetreault and Chodorow (2008) use a maximum entropy classifier to build a model of correct preposition usage, with 7 million instances in their training set, and Lee and Knutsson (2008) use memory-based learning ,with10 million sentences in their training set.", 
    "keep_for_gold": 0
  }, 
  {
    "citance_No": 17, 
    "citing_paper_id": "W10-2921", 
    "citing_paper_authority": 1, 
    "citing_paper_authors": "Shane, Bergsma | Dekang, Lin | Dale, Schuurmans", 
    "raw_text": "For further perspective on these results, note Chodorow et al (2007) achieved 69% with 7M training examples, while Tetreault and Chodorow (2008) found the human performance was around 75%", 
    "clean_text": "For further perspective on these results, note Chodorow et al (2007) achieved 69% with 7M training examples, while Tetreault and Chodorow (2008) found the human performance was around 75%.", 
    "keep_for_gold": 0
  }, 
  {
    "citance_No": 18, 
    "citing_paper_id": "W12-2025", 
    "citing_paper_authority": 4, 
    "citing_paper_authors": "Eric Jun Feng, Ng | Daniel, Dahlmeier | Hwee Tou, Ng", 
    "raw_text": "We adopt the features from previous work by Han et al (2006), Tetreault and Chodorow (2008), and Rozovskaya et al (2011) for our system", 
    "clean_text": "We adopt the features from previous work by Han et al (2006), Tetreault and Chodorow (2008), and Rozovskaya et al (2011) for our system.", 
    "keep_for_gold": 0
  }, 
  {
    "citance_No": 19, 
    "citing_paper_id": "P10-2065", 
    "citing_paper_authority": 23, 
    "citing_paper_authors": "Joel R., Tetreault | Jennifer, Foster | Martin, Chodorow", 
    "raw_text": "We recreate a state-of-the-art preposition usage system (Tetreault and Chodorow (2008), henceforth T& amp; C08) originally trained with lexical features and augment it with parser output features", 
    "clean_text": "We recreate a state-of-the-art preposition usage system (Tetreault and Chodorow (2008), henceforth T& amp; C08) originally trained with lexical features and augment it with parser output features.", 
    "keep_for_gold": 1
  }, 
  {
    "citance_No": 20, 
    "citing_paper_id": "P10-2065", 
    "citing_paper_authority": 23, 
    "citing_paper_authors": "Joel R., Tetreault | Jennifer, Foster | Martin, Chodorow", 
    "raw_text": "The prepositions were judged by two trained annotators and checked by the authors using the preposition annotation scheme described in Tetreault and Chodorow (2008b)", 
    "clean_text": "The prepositions were judged by two trained annotators and checked by the authors using the preposition annotation scheme described in Tetreault and Chodorow (2008b).", 
    "keep_for_gold": 0
  }
]
