[
  {
    "citance_No": 1, 
    "citing_paper_id": "D11-1113", 
    "citing_paper_authority": 1, 
    "citing_paper_authors": "Enrique, Henestroza Anguiano | Marie, Candito", 
    "raw_text": "In this paper, we use the following baseline parsers: MaltParser (Nivre et al, 2007) for transition-based parsing; MSTParser (McDonald et al, 2005) (with sibling 2-edge factors) and BohnetParser (Bohnet, 2010) (with general 2-edge factors) for graph-based parsing; and BerkeleyParser (Petrov et al, 2006) for constituency-based parsing", 
    "clean_text": "In this paper, we use the following baseline parsers: MaltParser (Nivre et al, 2007) for transition-based parsing; MSTParser (McDonald et al, 2005) (with sibling 2-edge factors) and Bohnet Parser (Bohnet, 2010) (with general 2-edge factors) for graph-based parsing; and BerkeleyParser (Petrov et al, 2006) for constituency-based parsing.", 
    "keep_for_gold": 0
  }, 
  {
    "citance_No": 2, 
    "citing_paper_id": "P14-1070", 
    "citing_paper_authority": 0, 
    "citing_paper_authors": "Marie, Candito | Matthieu, Constant", 
    "raw_text": "Parser: We used the second-order graph-based parser available in Mate-tools12 (Bohnet, 2010)", 
    "clean_text": "Parser: We used the second-order graph-based parser available in Mate-tools12 (Bohnet, 2010).", 
    "keep_for_gold": 0
  }, 
  {
    "citance_No": 3, 
    "citing_paper_id": "P13-1152", 
    "citing_paper_authority": 0, 
    "citing_paper_authors": "Sina, Zarrie&szlig; | Jonas, Kuhn", 
    "raw_text": "him die Ra ?uberp:0the robbers nochalso die the Armbanduhrposs :vwatchposs: v ab off undand flu ?chtetenag :p.fleedag: p. Figure 2: Example text with RE annotations, oval boxes mark victim mentions, square boxes mark perp mentions, heads of implicit arguments are underlined the Bohnet (2010) dependency parser to obtain an automatic annotation of shallow or surface dependencies for the corpus sentences", 
    "clean_text": "", 
    "keep_for_gold": 0
  }, 
  {
    "citance_No": 4, 
    "citing_paper_id": "P13-1152", 
    "citing_paper_authority": 0, 
    "citing_paper_authors": "Sina, Zarrie&szlig; | Jonas, Kuhn", 
    "raw_text": "This version was produced with the dependency parser byBohnet (2010), trained on the dependency conversion of TIGER by Seeker and Kuhn (2012)", 
    "clean_text": "This version was produced with the dependency parser by Bohnet (2010), trained on the dependency conversion of TIGER by Seeker and Kuhn (2012).", 
    "keep_for_gold": 0
  }, 
  {
    "citance_No": 5, 
    "citing_paper_id": "P14-1005", 
    "citing_paper_authority": 2, 
    "citing_paper_authors": "Anders, Bj\u00c3\u00b6rkelund | Jonas, Kuhn", 
    "raw_text": "needed 4 We also implement the feature mapping function? as a hash kernel (Bohnet, 2010) and apply averaging (Collins, 2002), though for brevity we omit this from the pseudo code", 
    "clean_text": "We also implement the feature mapping function as a hash kernel (Bohnet, 2010) and apply averaging (Collins, 2002), though for brevity we omit this from the pseudo code.", 
    "keep_for_gold": 0
  }, 
  {
    "citance_No": 6, 
    "citing_paper_id": "W12-3412", 
    "citing_paper_authority": 1, 
    "citing_paper_authors": "Joseph, Le Roux | Benoit, Favre | Alexis, Nasr | Seyed Abolghasem, Mirroshandel", 
    "raw_text": "It is difficult to compare our system for LAS because most systems evaluate on gold data (part-of-speech, lemmas and morphological information) like Bohnet (2010)", 
    "clean_text": "It is difficult to compare our system for LAS because most systems evaluate on gold data (part-of-speech, lemmas and morphological information) like Bohnet (2010).", 
    "keep_for_gold": 0
  }, 
  {
    "citance_No": 7, 
    "citing_paper_id": "W12-3412", 
    "citing_paper_authority": 1, 
    "citing_paper_authors": "Joseph, Le Roux | Benoit, Favre | Alexis, Nasr | Seyed Abolghasem, Mirroshandel", 
    "raw_text": "93.8 This work 91.1 89.8 93.9 Table 3: Comparison on PTB Test set For French, see Table 4, we compare our system with the MATE parser (Bohnet, 2010), an improvement over the MST parser (McDonald et al, 2005) with hash kernels, using the MELT part-of-speech tagger (Denis and Sagot, 2009) and our own lemma tiser", 
    "clean_text": "we compare our system with the MATE parser (Bohnet, 2010), an improvement over the MST parser (McDonald et al, 2005) with hash kernels, using the MELT part-of-speech tagger (Denis and Sagot, 2009) and our own lemma tiser.", 
    "keep_for_gold": 0
  }, 
  {
    "citance_No": 8, 
    "citing_paper_id": "E12-1009", 
    "citing_paper_authority": 13, 
    "citing_paper_authors": "Bernd, Bohnet | Jonas, Kuhn", 
    "raw_text": "Bohnet (2010) showed that the Hash Kernel improves parsing speed and accuracy since the parser uses additionaly negative features", 
    "clean_text": "Bohnet (2010) showed that the Hash Kernel improves parsing speed and accuracy since the parser uses additionally negative features.", 
    "keep_for_gold": 1
  }, 
  {
    "citance_No": 9, 
    "citing_paper_id": "P13-2046", 
    "citing_paper_authority": 0, 
    "citing_paper_authors": "Veronika, Vincze | Istv\u00c3\u00a1n, Nagy T. | Rich&aacute;rd, Farkas", 
    "raw_text": "The dependency labels were provided by the Bohnet parser (Bohnet, 2010) for English and by magyarlanc 2.0 (Zsibrita et al, 2013) for Hungarian", 
    "clean_text": "The dependency labels were provided by the Bohnet parser (Bohnet, 2010) for English and by magyarlanc 2.0 (Zsibrita et al, 2013) for Hungarian.", 
    "keep_for_gold": 0
  }, 
  {
    "citance_No": 10, 
    "citing_paper_id": "P13-1118", 
    "citing_paper_authority": 2, 
    "citing_paper_authors": "Britta, Zeller | Jan, &Scaron;najder | Sebastian, Pad&oacute;", 
    "raw_text": "For POS tagging and lemmatization, we useTreeTagger (Schmid, 1994) and determine grammatical gender with the morphological layer of the MATE Tools (Bohnet, 2010)", 
    "clean_text": "For POS tagging and lemmatization, we use TreeTagger (Schmid, 1994) and determine grammatical gender with the morphological layer of the MATE Tools (Bohnet, 2010).", 
    "keep_for_gold": 0
  }, 
  {
    "citance_No": 11, 
    "citing_paper_id": "E12-1007", 
    "citing_paper_authority": 4, 
    "citing_paper_authors": "Rich&aacute;rd, Farkas | Veronika, Vincze | Helmut, Schmid", 
    "raw_text": "It uses an approximate exhaustive search for unlabeled parsing, then a separate arc label classifier is applied to label each arc. The Mateparser (Bohnet, 2010) is an efficient second order dependency parser that models the interaction between siblings as well as grandchildren (Carreras, 2007)", 
    "clean_text": "It uses an approximate exhaustive search for unlabeled parsing, then a separate arc label classifier is applied to label each arc. The Mateparser (Bohnet, 2010) is an efficient second order dependency parser that models the interaction between siblings as well as grandchildren (Carreras, 2007).", 
    "keep_for_gold": 1
  }, 
  {
    "citance_No": 12, 
    "citing_paper_id": "P12-2003", 
    "citing_paper_authority": 3, 
    "citing_paper_authors": "Valentin I., Spitkovsky | Wanxiang, Che | Ting, Liu", 
    "raw_text": "The three dependency parsers are: MaltParser (Nivre et al, 2006), Mate (Bohnet, 2010) 2 and MSTParser (McDonald and Pereira, 2006)", 
    "clean_text": "The three dependency parsers are: MaltParser (Nivre et al, 2006), Mate (Bohnet, 2010) 2 and MSTParser (McDonald and Pereira, 2006).", 
    "keep_for_gold": 0
  }, 
  {
    "citance_No": 13, 
    "citing_paper_id": "P14-2026", 
    "citing_paper_authority": 0, 
    "citing_paper_authors": "Jingsheng, Cai | Masao, Utiyama | Eiichiro, Sumita | Yujie, Zhang", 
    "raw_text": "For training the Berkeley Parser, we used Chinese Treebank (CTB) 7.0.We conducted our dependency-based pre ordering experiments on the Berkeley Parser and the Mate Parser (Bohnet, 2010), which were shown to be the two best parsers for Stanford typed dependencies (Che et al, 2012)", 
    "clean_text": "For training the Berkeley Parser, we used Chinese Treebank (CTB) 7.0.We conducted our dependency-based pre ordering experiments on the Berkeley Parser and the Mate Parser (Bohnet, 2010), which were shown to be the two best parsers for Stanford typed dependencies (Che et al, 2012).", 
    "keep_for_gold": 0
  }, 
  {
    "citance_No": 14, 
    "citing_paper_id": "P12-1082", 
    "citing_paper_authority": 0, 
    "citing_paper_authors": "Seyed Abolghasem, Mirroshandel | Alexis, Nasr | Joseph, Le Roux", 
    "raw_text": "The three methods outperformed the baseline (the state of the art parser for French which is a second order graph based method) (Bohnet, 2010)", 
    "clean_text": "The three methods outperformed the baseline (the state of the art parser for French which is a second order graph based method) (Bohnet, 2010).", 
    "keep_for_gold": 0
  }, 
  {
    "citance_No": 15, 
    "citing_paper_id": "P14-1043", 
    "citing_paper_authority": 0, 
    "citing_paper_authors": "Zhenghua, Li | Min, Zhang | Wenliang, Chen", 
    "raw_text": "For syntactic features, we adopt those of Bohnet (2010) which include two categories corresponding to the two types of scoring subtrees in Fig", 
    "clean_text": "For syntactic features, we adopt those of Bohnet (2010) which include two categories corresponding to the two types of scoring subtrees in Fig.", 
    "keep_for_gold": 0
  }, 
  {
    "citance_No": 16, 
    "citing_paper_id": "P14-1043", 
    "citing_paper_authority": 0, 
    "citing_paper_authors": "Zhenghua, Li | Min, Zhang | Wenliang, Chen", 
    "raw_text": "Please refer to Table 4 of Bohnet (2010) for the complete feature list", 
    "clean_text": "Please refer to Table 4 of Bohnet (2010) for the complete feature list.", 
    "keep_for_gold": 0
  }, 
  {
    "citance_No": 17, 
    "citing_paper_id": "P13-1094", 
    "citing_paper_authority": 3, 
    "citing_paper_authors": "Christian, Scheible | Hinrich, Sch&uuml;tze", 
    "raw_text": "We add for each verb in VerbNet and for each noun in CoreLex its base class or basic type as an additional feature where words tagged by the mate tagger (Bohnet, 2010) as NN.* are treated as nouns and words tagged as VB.* as verbs", 
    "clean_text": "We add for each verb in VerbNet and for each noun in CoreLex its base class or basic type as an additional feature where words tagged by the mate tagger (Bohnet, 2010) as NN.* are treated as nouns and words tagged as VB.* as verbs.", 
    "keep_for_gold": 0
  }, 
  {
    "citance_No": 18, 
    "citing_paper_id": "W12-1707", 
    "citing_paper_authority": 0, 
    "citing_paper_authors": "Alessandra, Zarcone | Jason, Utt | Sebastian, Pad&oacute;", 
    "raw_text": "et al, 2010) parsed with the MATE German dependency parser (Bohnet, 2010)", 
    "clean_text": "", 
    "keep_for_gold": 0
  }, 
  {
    "citance_No": 19, 
    "citing_paper_id": "P14-1019", 
    "citing_paper_authority": 2, 
    "citing_paper_authors": "Yuan, Zhang | Tao, Lei | Regina, Barzilay | Tommi, Jaakkola | Amir, Globerson", 
    "raw_text": "Our system not only out performs the best single system (Bj ?orkelundetal., 2013) by 1.4%, but it also tops the ens em ble system that combines three powerful parsers: the Mate parser (Bohnet, 2010), the Easy-First parser (Goldberg and Elhadad, 2010) and the Turbo parser (Martins et al, 2013) Impact of Sampling Methods We compare two sampling methods introduced in Section 3.2 with respect to their decoding efficiency", 
    "clean_text": "Our system not only out performs the best single system (Bjorkelundetal., 2013) by 1.4%, but it also tops the ensemble system that combines three powerful parsers: the Mate parser (Bohnet, 2010), the Easy-First parser (Goldberg and Elhadad, 2010) and the Turbo parser (Martins et al, 2013) Impact of Sampling Methods We compare two sampling methods introduced in Section 3.2 with respect to their decoding efficiency.", 
    "keep_for_gold": 0
  }, 
  {
    "citance_No": 20, 
    "citing_paper_id": "D12-1133", 
    "citing_paper_authority": 33, 
    "citing_paper_authors": "Bernd, Bohnet | Joakim, Nivre", 
    "raw_text": "As a result, the hash kernel often improves accuracyas well as efficiency compared to traditional techniques that only make use of features that occur in gold standard parses (Bohnet, 2010)", 
    "clean_text": "As a result, the hash kernel often improves accuracy as well as efficiency compared to traditional techniques that only make use of features that occur in gold standard parses (Bohnet, 2010).", 
    "keep_for_gold": 0
  }
]
