[
  {
    "citance_No": 1, 
    "citing_paper_id": "W12-3148", 
    "citing_paper_authority": 1, 
    "citing_paper_authors": "Milo&scaron;, Stanojevi&#263; | Amir, Kamran | Petra, Galu&scaron;&ccaron;&aacute;kov&aacute; | Ale&scaron;, Tamchyna | Ond&#x159;ej, Bojar", 
    "raw_text": "In Moore and Lewis (2010), the authors compare several approaches to selecting data for LMand Axelrod et al (2011) extend their ideas and apply them to MT. Naturally, we only used the source side of the test set", 
    "clean_text": "In Moore and Lewis (2010), the authors compare several approaches to selecting data for LM and Axelrod et al (2011) extend their ideas and apply them to MT.", 
    "keep_for_gold": 0
  }, 
  {
    "citance_No": 2, 
    "citing_paper_id": "P14-2093", 
    "citing_paper_authority": 0, 
    "citing_paper_authors": "Le, Liu | Yu, Hong | Hao, Liu | Xing, Wang | Jianmin, Yao", 
    "raw_text": "Axelrod et al (2011) improved the perplexity based approach and proposed bilingual cross entropy difference as a ranking function with inand general domain language models", 
    "clean_text": "Axelrod et al (2011) improved the perplexity based approach and proposed bilingual cross entropy difference as a ranking function with in- and general-domain language models.", 
    "keep_for_gold": 1
  }, 
  {
    "citance_No": 3, 
    "citing_paper_id": "P14-2093", 
    "citing_paper_authority": 0, 
    "citing_paper_authors": "Le, Liu | Yu, Hong | Hao, Liu | Xing, Wang | Jianmin, Yao", 
    "raw_text": "(Axelrod et al, 2011)? Neural net: Data selection by Recurrent Neural LM, with the RNNLM Tookit", 
    "clean_text": "", 
    "keep_for_gold": 0
  }, 
  {
    "citance_No": 4, 
    "citing_paper_id": "D12-1047", 
    "citing_paper_authority": 0, 
    "citing_paper_authors": "Shixiang, Lu | Xiaoyin, Fu | Wei, Wei | Bo, Xu", 
    "raw_text": "This would empirically provide more ac curate lexical probabilities, and thus better match the translation task at hand (Axelrod et al2011)", 
    "clean_text": "This would empirically provide more accurate lexical probabilities, and thus better match the translation task at hand (Axelrod et al., 2011).", 
    "keep_for_gold": 0
  }, 
  {
    "citance_No": 5, 
    "citing_paper_id": "D12-1047", 
    "citing_paper_authority": 0, 
    "citing_paper_authors": "Shixiang, Lu | Xiaoyin, Fu | Wei, Wei | Bo, Xu", 
    "raw_text": "Axelrod et al2011) proposed a bilingual cross-entropy difference to select data from parallel corpus for domain adaptation which captures the contextual information slightly, and outperformed monolingual cross-entropy difference (Moore and Lewis, 2010), which first shows the advantage of bilingual data selection", 
    "clean_text": "Axelrod et al (2011) proposed a bilingual cross-entropy difference to select data from parallel corpus for domain adaptation which captures the contextual information slightly, and outperformed monolingual cross-entropy difference (Moore and Lewis, 2010), which first shows the advantage of bilingual data selection.", 
    "keep_for_gold": 1
  }, 
  {
    "citance_No": 6, 
    "citing_paper_id": "W12-3139", 
    "citing_paper_authority": 12, 
    "citing_paper_authors": "Philipp, Koehn | Barry, Haddow", 
    "raw_text": "We experimented with two different types of sub sampling techniques? Model 1, similar to that used by Schwenk et al (2011), and modified Moore Lewis (Axelrod et al, 2011)? for the language pairs es-en, en-es, fr-en and en-fr", 
    "clean_text": "We experimented with two different types of sub sampling techniques - Model 1, similar to that used by Schwenk et al (2011), and modified Moore Lewis (Axelrod et al, 2011) - for the language pairs es-en, en-es, fr-en and en-fr.", 
    "keep_for_gold": 0
  }, 
  {
    "citance_No": 7, 
    "citing_paper_id": "E12-1026", 
    "citing_paper_authority": 2, 
    "citing_paper_authors": "Gennadi, Lembersky | Noam, Ordan | Shuly, Wintner", 
    "raw_text": "Gao et al (2002) and Moore and Lewis (2010) apply this method to language modeling, while Foster 256 et al (2010) and Axelrod et al (2011) use it on the translation model", 
    "clean_text": "", 
    "keep_for_gold": 0
  }, 
  {
    "citance_No": 8, 
    "citing_paper_id": "P14-2002", 
    "citing_paper_authority": 0, 
    "citing_paper_authors": "Alex, Fine | Austin F., Frank | T. Florian, Jaeger | Benjamin, van Durme", 
    "raw_text": "This relates to work in automatically building domain specific corpora (e.g., Moore and Lewis (2010), Axelrod et al (2011), Daum? e III and Jagarlamudi (2011), Wang et al (2014), Gao et al (2002), and Lin et al (1997))", 
    "clean_text": "", 
    "keep_for_gold": 0
  }
]
