[
  {
    "citance_No": 1, 
    "citing_paper_id": "W09-2112", 
    "citing_paper_authority": 8, 
    "citing_paper_authors": "Jennifer, Foster | &Oslash;istein E., Andersen", 
    "raw_text": "Since the features of machine learned error detectors are often part-of-speech n grams or word? word dependencies extracted from parser output (De Felice and Pulman, 2008, for example), it is important to understand how part-of speech taggers and parsers react to particular grammatical errors", 
    "clean_text": "Since the features of machine learned error detectors are often part-of-speech n grams or word word dependencies extracted from parser output (De Felice and Pulman, 2008, for example), it is important to understand how part-of speech taggers and parsers react to particular grammatical errors.", 
    "keep_for_gold": 0
  }, 
  {
    "citance_No": 2, 
    "citing_paper_id": "W12-2033", 
    "citing_paper_authority": 1, 
    "citing_paper_authors": "Yuta, Hayashibe | Tomoya, Mizumoto | Keisuke, Sakaguchi | Shuhei, Kondo | Lis, Kanashiro | Mamoru, Komachi | Yuji, Matsumoto", 
    "raw_text": "As De Felice and Pulman (2008) did not perform word sense disambiguation, neither did we", 
    "clean_text": "As De Felice and Pulman (2008) did not perform word sense disambiguation, neither did we.", 
    "keep_for_gold": 0
  }, 
  {
    "citance_No": 3, 
    "citing_paper_id": "N10-1018", 
    "citing_paper_authority": 17, 
    "citing_paper_authors": "Alla, Rozovskaya | Dan, Roth", 
    "raw_text": "Han et al (2006) and De Felice and Pulman (2008) train a maximum entropy classifier", 
    "clean_text": "Han et al (2006) and De Felice and Pulman (2008) train a maximum entropy classifier.", 
    "keep_for_gold": 0
  }, 
  {
    "citance_No": 4, 
    "citing_paper_id": "N10-1018", 
    "citing_paper_authority": 17, 
    "citing_paper_authors": "Alla, Rozovskaya | Dan, Roth", 
    "raw_text": "The best results of 92.15% are reported by De Felice and Pulman (2008)", 
    "clean_text": "The best results of 92.15% are reported by De Felice and Pulman (2008).", 
    "keep_for_gold": 0
  }, 
  {
    "citance_No": 5, 
    "citing_paper_id": "W12-2012", 
    "citing_paper_authority": 0, 
    "citing_paper_authors": "Michael, Flor | Yoko, Futagi", 
    "raw_text": "In the context of automated preposition and determiner error correction in L2 English, De Felice and Pulman (2008) noted that the process is often disrupted by misspellings", 
    "clean_text": "In the context of automated preposition and determiner error correction in L2 English, De Felice and Pulman (2008) noted that the process is often disrupted by misspellings.", 
    "keep_for_gold": 1
  }, 
  {
    "citance_No": 6, 
    "citing_paper_id": "W11-1422", 
    "citing_paper_authority": 5, 
    "citing_paper_authors": "Michael, Gamon", 
    "raw_text": "Some recent work includes Cho do row et al (2007), De Felice and Pulman (2008), Gamon (2010), Han et al (2010), Izumi et al (2004), Tetreault and Chodorow (2008), Rozovskaya and Roth (2010a, 2010b)", 
    "clean_text": "", 
    "keep_for_gold": 0
  }, 
  {
    "citance_No": 7, 
    "citing_paper_id": "P10-2065", 
    "citing_paper_authority": 23, 
    "citing_paper_authors": "Joel R., Tetreault | Jennifer, Foster | Martin, Chodorow", 
    "raw_text": "T& amp; C08, De Felice and Pulman (2008) and Gamon et al (2008) describe very similar preposition error detection systems in which a model of correct prepositional usage is trained from well formed text and a writer? s preposition is com pared with the predictions of this model", 
    "clean_text": "T& amp; C08, De Felice and Pulman (2008) and Gamon et al (2008) describe very similar preposition error detection systems in which a model of correct prepositional usage is trained from well formed text and a writer's preposition is compared with the predictions of this model.", 
    "keep_for_gold": 0
  }, 
  {
    "citance_No": 8, 
    "citing_paper_id": "W11-1412", 
    "citing_paper_authority": 2, 
    "citing_paper_authors": "Chung-chi, Huang | Mei-hua, Chen | Shih-ting, Huang | Hsien-Chin, Liou | Jason S., Chang", 
    "raw_text": "On the other hand, supervised models, typically treating error detection/correction as a classification problem, utilize the training of well-formed texts ((De Felice and Pulman, 2008) and (Tetreault et al, 2010)), learner texts, or both pair wisely (Brockett et al, 2006)", 
    "clean_text": "On the other hand, supervised models, typically treating error detection/correction as a classification problem, utilize the training of well-formed texts ((De Felice and Pulman, 2008) and (Tetreault et al, 2010)), learner texts, or both pair wisely (Brockett et al, 2006).", 
    "keep_for_gold": 0
  }, 
  {
    "citance_No": 9, 
    "citing_paper_id": "P11-4005", 
    "citing_paper_authority": 1, 
    "citing_paper_authors": "Chung-chi, Huang | Mei-hua, Chen | Shih-ting, Huang | Jason S., Chang", 
    "raw_text": "On the other hand, supervised models, typically treating error detection/correction as a classification problem, may train on well-formed texts as in the methods by De Felice and Pulman (2008) and Tetreault et al", 
    "clean_text": "On the other hand, supervised models, typically treating error detection/correction as a classification problem, may train on well-formed texts as in the methods by De Felice and Pulman (2008) and Tetreault et al.", 
    "keep_for_gold": 0
  }, 
  {
    "citance_No": 10, 
    "citing_paper_id": "D10-1094", 
    "citing_paper_authority": 18, 
    "citing_paper_authors": "Alla, Rozovskaya | Dan, Roth", 
    "raw_text": "Chodorow et. al (2007), Tetreault and Chodorow (2008), and De Felice and Pulman (2008) train a maximum entropy model and De Felice and Pulman (2007) train a voted percep tron algorithm to correct preposition errors", 
    "clean_text": "Chodorow et. al (2007), Tetreault and Chodorow (2008), and De Felice and Pulman (2008) train a maximum entropy model and De Felice and Pulman (2007) train a voted perceptron algorithm to correct preposition errors.", 
    "keep_for_gold": 0
  }, 
  {
    "citance_No": 11, 
    "citing_paper_id": "W12-2031", 
    "citing_paper_authority": 1, 
    "citing_paper_authors": "Li, Quan | Oleksandr, Kolomiyets | Marie-Francine, Moens", 
    "raw_text": "(Han et al,2004), (Gamon et al, 2008) and (De Felice and Pulman, 2008)", 
    "clean_text": "", 
    "keep_for_gold": 0
  }
]
