[
  {
    "citance_No": 1, 
    "citing_paper_id": "P10-4014", 
    "citing_paper_authority": 16, 
    "citing_paper_authors": "Zhi, Zhong | Hwee Tou, Ng", 
    "raw_text": "As a fundamental task in natural language processing (NLP), WSDcan benefit applications such as machine translation (Chan et al, 2007a; Carpuat and Wu, 2007) and information retrieval (Stokoe et al, 2003)", 
    "clean_text": "", 
    "keep_for_gold": 0
  }, 
  {
    "citance_No": 2, 
    "citing_paper_id": "S10-1002", 
    "citing_paper_authority": 13, 
    "citing_paper_authors": "Rada, Mihalcea | Ravi, Sinha | Diana, McCarthy", 
    "raw_text": "Unlike a full blown machine translation task (Carpuat and Wu, 2007), annotators and systems are not required to translate the whole context but just the target word", 
    "clean_text": "Unlike a full blown machine translation task (Carpuat and Wu, 2007), annotators and systems are not required to translate the whole context but just the target word.", 
    "keep_for_gold": 0
  }, 
  {
    "citance_No": 3, 
    "citing_paper_id": "W12-1906", 
    "citing_paper_authority": 0, 
    "citing_paper_authors": "Douwe, Gelling | Trevor, Cohn", 
    "raw_text": "(Carpuat and Wu, 2007) report an improvement in translation quality by incorporating a WSD system directly in a phrase-based translation system. This is in response to earlier work done, where in corp orating the output of a traditional WSD system gave disappointing results (Carpuat and Wu, 2005)", 
    "clean_text": "(Carpuat and Wu, 2007) report an improvement in translation quality by incorporating a WSD system directly in a phrase-based translation system.", 
    "keep_for_gold": 0
  }, 
  {
    "citance_No": 4, 
    "citing_paper_id": "W12-1906", 
    "citing_paper_authority": 0, 
    "citing_paper_authors": "Douwe, Gelling | Trevor, Cohn", 
    "raw_text": "This system is trained on the same data as the SMT system is. The output of this model is incorporated into the machine translation system by providing the WSD probabilities for a phrase translation as extra features in a log-linear model (Carpuat and Wu, 2007)", 
    "clean_text": "The output of this model is incorporated into the machine translation system by providing the WSD probabilities for a phrase translation as extra features in a log-linear model (Carpuat and Wu, 2007).", 
    "keep_for_gold": 1
  }, 
  {
    "citance_No": 5, 
    "citing_paper_id": "W12-1906", 
    "citing_paper_authority": 0, 
    "citing_paper_authors": "Douwe, Gelling | Trevor, Cohn", 
    "raw_text": "However, the way the system is set up, it could also be viewed as a way of incorporating translation probabilities of other systems into the phrase-based translation model. (Chan and Ng, 2007) introduce a system very similar to that of (Carpuat and Wu, 2007), but asap plied to hierarchical phrase-based translation", 
    "clean_text": "(Chan and Ng, 2007) introduce a system very similar to that of (Carpuat and Wu, 2007), but as applied to hierarchical phrase-based translation.", 
    "keep_for_gold": 0
  }, 
  {
    "citance_No": 6, 
    "citing_paper_id": "D09-1022", 
    "citing_paper_authority": 24, 
    "citing_paper_authors": "Arne, Mauser | Sa&scaron;a, Hasan | Hermann, Ney", 
    "raw_text": "Another WSD approach incorporating context-dependent phrasal translation lexicons is given in (Carpuatand Wu, 2007) and has been evaluated on several translation tasks", 
    "clean_text": "Another WSD approach incorporating context-dependent phrasal translation lexicons is given in (Carpuatand Wu, 2007) and has been evaluated on several translation tasks.", 
    "keep_for_gold": 0
  }, 
  {
    "citance_No": 7, 
    "citing_paper_id": "D09-1022", 
    "citing_paper_authority": 24, 
    "citing_paper_authors": "Arne, Mauser | Sa&scaron;a, Hasan | Hermann, Ney", 
    "raw_text": "Second, instead of disambiguating phrase senses as in (Carpuat and Wu, 2007), we model word selection independently of the phrases used in the MT models", 
    "clean_text": "Second, instead of disambiguating phrase senses as in (Carpuat and Wu, 2007), we model word selection independently of the phrases used in the MT models.", 
    "keep_for_gold": 0
  }, 
  {
    "citance_No": 8, 
    "citing_paper_id": "D08-1010", 
    "citing_paper_authority": 7, 
    "citing_paper_authors": "Qun, Liu | Zhongjun, He | Yang, Liu | Shouxun, Lin", 
    "raw_text": "Carpuat and Wu (2007b) and Chanetal", 
    "clean_text": "Carpuat and Wu (2007b) and Chan et al. (2007) showed improvents by integrating word-sense-disambiguation (WSD) system into a phrase-based (Koehn, 2004) and a hierarchical phrase-based (Chiang, 2005) SMT system, respectively.", 
    "keep_for_gold": 0
  }, 
  {
    "citance_No": 9, 
    "citing_paper_id": "D08-1010", 
    "citing_paper_authority": 7, 
    "citing_paper_authors": "Qun, Liu | Zhongjun, He | Yang, Liu | Shouxun, Lin", 
    "raw_text": "(2007) showed improvents by integrating word sense-disambiguation (WSD) system into a phrase based (Koehn, 2004) and a hierarchical phrase based (Chiang, 2005) SMT system, respectively. Similar to WSD, Carpuat and Wu (2007a) used contextual information to solve the ambiguity problem for phrases", 
    "clean_text": "", 
    "keep_for_gold": 0
  }, 
  {
    "citance_No": 10, 
    "citing_paper_id": "P08-1087", 
    "citing_paper_authority": 17, 
    "citing_paper_authors": "Eleftherios, Avramidis | Philipp, Koehn", 
    "raw_text": "Carpuat and Wu (2007) approached the issue as a Word Sense Disambiguation problem. In their presentation of the factored SMT mod els, Koehn and Hoang (2007) describe experiments for translating from English to German, Spanish and Czech, using morphology tags added on the morphologically rich side, along with POS tags", 
    "clean_text": "Carpuat and Wu (2007) approached the issue as a Word Sense Disambiguation problem.", 
    "keep_for_gold": 0
  }, 
  {
    "citance_No": 11, 
    "citing_paper_id": "W11-2124", 
    "citing_paper_authority": 17, 
    "citing_paper_authors": "Jan, Niehues | Teresa, Herrmann | Stephan, Vogel | Alex, Waibel", 
    "raw_text": "In Chan and Ng (2007) a classifier exploits information such as local col locations, parts-of-speech or surrounding words to determine the lexical choice of target words, while Carpuat and Wu (2007) use rich context features based on position, syntax and local collocations to dynamically adapt the lexicons for each sentence and facilitate the choice of longer phrases", 
    "clean_text": "In Chan and Ng (2007) a classifier exploits information such as local collocations, parts-of-speech or surrounding words to determine the lexical choice of target words, while Carpuat and Wu (2007) use rich context features based on position, syntax and local collocations to dynamically adapt the lexicons for each sentence and facilitate the choice of longer phrases.", 
    "keep_for_gold": 1
  }, 
  {
    "citance_No": 12, 
    "citing_paper_id": "W09-2412", 
    "citing_paper_authority": 5, 
    "citing_paper_authors": "Ravi, Sinha | Diana, McCarthy | Rada, Mihalcea", 
    "raw_text": "Unlike a full blown machine translation task (Carpuat and Wu, 2007), annotators and systems will not be required to translate the whole context but just the target word", 
    "clean_text": "Unlike a full blown machine translation task (Carpuat and Wu, 2007), annotators and systems will not be required to translate the whole context but just the target word.", 
    "keep_for_gold": 0
  }, 
  {
    "citance_No": 13, 
    "citing_paper_id": "P12-3027", 
    "citing_paper_authority": 1, 
    "citing_paper_authors": "MeiHua, Chen | TingHui, Kao | HungTing, Hsieh | ShihTing, Huang | Jason S., Chang", 
    "raw_text": "As described in (Carpuat and Wu, 2007), the disambiguation model plays an important role in the machine translation task", 
    "clean_text": "As described in (Carpuat and Wu, 2007), the disambiguation model plays an important role in the machine translation task.", 
    "keep_for_gold": 0
  }, 
  {
    "citance_No": 14, 
    "citing_paper_id": "P12-3027", 
    "citing_paper_authority": 1, 
    "citing_paper_authors": "MeiHua, Chen | TingHui, Kao | HungTing, Hsieh | ShihTing, Huang | Jason S., Chang", 
    "raw_text": "In the study more closely related to our work, Carpuat and Wu (2007) propose a novel method to train a phrasal lexical disambiguation model to benefit translation candidates selection in machine translation", 
    "clean_text": "In the study more closely related to our work, Carpuat and Wu (2007) propose a novel method to train a phrasal lexical disambiguation model to benefit translation candidates selection in machine translation.", 
    "keep_for_gold": 0
  }, 
  {
    "citance_No": 15, 
    "citing_paper_id": "W11-1013", 
    "citing_paper_authority": 1, 
    "citing_paper_authors": "John, McCrae | Mauricio, Espinoza | Elena, Montiel-Ponsoda | Guadalupe, Aguado de Cea | Philipp, Cimiano", 
    "raw_text": "Current work in machine translation has shown that word sense disambiguation can play an important role by using the surrounding words as context to disambiguate terms (Carpuat and Wu, 2007) (Apidianaki, 2009)", 
    "clean_text": "Current work in machine translation has shown that word sense disambiguation can play an important role by using the surrounding words as context to disambiguate terms (Carpuat and Wu, 2007) (Apidianaki, 2009).", 
    "keep_for_gold": 0
  }, 
  {
    "citance_No": 16, 
    "citing_paper_id": "N09-2005", 
    "citing_paper_authority": 2, 
    "citing_paper_authors": "Sa&scaron;a, Hasan | Hermann, Ney", 
    "raw_text": "Another WSD approach incorporating context-dependent phrasal translation lexicons is presented by Carpuat and Wu (2007) and has been evaluated on several translation 17 tasks", 
    "clean_text": "Another WSD approach incorporating context-dependent phrasal translation lexicons is presented by Carpuat and Wu (2007) and has been evaluated on several translation tasks.", 
    "keep_for_gold": 0
  }, 
  {
    "citance_No": 17, 
    "citing_paper_id": "D08-1039", 
    "citing_paper_authority": 13, 
    "citing_paper_authors": "Sa&scaron;a, Hasan | Juri, Ganitkevitch | Hermann, Ney | Jes&uacute;s, Andr&eacute;s-Ferrer", 
    "raw_text": "In Carpuat and Wu (2007), another state-of-the-art WSD engine (a combination of naive Bayes, maximum entropy, boosting and Kernel PCA models) is used to dynamically determine the score of a phrase pair under cons id eration and, thus, let the phrase selection adapt to the context of the sentence", 
    "clean_text": "In Carpuat and Wu (2007), another state-of-the-art WSD engine (a combination of naive Bayes, maximum entropy, boosting and Kernel PCA models) is used to dynamically determine the score of a phrase pair under consideration and, thus, let the phrase selection adapt to the context of the sentence.", 
    "keep_for_gold": 1
  }, 
  {
    "citance_No": 18, 
    "citing_paper_id": "D12-1128", 
    "citing_paper_authority": 5, 
    "citing_paper_authors": "Roberto, Navigli | Simone Paolo, Ponzetto", 
    "raw_text": "The key insight here is that Word Sense Disambiguation and Machine Translation (MT) are highly intertwined tasks, as previously shown by Carpuat and Wu (2007) and Chan et al (2007), who successfully used sense information to boost state-of-the-art statistical MT. In this work we focus instead on the benefits of using multilingual information for WSD by exploiting the structure of a multilingual semantic network", 
    "clean_text": "The key insight here is that Word Sense Disambiguation and Machine Translation (MT) are highly intertwined tasks, as previously shown by Carpuat and Wu (2007) and Chan et al (2007), who successfully used sense information to boost state-of-the-art statistical MT.", 
    "keep_for_gold": 0
  }, 
  {
    "citance_No": 19, 
    "citing_paper_id": "P13-1111", 
    "citing_paper_authority": 1, 
    "citing_paper_authors": "Feifei, Zhai | Jiajun, Zhang | Yu, Zhou | Chengqing, Zong", 
    "raw_text": "Carpuat and Wu (2007a, 2007b) and Chan et al", 
    "clean_text": "Carpuat and Wu (2007a, 2007b) and Chan et al (2007) have integrated word sense disambiguation (WSD) and phrase sense disambiguation (PSD) into SMT systems.", 
    "keep_for_gold": 0
  }, 
  {
    "citance_No": 20, 
    "citing_paper_id": "P10-1086", 
    "citing_paper_authority": 3, 
    "citing_paper_authors": "Boxing, Chen | George, Foster | Roland, Kuhn", 
    "raw_text": "Key papers by Carpuat and Wu (2007) and Chan et al (2007) showed that word-sense disambiguation (WSD) techniques relying on source-language context can be effective in selecting translations in phrase-based and hierarchical SMT", 
    "clean_text": "Key papers by Carpuat and Wu (2007) and Chan et al (2007) showed that word-sense disambiguation (WSD) techniques relying on source-language context can be effective in selecting translations in phrase-based and hierarchical SMT.", 
    "keep_for_gold": 0
  }
]
