[
  {
    "citance_No": 1, 
    "citing_paper_id": "P09-1094", 
    "citing_paper_authority": 24, 
    "citing_paper_authors": "Shiqi, Zhao | Xiang, Lan | Ting, Liu | Sheng, Li", 
    "raw_text": "Different from prior research, Cohn and Lapata (2008) achieved sentence compression using a combination of several operations including word deletion, substitution ,insertion, and reordering based on a statistical model, which is similar to our paraphrase generation process", 
    "clean_text": "Different from prior research, Cohn and Lapata (2008) achieved sentence compression using a combination of several operations including word deletion, substitution, insertion, and reordering based on a statistical model, which is similar to our paraphrase generation process.", 
    "keep_for_gold": 1
  }, 
  {
    "citance_No": 2, 
    "citing_paper_id": "P14-1117", 
    "citing_paper_authority": 0, 
    "citing_paper_authors": "Kapil, Thadani", 
    "raw_text": "Furthermore, approximate solutions can often be adequate for real-world generation systems, particularly in the presence of linguistically motivated constraints such as those described by Clarke and Lapata (2008), or domain-specific 1 This is referred to as extractive compression by CohnandLapata (2008)& amp; Galanis and Androutsopoulos (2010) fol lowing the terminology used in document summarization", 
    "clean_text": "", 
    "keep_for_gold": 0
  }, 
  {
    "citance_No": 3, 
    "citing_paper_id": "W11-1602", 
    "citing_paper_authority": 0, 
    "citing_paper_authors": "Houda, Bouamor | Aur&eacute;lien, Max | Gabriel, Illouz | Anne, Vilnat", 
    "raw_text": "For example, one may want a text to be shorter (Cohnand Lapata, 2008), tailored to some reader profile (Zhu et al, 2010), compliant with some specific norms (Max, 2004), or more adapted for sub sequent machine processing tasks (Chandrasekar et al., 1996)", 
    "clean_text": "For example, one may want a text to be shorter (Cohn and Lapata, 2008), tailored to some reader profile (Zhu et al, 2010), compliant with some specific norms (Max, 2004), or more adapted for subsequent machine processing tasks (Chandrasekar et al., 1996).", 
    "keep_for_gold": 0
  }, 
  {
    "citance_No": 4, 
    "citing_paper_id": "D10-1050", 
    "citing_paper_authority": 6, 
    "citing_paper_authors": "Kristian, Woodsend | Yansong, Feng | Mirella, Lapata", 
    "raw_text": "Notable exceptions are Cohn and Lapata (2008) and Zhao et al (2009) who present a model that can both compress and paraphrase individual sentences without however generating document-level summaries", 
    "clean_text": "Notable exceptions are Cohn and Lapata (2008) and Zhao et al (2009) who present a model that can both compress and paraphrase individual sentences without however generating document-level summaries.", 
    "keep_for_gold": 1
  }, 
  {
    "citance_No": 5, 
    "citing_paper_id": "D11-1038", 
    "citing_paper_authority": 23, 
    "citing_paper_authors": "Kristian, Woodsend | Mirella, Lapata", 
    "raw_text": "Moreover, mod 409 els developed for sentence compression have been mostly designed with one rewrite operation in mind, namely word deletion, and are thus unable to model consistent syntactic effects such as reordering, sentence splitting, changes in non-terminal categories, and lexical substitution (but see Cohn and Lapata 2008 and Zhao et al 2009 for notable exceptions)", 
    "clean_text": "Moreover, models developed for sentence compression have been mostly designed with one rewrite operation in mind, namely word deletion, and are thus unable to model consistent syntactic effects such as reordering, sentence splitting, changes in non-terminal categories, and lexical substitution (but see Cohn and Lapata 2008 and Zhao et al 2009 for notable exceptions).", 
    "keep_for_gold": 0
  }, 
  {
    "citance_No": 6, 
    "citing_paper_id": "N10-1131", 
    "citing_paper_authority": 11, 
    "citing_paper_authors": "Dimitrios, Galanis | Ion, Androutsopoulos", 
    "raw_text": "Although abstractive methods have also been proposed (Cohn and Lapata, 2008), and they may shed more light on how people compress sentences, they do not always manage to outperform extractive methods (Nomoto, 2009)", 
    "clean_text": "Although abstractive methods have also been proposed (Cohn and Lapata, 2008), and they may shed more light on how people compress sentences, they do not always manage to outperform extractive methods (Nomoto, 2009).", 
    "keep_for_gold": 1
  }, 
  {
    "citance_No": 7, 
    "citing_paper_id": "N10-1131", 
    "citing_paper_authority": 11, 
    "citing_paper_authors": "Dimitrios, Galanis | Ion, Androutsopoulos", 
    "raw_text": "Cohn and Lapata (2008) have also developed an abstractive version of T3, which was reported to outperform the original, ex tractive T3 in meaning preservation; there was no statistically significant difference in grammaticality. Finally, Nomoto (2009) presented a two-stage extractive method", 
    "clean_text": "Cohn and Lapata (2008) have also developed an abstractive version of T3, which was reported to outperform the original, extractive T3 in meaning preservation; there was no statistically significant difference in grammaticality. Finally, Nomoto (2009) presented a two-stage extractive method.", 
    "keep_for_gold": 0
  }, 
  {
    "citance_No": 8, 
    "citing_paper_id": "D11-1108", 
    "citing_paper_authority": 13, 
    "citing_paper_authors": "Juri, Ganitkevitch | Chris, Callison-Burch | Courtney, Napoles | Benjamin, van Durme", 
    "raw_text": "Our approach follows Cohn and Lapata (2008), who expand the task to include substitutions, insertions and reorderings that are automatically learned from parallel texts", 
    "clean_text": "Our approach follows Cohn and Lapata (2008), who expand the task to include substitutions, insertions and reorderings that are automatically learned from parallel texts.", 
    "keep_for_gold": 1
  }, 
  {
    "citance_No": 9, 
    "citing_paper_id": "P10-1096", 
    "citing_paper_authority": 8, 
    "citing_paper_authors": "Elif, Yamangil | Stuart M., Shieber", 
    "raw_text": "We compared the Gibbs sampling compressor (GS) against a version of maximum a posteriori EM (with Dirichlet parameter greater than 1) and a discriminative STSG based on SVM training (Cohn and Lapata, 2008) (SVM)", 
    "clean_text": "We compared the Gibbs sampling compressor (GS) against a version of maximum a posteriori EM (with Dirichlet parameter greater than 1) and a discriminative STSG based on SVM training (Cohn and Lapata, 2008) (SVM).", 
    "keep_for_gold": 0
  }, 
  {
    "citance_No": 10, 
    "citing_paper_id": "P10-1096", 
    "citing_paper_authority": 8, 
    "citing_paper_authors": "Elif, Yamangil | Stuart M., Shieber", 
    "raw_text": "4The comparison system described by Cohn and Lapata (2008) attempts to solve a more general problem than ours, abstractive sentence compression", 
    "clean_text": "The comparison system described by Cohn and Lapata (2008) attempts to solve a more general problem than ours, abstractive sentence compression.", 
    "keep_for_gold": 0
  }, 
  {
    "citance_No": 11, 
    "citing_paper_id": "P10-1096", 
    "citing_paper_authority": 8, 
    "citing_paper_authors": "Elif, Yamangil | Stuart M., Shieber", 
    "raw_text": "In our experiments with the publicly available SVM system we used all except para phrasal rules extracted from bilingual corpora (Cohn and Lapata, 2008)", 
    "clean_text": "In our experiments with the publicly available SVM system we used all except para phrasal rules extracted from bilingual corpora (Cohn and Lapata, 2008).", 
    "keep_for_gold": 0
  }, 
  {
    "citance_No": 12, 
    "citing_paper_id": "P13-1020", 
    "citing_paper_authority": 4, 
    "citing_paper_authors": "Miguel, Almeida | Andre, Martins", 
    "raw_text": "For example, a different compression model could incorporate rewriting rules to enable compressions that go beyond word deletion, as in Cohn and Lapata (2008)", 
    "clean_text": "For example, a different compression model could incorporate rewriting rules to enable compressions that go beyond word deletion, as in Cohn and Lapata (2008).", 
    "keep_for_gold": 0
  }, 
  {
    "citance_No": 13, 
    "citing_paper_id": "W09-1801", 
    "citing_paper_authority": 24, 
    "citing_paper_authors": "Andre, Martins | Noah A., Smith", 
    "raw_text": "Another future direction is to extend our ILP formulations to more sophisticated models that go beyond word deletion, like the ones proposed by Cohn and Lapata (2008)", 
    "clean_text": "Another future direction is to extend our ILP formulations to more sophisticated models that go beyond word deletion, like the ones proposed by Cohn and Lapata (2008).", 
    "keep_for_gold": 0
  }, 
  {
    "citance_No": 14, 
    "citing_paper_id": "W11-1610", 
    "citing_paper_authority": 7, 
    "citing_paper_authors": "Courtney, Napoles | Chris, Callison-Burch | Juri, Ganitkevitch | Benjamin, van Durme", 
    "raw_text": "Most of the previous research on sentence compression focuses on deletion using syntactic information, (e.g., Galley and McKeown (2007), Knightand Marcu (2002), Nomoto (2009), Galanis and Androutsopoulos (2010), Filippova and Strube (2008), McDonald (2006), Yamangil and Shieber (2010), Cohn and Lapata (2008), Cohn and Lapata (2009), Turner and Charniak (2005))", 
    "clean_text": "", 
    "keep_for_gold": 0
  }, 
  {
    "citance_No": 15, 
    "citing_paper_id": "W09-2807", 
    "citing_paper_authority": 1, 
    "citing_paper_authors": "Horacio, Saggion", 
    "raw_text": "Abstractive techniques in text summarization include sentence compression (Cohn and Lapata, 2008), headline generation (Soricut and Marcu, 2007), and canned-based generation (Oakes and Paice, 2001)", 
    "clean_text": "Abstractive techniques in text summarization include sentence compression (Cohn and Lapata, 2008), headline generation (Soricut and Marcu, 2007), and canned-based generation (Oakes and Paice, 2001).", 
    "keep_for_gold": 0
  }, 
  {
    "citance_No": 16, 
    "citing_paper_id": "W11-2701", 
    "citing_paper_authority": 1, 
    "citing_paper_authors": "Dimitrios, Galanis | Ion, Androutsopoulos", 
    "raw_text": "The first abstractive compression method was pro posed by Cohn and Lapata (2008)", 
    "clean_text": "The first abstractive compression method was proposed by Cohn and Lapata (2008).", 
    "keep_for_gold": 1
  }, 
  {
    "citance_No": 17, 
    "citing_paper_id": "W11-2701", 
    "citing_paper_authority": 1, 
    "citing_paper_authors": "Dimitrios, Galanis | Ion, Androutsopoulos", 
    "raw_text": "The dataset that Cohn and Lapata (2008) used to learn transduction rules consists of 570 pairs of source sentences and abstractive compressions", 
    "clean_text": "The dataset that Cohn and Lapata (2008) used to learn transduction rules consists of 570 pairs of source sentences and abstractive compressions.", 
    "keep_for_gold": 0
  }, 
  {
    "citance_No": 18, 
    "citing_paper_id": "W11-2701", 
    "citing_paper_authority": 1, 
    "citing_paper_authors": "Dimitrios, Galanis | Ion, Androutsopoulos", 
    "raw_text": "We did not use source sentences from the other 30 documents, because they were used by Cohn and Lapata (2008) to build their abstractive dataset (Section 2), from which we drew source sentences for our dataset", 
    "clean_text": "We did not use source sentences from the other 30 documents, because they were used by Cohn and Lapata (2008) to build their abstractive dataset (Section 2), from which we drew source sentences for our dataset.", 
    "keep_for_gold": 0
  }, 
  {
    "citance_No": 19, 
    "citing_paper_id": "D09-1041", 
    "citing_paper_authority": 10, 
    "citing_paper_authors": "Tadashi, Nomoto", 
    "raw_text": "This work introduces a model free approach to sentence compression, which grew out of ideas from Nomoto (2008), and examines how it com pares to a state-of-art model intensive approach known as Tree-to-Tree Transducer, or T3 (Cohn and Lapata, 2008)", 
    "clean_text": "This work introduces a model free approach to sentence compression, which grew out of ideas from Nomoto (2008), and examines how it com pares to a state-of-art model intensive approach known as Tree-to-Tree Transducer, or T3 (Cohn and Lapata, 2008).", 
    "keep_for_gold": 0
  }, 
  {
    "citance_No": 20, 
    "citing_paper_id": "W11-1611", 
    "citing_paper_authority": 11, 
    "citing_paper_authors": "Courtney, Napoles | Benjamin, van Durme | Chris, Callison-Burch", 
    "raw_text": "92 Cohn and Lapata (2008), Woodsend et al (2010), and Napoles et al (2011))", 
    "clean_text": "", 
    "keep_for_gold": 0
  }
]
