[
  {
    "citance_No": 1, 
    "citing_paper_id": "W93-0306", 
    "citing_paper_authority": 13, 
    "citing_paper_authors": "Atro, Voutilainen", 
    "raw_text": "Previous work on this approach, largely based on Karlsson &apos; s original proposal [Karlsson, 1990], is documented in [Karlsson et ai., forthcoming]", 
    "clean_text": "Previous work on this approach, largely based on Karlsson's original proposal [Karlsson, 1990], is documented in [Karlsson et ai., forthcoming].", 
    "keep_for_gold": 0
  }, 
  {
    "citance_No": 2, 
    "citing_paper_id": "W01-1407", 
    "citing_paper_authority": 10, 
    "citing_paper_authors": "Sonja, Niessen | Hermann, Ney", 
    "raw_text": "For a description of the Constraint Grammar approach we refer thereader to (Karlsson, 1990)", 
    "clean_text": "For a description of the Constraint Grammar approach we refer thereader to (Karlsson, 1990).", 
    "keep_for_gold": 0
  }, 
  {
    "citance_No": 3, 
    "citing_paper_id": "A97-1011", 
    "citing_paper_authority": 49, 
    "citing_paper_authors": "Pasi, Tapanainen | Timo, Jarvinen", 
    "raw_text": "Our work is partly based on the work done with the Constraint Grammar framework that was originally proposed by Fred Karlsson (1990)", 
    "clean_text": "Our work is partly based on the work done with the Constraint Grammar framework that was originally proposed by Fred Karlsson (1990).", 
    "keep_for_gold": 1
  }
]
