[
  {
    "citance_No": 1, 
    "citing_paper_id": "W03-1102", 
    "citing_paper_authority": 0, 
    "citing_paper_authors": "Chuleerat, Jaruskulchai | Canasai, Kruengkrai", 
    "raw_text": "The recent approach for editing extracted text spans (Jing and McKeown,2000) may also produce improvement for our algorithm", 
    "clean_text": "The recent approach for editing extracted text spans (Jing and McKeown,2000) may also produce improvement for our algorithm.", 
    "keep_for_gold": 0
  }, 
  {
    "citance_No": 2, 
    "citing_paper_id": "P10-1058", 
    "citing_paper_authority": 10, 
    "citing_paper_authors": "Kristian, Woodsend | Mirella, Lapata", 
    "raw_text": "JingandMcKeown (2000) first extract sentences, then remove redundant phrases, and use (manual) re com bi nation rules to produce coherent output", 
    "clean_text": "Jing and McKeown (2000) first extract sentences, then remove redundant phrases, and use (manual) recombination rules to produce coherent output.", 
    "keep_for_gold": 1
  }, 
  {
    "citance_No": 3, 
    "citing_paper_id": "H05-1033", 
    "citing_paper_authority": 9, 
    "citing_paper_authors": "Caroline, Sporleder | Mirella, Lapata", 
    "raw_text": "Table 3: Example compressions Compression AvgLen Rating Baseline 9.70 1.93 BT-2-Step 22.06 3.21 Spade 19.09 3.10 Humans 20.07 3.83 Table 4: Mean ratings for automatic compressionsnally, we added a simple baseline compression algorithm proposed by Jing and McKeown (2000) which removed all prepositional phrases, clauses, to infinitives, and gerunds", 
    "clean_text": "Mean ratings for automatic compressionsnally, we added a simple baseline compression algorithm proposed by Jing and McKeown (2000) which removed all prepositional phrases, clauses, to infinitives, and gerunds.", 
    "keep_for_gold": 0
  }, 
  {
    "citance_No": 4, 
    "citing_paper_id": "W09-2808", 
    "citing_paper_authority": 2, 
    "citing_paper_authors": "Hideki, Tanaka | Akinori, Kinoshita | Takeshi, Kobayakawa | Tadashi, Kumano | Naoto, Katoh", 
    "raw_text": "Like the work of Jing and McKeown (2000) and Mani et al (1999), our work was inspired by the summarization method used by human abstractors", 
    "clean_text": "Like the work of Jing and McKeown (2000) and Mani et al (1999), our work was inspired by the summarization method used by human abstractors.", 
    "keep_for_gold": 0
  }, 
  {
    "citance_No": 5, 
    "citing_paper_id": "I05-2009", 
    "citing_paper_authority": 0, 
    "citing_paper_authors": "Hideki, Tanaka | Tadashi, Kumano | Masamichi, Nishiwaki | Takayuki, Itoh", 
    "raw_text": "Our two-step model essentially belongs to the same category as the works of (Mani et al, 1999) and (Jing and McKeown, 2000)", 
    "clean_text": "Our two-step model essentially belongs to the same category as the works of (Mani et al, 1999) and (Jing and McKeown, 2000).", 
    "keep_for_gold": 0
  }, 
  {
    "citance_No": 6, 
    "citing_paper_id": "I05-2009", 
    "citing_paper_authority": 0, 
    "citing_paper_authors": "Hideki, Tanaka | Tadashi, Kumano | Masamichi, Nishiwaki | Takayuki, Itoh", 
    "raw_text": "We found that the deletion of lead parts did not occur very often in our summary, unlike the case of Jing and McKeown (2000)", 
    "clean_text": "We found that the deletion of lead parts did not occur very often in our summary, unlike the case of Jing and McKeown (2000).", 
    "keep_for_gold": 0
  }, 
  {
    "citance_No": 7, 
    "citing_paper_id": "W09-0604", 
    "citing_paper_authority": 1, 
    "citing_paper_authors": "Erwin, Marsi | Emiel, Krahmer | Iris, Hendrickx | Walter, Daelemans", 
    "raw_text": "The task of sentence compression (or sentence reduction) can be defined as summarizing a single sentence by removing information from it (Jing and McKeown, 2000)", 
    "clean_text": "The task of sentence compression (or sentence reduction) can be defined as summarizing a single sentence by removing information from it (Jing and McKeown, 2000).", 
    "keep_for_gold": 0
  }, 
  {
    "citance_No": 8, 
    "citing_paper_id": "W09-0604", 
    "citing_paper_authority": 1, 
    "citing_paper_authors": "Erwin, Marsi | Emiel, Krahmer | Iris, Hendrickx | Walter, Daelemans", 
    "raw_text": "First, splitting and merging of sentences (Jing and McKeown, 2000), which seems related to content planning and aggregation", 
    "clean_text": "First, splitting and merging of sentences (Jing and McKeown, 2000), which seems related to content planning and aggregation.", 
    "keep_for_gold": 0
  }, 
  {
    "citance_No": 9, 
    "citing_paper_id": "D10-1050", 
    "citing_paper_authority": 6, 
    "citing_paper_authors": "Kristian, Woodsend | Yansong, Feng | Mirella, Lapata", 
    "raw_text": "Rewrite operations other than deletion tend to be hand-crafted and domain specific (Jing and McKeown, 2000)", 
    "clean_text": "Rewrite operations other than deletion tend to be hand-crafted and domain specific (Jing and McKeown, 2000).", 
    "keep_for_gold": 0
  }, 
  {
    "citance_No": 10, 
    "citing_paper_id": "W11-1605", 
    "citing_paper_authority": 1, 
    "citing_paper_authors": "Annie, Louis | Ani, Nenkova", 
    "raw_text": "Jing and McKeown (2000) studied what edits people use to create summaries from sentences in the source text", 
    "clean_text": "Jing and McKeown (2000) studied what edits people use to create summaries from sentences in the source text.", 
    "keep_for_gold": 0
  }, 
  {
    "citance_No": 11, 
    "citing_paper_id": "C10-1039", 
    "citing_paper_authority": 10, 
    "citing_paper_authors": "Kavita, Ganesan | ChengXiang, Zhai | Jiawei, Han", 
    "raw_text": "Existing work in abstractive summarization has been quite limited and can becategorized into two categories: (1) approaches using prior knowledge (Radev and McKeown, 1998) (Finley and Harabagiu, 2002) (DeJong, 1982) and (2) approaches using Natural Language Generation (NLG) systems (Saggion and Lapalme, 2002) (Jing and McKeown, 2000)", 
    "clean_text": "Existing work in abstractive summarization has been quite limited and can be categorized into two categories: (1) approaches using prior knowledge (Radev and McKeown, 1998) (Finley and Harabagiu, 2002) (DeJong, 1982) and (2) approaches using Natural Language Generation (NLG) systems (Saggion and Lapalme, 2002) (Jing and McKeown, 2000).", 
    "keep_for_gold": 0
  }, 
  {
    "citance_No": 12, 
    "citing_paper_id": "W09-2807", 
    "citing_paper_authority": 1, 
    "citing_paper_authors": "Horacio, Saggion", 
    "raw_text": "Close to the problem studied here is Jing and McKeown? s (Jing and McKeown,2000) cut-and-paste method founded on Endres Niggemeyer? s observations", 
    "clean_text": "Close to the problem studied here is Jing and McKeown's (Jing and McKeown,2000) cut-and-paste method founded on Endres Niggemeyer's observations.", 
    "keep_for_gold": 0
  }, 
  {
    "citance_No": 13, 
    "citing_paper_id": "P13-1121", 
    "citing_paper_authority": 0, 
    "citing_paper_authors": "Jackie Chi Kit, Cheung | Gerald, Penn", 
    "raw_text": "Jing and McKeown (2000) manually analyzed 30 human-written summaries, and find that 19% of sentences can not be explained by cut-and-paste operations from the source text", 
    "clean_text": "Jing and McKeown (2000) manually analyzed 30 human-written summaries, and find that 19% of sentences can not be explained by cut-and-paste operations from the source text.", 
    "keep_for_gold": 1
  }
]
