[
  {
    "citance_No": 1, 
    "citing_paper_id": "E93-1006", 
    "citing_paper_authority": 18, 
    "citing_paper_authors": "Rens, Bod", 
    "raw_text": "For a treatment of DOP in more formal terms we refer to (Bod, 1992a)", 
    "clean_text": "For a treatment of DOP in more formal terms we refer to (Bod, 1992a).", 
    "keep_for_gold": 0
  }, 
  {
    "citance_No": 2, 
    "citing_paper_id": "E93-1006", 
    "citing_paper_authority": 18, 
    "citing_paper_authors": "Rens, Bod", 
    "raw_text": "In (Bod, 1992b) super strong equivalence relations between other stochastic grammars are studied", 
    "clean_text": "In (Bod, 1992b) super strong equivalence relations between other stochastic grammars are studied.", 
    "keep_for_gold": 1
  }, 
  {
    "citance_No": 3, 
    "citing_paper_id": "E93-1006", 
    "citing_paper_authority": 18, 
    "citing_paper_authors": "Rens, Bod", 
    "raw_text": "It is easy to show that an input string can be parsed with conventional parsing techniques, by applying subtrees instead of rules to the input string (Bod, 1992a)", 
    "clean_text": "It is easy to show that an input string can be parsed with conventional parsing techniques, by applying subtrees instead of rules to the input string (Bod, 1992a).", 
    "keep_for_gold": 0
  }, 
  {
    "citance_No": 4, 
    "citing_paper_id": "P12-2062", 
    "citing_paper_authority": 1, 
    "citing_paper_authors": "Hui, Zhang | David, Chiang", 
    "raw_text": "In their place we added a new feature, the probability of a rule ?ssource side tree given its root label, which is essentially the same model used in Data-Oriented Parsing (Bod, 1992)", 
    "clean_text": "In their place we added a new feature, the probability of a rule's source side tree given its root label, which is essentially the same model used in Data-Oriented Parsing (Bod, 1992).", 
    "keep_for_gold": 0
  }, 
  {
    "citance_No": 5, 
    "citing_paper_id": "C96-2215", 
    "citing_paper_authority": 26, 
    "citing_paper_authors": "Khalil, Sima'an", 
    "raw_text": "Due to this extension, the one to one mapping between a derivation and a parse tree, which holds in CFGs, does not hold any more; many derivations might generate the same parse-tree ,rl &apos; his seemingly spurious ambiguity turns out crucial for statistical disambiguation as defined in (Bod, 1992) and in (Schabes and Waters, 1993), where the derivations are considered different stochastic processes and their probabilities all contribute to the probability of the generated parse", 
    "clean_text": "Due to this extension, the one to one mapping between a derivation and a parse tree, which holds in CFGs, does not hold any more; many derivations might generate the same parse-tree ,rl &apos; his seemingly spurious ambiguity turns out crucial for statistical disambiguation as defined in (Bod, 1992) and in (Schabes and Waters, 1993), where the derivations are considered different stochastic processes and their probabilities all contribute to the probability of the generated parse.", 
    "keep_for_gold": 0
  }, 
  {
    "citance_No": 6, 
    "citing_paper_id": "P01-1010", 
    "citing_paper_authority": 17, 
    "citing_paper_authors": "Rens, Bod", 
    "raw_text": "context-free rulesCharniak (1996) Collins (1996), Eisner (1996) context-free rules, headwords Charniak (1997) context-free rules, headwords, grandparent nodes Collins (2000) context-free rules, headwords, grandparent nodes/rules, bi grams, two-level rules, two-level bi grams, non headwords Bod (1992) all fragments within parse trees Scope of Statistical Dependencies Model Figure 4", 
    "clean_text": "context-free rulesCharniak (1996) Collins (1996), Eisner (1996) context-free rules, headwords Charniak (1997) context-free rules, headwords, grandparent nodes Collins (2000) context-free rules, headwords, grandparent nodes/rules, bi grams, two-level rules, two-level bi grams, non headwords Bod (1992) all fragments within parse trees Scope of Statistical Dependencies Model Figure 4.", 
    "keep_for_gold": 0
  }, 
  {
    "citance_No": 7, 
    "citing_paper_id": "N06-1045", 
    "citing_paper_authority": 10, 
    "citing_paper_authors": "Jonathan, May | Kevin, Knight", 
    "raw_text": "It occurs because many systems, such as the ones proposed by (Bod, 1992), (Galley, et .al., 2004), and (Langkilde and Knight, 1998) represent their result space in terms of weighted partial results of various sizes that may be assembled in multiple ways", 
    "clean_text": "It occurs because many systems, such as the ones proposed by (Bod, 1992), (Galley, et .al., 2004), and (Langkilde and Knight, 1998) represent their result space in terms of weighted partial results of various sizes that may be assembled in multiple ways.", 
    "keep_for_gold": 0
  }, 
  {
    "citance_No": 8, 
    "citing_paper_id": "W96-0111", 
    "citing_paper_authority": 3, 
    "citing_paper_authors": "Rens, Bod", 
    "raw_text": "The Data-Oriented Parsing (DOP) method suggested in Scha (1990) and developed in Bod (19921995) is a probabilistic parsing strategy which does not single out a narrowly predefined set of structures as the statistically significant ones", 
    "clean_text": "The Data-Oriented Parsing (DOP) method suggested in Scha (1990) and developed in Bod (19921995) is a probabilistic parsing strategy which does not single out a narrowly predefined set of structures as the statistically significant ones.", 
    "keep_for_gold": 0
  }, 
  {
    "citance_No": 9, 
    "citing_paper_id": "W96-0111", 
    "citing_paper_authority": 3, 
    "citing_paper_authors": "Rens, Bod", 
    "raw_text": "In Bod (1992, 1993a), a first instantiation of this model is given, called DOP1, which uses (1 )labelled trees for the utterance analyses, (2) subtrees for the fragments, (3) node substitution for combining subtrees, and (4), the sum of the probabilities of all distinct ways of generating an analysis as a def &apos ;mition of the probability of that analysis", 
    "clean_text": "In Bod (1992, 1993a), a first instantiation of this model is given, called DOP1, which uses (1) labelled trees for the utterance analyses, (2) subtrees for the fragments, (3) node substitution for combining subtrees, and (4), the sum of the probabilities of all distinct ways of generating an analysis as a def &apos ;mition of the probability of that analysis.", 
    "keep_for_gold": 0
  }, 
  {
    "citance_No": 10, 
    "citing_paper_id": "W96-0111", 
    "citing_paper_authority": 3, 
    "citing_paper_authors": "Rens, Bod", 
    "raw_text": "Bod (1992, 1993a) shows that conventional context-free parsing techniques can be used in creating a parse forest for a sentence in DOP1", 
    "clean_text": "Bod (1992, 1993a) shows that conventional context-free parsing techniques can be used in creating a parse forest for a sentence in DOP1.", 
    "keep_for_gold": 1
  }, 
  {
    "citance_No": 11, 
    "citing_paper_id": "C00-1011", 
    "citing_paper_authority": 10, 
    "citing_paper_authors": "Rens, Bod", 
    "raw_text": "Data-Oriented Parsing Bothprobabil is tic and non-probabilistic DOP are based on the DOP model in Bod (1992) which extracts a Stochastic Tree-Substitution Grammarfi &apos; om a tree bank (& quot; STSG-DOP& quot;)", 
    "clean_text": "Data-Oriented Parsing Bothprobabil is tic and non-probabilistic DOP are based on the DOP model in Bod (1992) which extracts a Stochastic Tree-Substitution Grammar.", 
    "keep_for_gold": 0
  }, 
  {
    "citance_No": 12, 
    "citing_paper_id": "P98-1021", 
    "citing_paper_authority": 1, 
    "citing_paper_authors": "Rens, Bod", 
    "raw_text": "Bod (1992) demonstrated that DOP can be implemented using conventional context-free parsing techniques", 
    "clean_text": "Bod (1992) demonstrated that DOP can be implemented using conventional context-free parsing techniques.", 
    "keep_for_gold": 0
  }, 
  {
    "citance_No": 13, 
    "citing_paper_id": "P98-1021", 
    "citing_paper_authority": 1, 
    "citing_paper_authors": "Rens, Bod", 
    "raw_text": "Next, parsing proceeds with the subtrees that are triggered by the dialogue context C (provided that all subtrees are converted into equivalent rewrite rules -see Bod 1992, Sima &apos; an 1995)", 
    "clean_text": "Next, parsing proceeds with the subtrees that are triggered by the dialogue context C (provided that all subtrees are converted into equivalent rewrite rules -see Bod 1992, Sima &apos; an 1995).", 
    "keep_for_gold": 0
  }
]
