[
  {
    "citance_No": 1, 
    "citing_paper_id": "W09-1704", 
    "citing_paper_authority": 2, 
    "citing_paper_authors": "Heng, Ji", 
    "raw_text": "For example, (Bannard and Callison-Burch, 2005) and (Callison-Burch, 2008) described a method to extract paraphrases from largely available bilingual corpora", 
    "clean_text": "For example, (Bannard and Callison-Burch, 2005) and (Callison-Burch, 2008) described a method to extract paraphrases from largely available bilingual corpora.", 
    "keep_for_gold": 0
  }, 
  {
    "citance_No": 2, 
    "citing_paper_id": "E12-1073", 
    "citing_paper_authority": 2, 
    "citing_paper_authors": "Aur&eacute;lien, Max | Houda, Bouamor | Anne, Vilnat", 
    "raw_text": "The work ofCallison-Burch (2008) has shown how the mono lingual context of a sentence to paraphrase can beused to improve the quality of the acquired para phrases", 
    "clean_text": "The work of Callison-Burch (2008) has shown how the monolingual context of a sentence to paraphrase can be used to improve the quality of the acquired paraphrases.", 
    "keep_for_gold": 1
  }, 
  {
    "citance_No": 3, 
    "citing_paper_id": "D12-1058", 
    "citing_paper_authority": 2, 
    "citing_paper_authors": "Atsushi, Fujita | Pierre, Isabelle | Roland, Kuhn", 
    "raw_text": "Human evaluators were then asked to score each pair of an original sentence and a paraphrased sentence with the following two 5-point scale grades proposed by Callison-Burch (2008): Grammaticality: whether the paraphrased sentence is grammatical (1: horrible, 5: perfect) Meaning: whether the meaning of the original sentence is properly retained by the paraphrased sentence (1: totally different, 5: equivalent) To make results more consistent and reduce the human labor, evaluators were asked to rate at the same time several paraphrases for the same source phrase", 
    "clean_text": "Human evaluators were then asked to score each pair of an original sentence and a paraphrased sentence with the following two 5-point scale grades proposed by Callison-Burch (2008): Grammaticality: whether the paraphrased sentence is grammatical (1: horrible, 5: perfect) Meaning: whether the meaning of the original sentence is properly retained by the paraphrased sentence (1: totally different, 5: equivalent).", 
    "keep_for_gold": 1
  }, 
  {
    "citance_No": 4, 
    "citing_paper_id": "D12-1058", 
    "citing_paper_authority": 2, 
    "citing_paper_authors": "Atsushi, Fujita | Pierre, Isabelle | Roland, Kuhn", 
    "raw_text": "Table 1 shows the average of the original 5-point scale scores and the percentage of examples that are judged correct based on a binary judgment (Callison-Burch, 2008): an example is considered to be correct iff the grammaticality score is 4 or above and/or the meaning score is 3 or above", 
    "clean_text": "Table 1 shows the average of the original 5-point scale scores and the percentage of examples that are judged correct based on a binary judgment (Callison-Burch, 2008): an example is considered to be correct iff the grammaticality score is 4 or above and/or the meaning score is 3 or above.", 
    "keep_for_gold": 0
  }, 
  {
    "citance_No": 5, 
    "citing_paper_id": "D12-1058", 
    "citing_paper_authority": 2, 
    "citing_paper_authors": "Atsushi, Fujita | Pierre, Isabelle | Roland, Kuhn", 
    "raw_text": "Note that the points in the figure with higher threshold values are less reliable than the others, because filtering reduces the number of the manually scored examples8Note that Callison-Burch (2008) might possibly underestimate the chance agreement and overestimate the? values, be cause the distribution of human scores would not be uniform", 
    "clean_text": "Note that Callison-Burch (2008) might possibly underestimate the chance agreement and overestimate the ? values, because the distribution of human scores would not be uniform.", 
    "keep_for_gold": 0
  }, 
  {
    "citance_No": 6, 
    "citing_paper_id": "W10-3304", 
    "citing_paper_authority": 0, 
    "citing_paper_authors": "Lonneke, van der Plas | J&ouml;rg, Tiedemann", 
    "raw_text": "In a more recent publication Callison-Burch (2008) improved this method by using syntactic constraints and multiple languages in parallel", 
    "clean_text": "In a more recent publication Callison-Burch (2008) improved this method by using syntactic constraints and multiple languages in parallel.", 
    "keep_for_gold": 0
  }, 
  {
    "citance_No": 7, 
    "citing_paper_id": "W10-3304", 
    "citing_paper_authority": 0, 
    "citing_paper_authors": "Lonneke, van der Plas | J&ouml;rg, Tiedemann", 
    "raw_text": "We have implemented a combination of Bannard and Callison-Burch (2005) and Callison-Burch (2008), in which we use PoS filters instead of syntactic constraints to compare our results with", 
    "clean_text": "", 
    "keep_for_gold": 0
  }, 
  {
    "citance_No": 8, 
    "citing_paper_id": "W10-3304", 
    "citing_paper_authority": 0, 
    "citing_paper_authors": "Lonneke, van der Plas | J&ouml;rg, Tiedemann", 
    "raw_text": "A well-known problem of phrase-based methods to paraphrase or term variation acquisition is the fact that a large proportion of the term variations or paraphrases proposed by the system are superor sub-strings of the original term (Callison-Burch, 2008)", 
    "clean_text": "A well-known problem of phrase-based methods to paraphrase or term variation acquisition is the fact that a large proportion of the term variations or paraphrases proposed by the system are superor sub-strings of the original term (Callison-Burch, 2008).", 
    "keep_for_gold": 1
  }, 
  {
    "citance_No": 9, 
    "citing_paper_id": "W10-3304", 
    "citing_paper_authority": 0, 
    "citing_paper_authors": "Lonneke, van der Plas | J&ouml;rg, Tiedemann", 
    "raw_text": "Insome sense this is a sort of syntactic constraint introduced in Callison-Burch (2008)", 
    "clean_text": "In some sense this is a sort of syntactic constraint introduced in Callison-Burch (2008).", 
    "keep_for_gold": 0
  }, 
  {
    "citance_No": 10, 
    "citing_paper_id": "W11-1602", 
    "citing_paper_authority": 0, 
    "citing_paper_authors": "Houda, Bouamor | Aur&eacute;lien, Max | Gabriel, Illouz | Anne, Vilnat", 
    "raw_text": "(Callison-Burch, 2008))", 
    "clean_text": "", 
    "keep_for_gold": 0
  }, 
  {
    "citance_No": 11, 
    "citing_paper_id": "W11-2504", 
    "citing_paper_authority": 5, 
    "citing_paper_authors": "Tsz Ping, Chan | Chris, Callison-Burch | Benjamin, van Durme", 
    "raw_text": "Callison-Burch (2008) attempts to improve the ranking by limiting para phrases to be the same syntactic type", 
    "clean_text": "Callison-Burch (2008) attempts to improve the ranking by limiting paraphrases to be the same syntactic type.", 
    "keep_for_gold": 0
  }, 
  {
    "citance_No": 12, 
    "citing_paper_id": "W11-2504", 
    "citing_paper_authority": 5, 
    "citing_paper_authors": "Tsz Ping, Chan | Chris, Callison-Burch | Benjamin, van Durme", 
    "raw_text": "This refinement to BiP, proposed in Callison-Burch (2008), constrains paraphrases to be the same syntactic type as the original phrase in the pivoting step of the paraphrase table construction", 
    "clean_text": "This refinement to BiP, proposed in Callison-Burch (2008), constrains paraphrases to be the same syntactic type as the original phrase in the pivoting step of the paraphrase table construction.", 
    "keep_for_gold": 0
  }, 
  {
    "citance_No": 13, 
    "citing_paper_id": "D09-1040", 
    "citing_paper_authority": 21, 
    "citing_paper_authors": "Yuval, Marton | Chris, Callison-Burch | Philip, Resnik", 
    "raw_text": "However, we argue that the ability to use much larger resources for paraphrasing should trump the human knowledge advantage. More recently, Callison-Burch (2008) has improved performance of this pivoting technique by imposing syntactic constraints on the paraphrases", 
    "clean_text": "More recently, Callison-Burch (2008) has improved performance of this pivoting technique by imposing syntactic constraints on the paraphrases.", 
    "keep_for_gold": 0
  }, 
  {
    "citance_No": 14, 
    "citing_paper_id": "W12-3205", 
    "citing_paper_authority": 0, 
    "citing_paper_authors": "Bonnie Lynn, Webber | Aravind K., Joshi", 
    "raw_text": "Subsequently, Prasad et al (2010b) used Callison-Burch ?stechnique for identifying syntax-constrained paraphrases (Callison-Burch, 2008) to identify additional discourse connectives, some of which don? t appear in the PDTB corpus and some of which appear in the corpus but were not identified and annotated as discourse connectives", 
    "clean_text": "Subsequently, Prasad et al (2010b) used Callison-Burch's technique for identifying syntax-constrained paraphrases (Callison-Burch, 2008) to identify additional discourse connectives, some of which don't appear in the PDTB corpus and some of which appear in the corpus but were not identified and annotated as discourse connectives.", 
    "keep_for_gold": 0
  }, 
  {
    "citance_No": 15, 
    "citing_paper_id": "P11-2051", 
    "citing_paper_authority": 5, 
    "citing_paper_authors": "Qin, Gao | Stephan, Vogel", 
    "raw_text": "While syntactical constraints have been proven to helpful in identifying good paraphrases (Callison-Burch, 2008), it is in sufficient in our task because it can not properly filter the candidates for the replacement", 
    "clean_text": "While syntactical constraints have been proven to helpful in identifying good paraphrases (Callison-Burch, 2008), it is insufficient in our task because it cannot properly filter the candidates for the replacement.", 
    "keep_for_gold": 0
  }, 
  {
    "citance_No": 16, 
    "citing_paper_id": "W11-1610", 
    "citing_paper_authority": 7, 
    "citing_paper_authors": "Courtney, Napoles | Chris, Callison-Burch | Juri, Ganitkevitch | Benjamin, van Durme", 
    "raw_text": "Following Callison-Burch (2008), we refine selection by re quiring both the original phrase and paraphrase to be of the same syntactic type, which leads to more grammatical paraphrases. Although many excellent paraphrases are extracted from parallel corpora, many others are unsuitable and the translation score does not always accurately distinguish the two", 
    "clean_text": "Following Callison-Burch (2008), we refine selection by requiring both the original phrase and paraphrase to be of the same syntactic type, which leads to more grammatical paraphrases.", 
    "keep_for_gold": 0
  }, 
  {
    "citance_No": 17, 
    "citing_paper_id": "W11-1208", 
    "citing_paper_authority": 2, 
    "citing_paper_authors": "Rui, Wang | Chris, Callison-Burch", 
    "raw_text": "Furthermore, we compared our fragment pair collection with Callison-Burch (2008)? s approach on the same MSR corpus, only about 21% of the extracted paraphrases appear on both sides, which shows the potential to combine different re sources", 
    "clean_text": "Furthermore, we compared our fragment pair collection with Callison-Burch (2008)'s approach on the same MSR corpus, only about 21% of the extracted paraphrases appear on both sides, which shows the potential to combine different resources.", 
    "keep_for_gold": 0
  }, 
  {
    "citance_No": 18, 
    "citing_paper_id": "W11-1208", 
    "citing_paper_authority": 2, 
    "citing_paper_authors": "Rui, Wang | Chris, Callison-Burch", 
    "raw_text": "8The MTurk annotations can be roughly viewed as a guide for parameter tuning instead of training the system 57 As for comparison, we choose two other paraphrase collections, one is acquired from parallel bilingual corpora (Callison-Burch, 2008) and the other is using the same fragment extraction algorithm on the MSR corpus", 
    "clean_text": "As for comparison, we choose two other paraphrase collections, one is acquired from parallel bilingual corpora (Callison-Burch, 2008) and the other is using the same fragment extraction algorithm on the MSR corpus.", 
    "keep_for_gold": 0
  }, 
  {
    "citance_No": 19, 
    "citing_paper_id": "N10-1084", 
    "citing_paper_authority": 2, 
    "citing_paper_authors": "Ching-Yun, Chang | Stephen, Clark", 
    "raw_text": "Our pro posed method is based on the automatically acquired paraphrase dictionary described in Callison-Burch (2008), in which the application of paraphrases from the dictionary encodes secret bits", 
    "clean_text": "Our proposed method is based on the automatically acquired paraphrase dictionary described in Callison-Burch (2008), in which the application of paraphrases from the dictionary encodes secret bits.", 
    "keep_for_gold": 1
  }, 
  {
    "citance_No": 20, 
    "citing_paper_id": "N10-1084", 
    "citing_paper_authority": 2, 
    "citing_paper_authors": "Ching-Yun, Chang | Stephen, Clark", 
    "raw_text": "The paraphrase dictionary that we use was generated for us by Chris Callison-Burch, using the technique described in Callison-Burch (2008), which exploits a parallel corpus and methods developed for statistical machine translation", 
    "clean_text": "The paraphrase dictionary that we use was generated for us by Chris Callison-Burch, using the technique described in Callison-Burch (2008), which exploits a parallel corpus and methods developed for statistical machine translation.", 
    "keep_for_gold": 0
  }
]
