[
  {
    "citance_No": 1, 
    "citing_paper_id": "P97-1038", 
    "citing_paper_authority": 2, 
    "citing_paper_authors": "Jason S., Chang | Mathis H., Chen", 
    "raw_text": "However, Fung and Church (1994) point out that such a constraint does not exist between languages across language groups such as Chinese and English", 
    "clean_text": "However, Fung and Church (1994) point out that such a constraint does not exist between languages across language groups such as Chinese and English.", 
    "keep_for_gold": 0
  }, 
  {
    "citance_No": 2, 
    "citing_paper_id": "P97-1038", 
    "citing_paper_authority": 2, 
    "citing_paper_authors": "Jason S., Chang | Mathis H., Chen", 
    "raw_text": "Constraints Image IP techniques Alignment Pattern Resolution Structure Edge Convolution Phrase preserving One-to-one Texture Feature Sentence extraction Non-crossing Line Hough Discourse transform information (Ker and Chang 1996), cognates (Simard 1992), K-vec (Fung and Church 1994), DTW (Fung and McKeown 1994), etc. Dice coefficient: Dice (s, t)= 2", 
    "clean_text": "Constraints Image IP techniques Alignment Pattern Resolution Structure Edge Convolution Phrase preserving One-to-one Texture Feature Sentence extraction Non-crossing Line Hough Discourse transform information (Ker and Chang 1996), cognates (Simard 1992), K-vec (Fung and Church 1994), DTW (Fung and McKeown 1994), etc.", 
    "keep_for_gold": 0
  }, 
  {
    "citance_No": 3, 
    "citing_paper_id": "P98-1004", 
    "citing_paper_authority": 9, 
    "citing_paper_authors": "Lars, Ahrenberg | Mikael, Andersson | Magnus, Merkel", 
    "raw_text": "As Fung and Church (1994) we wish to estimate the bilingual lexicon directly", 
    "clean_text": "As Fung and Church (1994) we wish to estimate the bilingual lexicon directly.", 
    "keep_for_gold": 0
  }, 
  {
    "citance_No": 4, 
    "citing_paper_id": "W06-2403", 
    "citing_paper_authority": 3, 
    "citing_paper_authors": "Scott S. L., Piao | Guangfan, Sun | Paul, Rayson | Qi, Yuan", 
    "raw_text": "For a given pair of words X and Y and a search window W, let a be the number of windows in which X and Y co-occur, let b be the number of windows in which only X occurs, let c be the number of windows in which only Y occurs, and let d be the number of windows in which none of them occurs, then G2= 2 (alna +blnb +clnc +dlnd (a+b )ln (a+b) (a+c )ln (a+c) (b+d )ln (b+d) (c+d )ln (c+d))+ (a+b+c+d )ln (a+b+c+d)) In addition to the log-likelihood, the t-score is used to filter out insignificant co-occurrence word pairs (Fung and Church, 1994), which is calculated as follows:), (1) () (), (bababa WWprob M WprobWprobWWprob t?= In order to filter out weak collocates, a thresh old is often used ,i.e. in the stage of collocation extraction, any pairs of items producing word affinity scores lower than a given threshold are excluded from the MWE searching process", 
    "clean_text": "", 
    "keep_for_gold": 0
  }
]
