[
  {
    "citance_No": 1, 
    "citing_paper_id": "P14-2063", 
    "citing_paper_authority": 0, 
    "citing_paper_authors": "Yanqing, Chen | Steven, Skiena", 
    "raw_text": "Banea et al (2008) demonstrate that machine translation can perform quite well when ex tending the subjectivity analysis to multilingual environment, which makes it inspiring to replicate their work on lexicon-based sentiment analysis. Machine learning approaches to sentiment analysis are attractive, because of the promise of reduced manual processing", 
    "clean_text": "Banea et al (2008) demonstrate that machine translation can perform quite well when extending the subjectivity analysis to multilingual environment, which makes it inspiring to replicate their work on lexicon-based sentiment analysis.", 
    "keep_for_gold": 1
  }, 
  {
    "citance_No": 2, 
    "citing_paper_id": "P10-3005", 
    "citing_paper_authority": 1, 
    "citing_paper_authors": "Christian, Scheible", 
    "raw_text": "Banea et al (2008) use machine translation for multilingual sentiment analysis", 
    "clean_text": "Banea et al (2008) use machine translation for multilingual sentiment analysis.", 
    "keep_for_gold": 0
  }, 
  {
    "citance_No": 3, 
    "citing_paper_id": "W11-1704", 
    "citing_paper_authority": 4, 
    "citing_paper_authors": "Josef, Steinberger | Polina, Lenkova | Mohamed, Ebrahim | Maud, Ehrmann | Ali, Hurriyetoglu | Mijail, Alexandrov-Kabadjov | Ralf, Steinberger | Hristo, Tanev | Vanni, Zavarella | Silvia, Vazquez", 
    "raw_text": "Anotherapproach in obtaining subjectivity lexicons for other languages than English was explored in Banea et al (2008b)", 
    "clean_text": "Another approach in obtaining subjectivity lexicons for other languages than English was explored in Banea et al (2008b).", 
    "keep_for_gold": 0
  }, 
  {
    "citance_No": 4, 
    "citing_paper_id": "W11-1704", 
    "citing_paper_authority": 4, 
    "citing_paper_authors": "Josef, Steinberger | Polina, Lenkova | Mohamed, Ebrahim | Maud, Ehrmann | Ali, Hurriyetoglu | Mijail, Alexandrov-Kabadjov | Ralf, Steinberger | Hristo, Tanev | Vanni, Zavarella | Silvia, Vazquez", 
    "raw_text": "Finally, an other approach to building lexicons for languages with scarce resources is presented in Banea et al (2008a)", 
    "clean_text": "", 
    "keep_for_gold": 0
  }, 
  {
    "citance_No": 5, 
    "citing_paper_id": "W10-4116", 
    "citing_paper_authority": 2, 
    "citing_paper_authors": "Yulan, He | Harith, Alani | Deyu, Zhou", 
    "raw_text": "Similar to the approach proposed in (Banea et al, 2008), Wan? s method also uses machine translation to produced a labeled Chinese review corpus from the available labeled English review data", 
    "clean_text": "Similar to the approach proposed in (Banea et al, 2008), Wan's method also uses machine translation to produced a labeled Chinese review corpus from the available labeled English review data.", 
    "keep_for_gold": 0
  }, 
  {
    "citance_No": 6, 
    "citing_paper_id": "N10-1119", 
    "citing_paper_authority": 26, 
    "citing_paper_authors": "Leonid, Velikovich | Sasha, Blair-Goldensohn | Kerry, Hannan | Ryan, McDonald", 
    "raw_text": "A primary question is whether such lexicons improve performance over a translate-to-English strategy (Banea et al, 2008)", 
    "clean_text": "A primary question is whether such lexicons improve performance over a translate-to-English strategy (Banea et al, 2008).", 
    "keep_for_gold": 0
  }, 
  {
    "citance_No": 7, 
    "citing_paper_id": "C10-2127", 
    "citing_paper_authority": 1, 
    "citing_paper_authors": "Christian, Scheible | Florian, Laws | Lukas, Michelbacher | Hinrich, Sch&uuml;tze", 
    "raw_text": "Banea et al (2008) use machine translation for multilingual sentiment analysis", 
    "clean_text": "Banea et al (2008) use machine translation for multilingual sentiment analysis.", 
    "keep_for_gold": 0
  }, 
  {
    "citance_No": 8, 
    "citing_paper_id": "C10-2099", 
    "citing_paper_authority": 3, 
    "citing_paper_authors": "Smruthi, Mukund | Rohini K., Srihari", 
    "raw_text": "Mihalcea et al, (2007) and Banea et al, (2008) used machine translation technique to leverage English resources for analysis in Romanian and Spanish languages", 
    "clean_text": "Mihalcea et al, (2007) and Banea et al, (2008) used machine translation technique to leverage English resources for analysis in Romanian and Spanish languages.", 
    "keep_for_gold": 0
  }, 
  {
    "citance_No": 9, 
    "citing_paper_id": "W12-3709", 
    "citing_paper_authority": 0, 
    "citing_paper_authors": "Alexandra, Balahur | Marco, Turchi", 
    "raw_text": "Another approach in obtaining subjectivity lexicons for other languages than English was explored by Banea et al (Banea et al,2008b)", 
    "clean_text": "Another approach in obtaining subjectivity lexicons for other languages than English was explored by Banea et al (Banea et al,2008b).", 
    "keep_for_gold": 0
  }, 
  {
    "citance_No": 10, 
    "citing_paper_id": "W12-3709", 
    "citing_paper_authority": 0, 
    "citing_paper_authors": "Alexandra, Balahur | Marco, Turchi", 
    "raw_text": "Further on, another approach to building lexicons for languages with scarce resources is presented by Banea et al (Banea et al, 2008a)", 
    "clean_text": "", 
    "keep_for_gold": 0
  }, 
  {
    "citance_No": 11, 
    "citing_paper_id": "D10-1103", 
    "citing_paper_authority": 4, 
    "citing_paper_authors": "Lei, Shi | Rada, Mihalcea | Mingjun, Tian", 
    "raw_text": "Similarly, (Banea et al, 2008) propose a method base don machine translation to generate parallel texts, fol lowed by a cross-lingual projection of subjectivity labels, which are used to train subjectivity annotation tools for Romanian and Spanish", 
    "clean_text": "Similarly, (Banea et al, 2008) propose a method based on machine translation to generate parallel texts, followed by a cross-lingual projection of subjectivity labels, which are used to train subjectivity annotation tools for Romanian and Spanish.", 
    "keep_for_gold": 0
  }, 
  {
    "citance_No": 12, 
    "citing_paper_id": "P10-1061", 
    "citing_paper_authority": 1, 
    "citing_paper_authors": "Jungi, Kim | Jinji, Li | Jong-Hyeok, Lee", 
    "raw_text": "Mihalcea et al (2007 )andBanea et al (2008) proposed a number of approaches exploiting a bilingual dictionary, a parallel corpus, and an MT system to port the resources and systems available in English to languages with limited resources", 
    "clean_text": "", 
    "keep_for_gold": 0
  }, 
  {
    "citance_No": 13, 
    "citing_paper_id": "P10-1061", 
    "citing_paper_authority": 1, 
    "citing_paper_authors": "Jungi, Kim | Jinji, Li | Jong-Hyeok, Lee", 
    "raw_text": "Figure 1: Examples of sentiments in multilingual text Banea et al (2008) have attributed the variations in the difficulty level of subjectivity learning to the differences in language construction", 
    "clean_text": "Figure 1: Examples of sentiments in multilingual text Banea et al (2008) have attributed the variations in the difficulty level of subjectivity learning to the differences in language construction.", 
    "keep_for_gold": 0
  }, 
  {
    "citance_No": 14, 
    "citing_paper_id": "P10-1061", 
    "citing_paper_authority": 1, 
    "citing_paper_authors": "Jungi, Kim | Jinji, Li | Jong-Hyeok, Lee", 
    "raw_text": "translating a source language training corpus into target language and creating a corpus based system in target language (Banea et al, 2008) 3", 
    "clean_text": "translating a source language training corpus into target language and creating a corpus based system in target language (Banea et al, 2008).", 
    "keep_for_gold": 0
  }, 
  {
    "citance_No": 15, 
    "citing_paper_id": "W11-1724", 
    "citing_paper_authority": 0, 
    "citing_paper_authors": "Ruifeng, Xu | Jun, Xu | Wang, XiaoLong", 
    "raw_text": "Banea et al (2008) proposed several approaches for cross lingual subjectivity analysis by directly applying the translations of opinion corpus in source language to train the opinion classifier on target language", 
    "clean_text": "Banea et al (2008) proposed several approaches for cross lingual subjectivity analysis by directly applying the translations of opinion corpus in source language to train the opinion classifier on target language.", 
    "keep_for_gold": 0
  }, 
  {
    "citance_No": 16, 
    "citing_paper_id": "P10-2048", 
    "citing_paper_authority": 5, 
    "citing_paper_authors": "Bin, Wei | Christopher, Pal", 
    "raw_text": "Various experiments of the first strategy are performed in (Banea et al,2008) for the subjective analysis task and an aver age 65 F1 score was reported", 
    "clean_text": "Various experiments of the first strategy are performed in (Banea et al,2008) for the subjective analysis task and an average 65 F1 score was reported.", 
    "keep_for_gold": 0
  }, 
  {
    "citance_No": 17, 
    "citing_paper_id": "W12-0507", 
    "citing_paper_authority": 0, 
    "citing_paper_authors": "William, Martinez | Michel, G&eacute;n&eacute;reux", 
    "raw_text": "As stressed in some work (Baneaetal., 2008), researchers have shown that in sentiment analysis, an approach in two steps is often beneficial, in which we first distinguish objective from subjective texts, and then classify subjective texts depending on their polarity (Kim and Hovy,2006)", 
    "clean_text": "As stressed in some work (Banea et al., 2008), researchers have shown that in sentiment analysis, an approach in two steps is often beneficial, in which we first distinguish objective from subjective texts, and then classify subjective texts depending on their polarity (Kim and Hovy, 2006).", 
    "keep_for_gold": 0
  }, 
  {
    "citance_No": 18, 
    "citing_paper_id": "P11-2019", 
    "citing_paper_authority": 4, 
    "citing_paper_authors": "Cecilia Ovesdotter, Alm", 
    "raw_text": "(p. 127) (Banea et al 2008)", 
    "clean_text": "", 
    "keep_for_gold": 0
  }, 
  {
    "citance_No": 19, 
    "citing_paper_id": "P09-1027", 
    "citing_paper_authority": 30, 
    "citing_paper_authors": "Xiaojun, Wan", 
    "raw_text": "The above two methods have been used in (Banea et al, 2008) for Romanian subjectivity analysis, but the experimental results are not very promising", 
    "clean_text": "The above two methods have been used in (Banea et al, 2008) for Romanian subjectivity analysis, but the experimental results are not very promising.", 
    "keep_for_gold": 0
  }, 
  {
    "citance_No": 20, 
    "citing_paper_id": "C10-1004", 
    "citing_paper_authority": 6, 
    "citing_paper_authors": "Carmen, Banea | Rada, Mihalcea | Janyce, Wiebe", 
    "raw_text": "Although subjectivity tends to be preserved across languages? see the manual study in (Mihalcea et al, 2007), (Banea et al, 2008) hypo th esize that subjectivity is expressed differently in various languages due to lexicalization, formal versus informal markers, etc. Based on this observation, our research seeks to answer the following questions", 
    "clean_text": "Although subjectivity tends to be preserved across languages - see the manual study in (Mihalcea et al, 2007), (Banea et al, 2008) hypothesize that subjectivity is expressed differently in various languages due to lexicalization, formal versus informal markers, etc.", 
    "keep_for_gold": 1
  }
]
