[
  {
    "citance_No": 1, 
    "citing_paper_id": "A94-1008", 
    "citing_paper_authority": 15, 
    "citing_paper_authors": "Pasi, Tapanainen | Atro, Voutilainen", 
    "raw_text": "The two systems we use are ENGCG (Karlsson et al, 1994) and the Xerox Tagger (Cutting et al, 1992)", 
    "clean_text": "The two systems we use are ENGCG (Karlsson et al, 1994) and the Xerox Tagger (Cutting et al, 1992).", 
    "keep_for_gold": 0
  }, 
  {
    "citance_No": 2, 
    "citing_paper_id": "A94-1008", 
    "citing_paper_authority": 15, 
    "citing_paper_authors": "Pasi, Tapanainen | Atro, Voutilainen", 
    "raw_text": "The Xerox Tagger 1, XT, (Cutting et al, 1992) is a statistical tagger made by Doug Cutting, Julian Kupiec, Jan Pedersen and Penelope Sibun in Xerox PARC", 
    "clean_text": "The Xerox Tagger 1, XT, (Cutting et al, 1992) is a statistical tagger made by Doug Cutting, Julian Kupiec, Jan Pedersen and Penelope Sibun in Xerox PARC.", 
    "keep_for_gold": 0
  }, 
  {
    "citance_No": 3, 
    "citing_paper_id": "I08-3015", 
    "citing_paper_authority": 2, 
    "citing_paper_authors": "Thoudam Doren, Singh | Sivaji, Bandyopadhyay", 
    "raw_text": "There are many POS taggers developed using different techniques for many major languages such as transformation-based error-driven learning (Brill, 1995), decision trees (Black et al, 1992), Markov model (Cutting et al, 1992), maximum entropy methods (Ratnaparkhi, 1996) etc for English", 
    "clean_text": "There are many POS taggers developed using different techniques for many major languages such as transformation-based error-driven learning (Brill, 1995), decision trees (Black et al, 1992), Markov model (Cutting et al, 1992), maximum entropy methods (Ratnaparkhi, 1996) etc for English.", 
    "keep_for_gold": 0
  }, 
  {
    "citance_No": 4, 
    "citing_paper_id": "W04-3112", 
    "citing_paper_authority": 1, 
    "citing_paper_authors": "Bisharah, Libbus | Halil, Kilicoglu | Thomas C., Rindflesch | James G., Mork | Alan R., Aronson", 
    "raw_text": "The initial phase relies on a parser that draws on the SPECIALIST Lexicon (McCray et al 1994) and the Xerox Part-of-Speech Tagger (Cutting et al 1992) to produce an underspecified categorial analysis", 
    "clean_text": "The initial phase relies on a parser that draws on the SPECIALIST Lexicon (McCray et al 1994) and the Xerox Part-of-Speech Tagger (Cutting et al 1992) to produce an underspecified categorial analysis.", 
    "keep_for_gold": 0
  }, 
  {
    "citance_No": 5, 
    "citing_paper_id": "W03-1314", 
    "citing_paper_authority": 0, 
    "citing_paper_authors": "Olivier, Bodenreider | Serguei V., Pakhomov", 
    "raw_text": "Syntactic analysis The phrases in our bibliographic and clinical samples were then submitted to an underspecified syntactic analysis described by Rindflesch et al (2000) that draws on a stochastic tagger (see (Cutting et al, 1992) for details) as well as the SPECIALIST Lexicon5, a large syntactic lexicon of both general and medical English that is dist rib uted with the UMLS", 
    "clean_text": "The phrases in our bibliographic and clinical samples were then submitted to an underspecified syntactic analysis described by Rindflesch et al (2000) that draws on a stochastic tagger (see (Cutting et al, 1992) for details) as well as the SPECIALIST Lexicon, a large syntactic lexicon of both general and medical English that is distributed with the UMLS.", 
    "keep_for_gold": 0
  }, 
  {
    "citance_No": 6, 
    "citing_paper_id": "E99-1018", 
    "citing_paper_authority": 3, 
    "citing_paper_authors": "Giorgos S., Orphanos | Dimitris N., Christodoulakis", 
    "raw_text": "As a common strategy, POS guessers examine the endings of unknown words (Cutting et al 1992) along with their capitalization, or consider the distribution of unknown words over specific parts-of-speech (Weischedel et aL, 1993)", 
    "clean_text": "As a common strategy, POS guessers examine the endings of unknown words (Cutting et al 1992) along with their capitalization, or consider the distribution of unknown words over specific parts-of-speech (Weischedel et aL, 1993).", 
    "keep_for_gold": 0
  }, 
  {
    "citance_No": 7, 
    "citing_paper_id": "C96-2114", 
    "citing_paper_authority": 0, 
    "citing_paper_authors": "Gunnel, Kallgren", 
    "raw_text": "The tagger used is thus one that does not need tagged and disambiguated material to be trained on, namely the XPOST originally constructed at Xerox Parc (Cutting et al 1992, Cutting and Pedersen 1993)", 
    "clean_text": "The tagger used is thus one that does not need tagged and disambiguated material to be trained on, namely the XPOST originally constructed at Xerox Parc (Cutting et al 1992, Cutting and Pedersen 1993).", 
    "keep_for_gold": 0
  }, 
  {
    "citance_No": 8, 
    "citing_paper_id": "P07-2056", 
    "citing_paper_authority": 1, 
    "citing_paper_authors": "Sandipan, Dandapat | Sudeshna, Sarkar | Anupam, Basu", 
    "raw_text": "In such cases, additional information may be coded into the HMM model to achieve higher accuracy (Cutting et al, 1992)", 
    "clean_text": "In such cases, additional information may be coded into the HMM model to achieve higher accuracy (Cutting et al, 1992).", 
    "keep_for_gold": 0
  }, 
  {
    "citance_No": 9, 
    "citing_paper_id": "P07-2056", 
    "citing_paper_authority": 1, 
    "citing_paper_authors": "Sandipan, Dandapat | Sudeshna, Sarkar | Anupam, Basu", 
    "raw_text": "The semi-supervised model described in Cutting et al (1992), makes use of both labeled training text and some amount of unlabeled text", 
    "clean_text": "The semi-supervised model described in Cutting et al (1992), makes use of both labeled training text and some amount of unlabeled text.", 
    "keep_for_gold": 1
  }, 
  {
    "citance_No": 10, 
    "citing_paper_id": "W96-0101", 
    "citing_paper_authority": 2, 
    "citing_paper_authors": "Evelyne, Tzoukermann | Dragomir R., Radev", 
    "raw_text": "In the part-of-speech hterature, whether taggers are based on a rule-based approach (Klein and Simmons, 1963), (Brill, 1992), (Voutilainen, 1993), or on a statistical one (Bahl and Mercer, 1976), (Leech et al, 1983), (Merialdo, 1994), (DeRose, 1988), (Church, 1989), (Cutting et al, 1992), there is a debate as to whether more attention should be paid to lexical probabilities rather than contextual ones", 
    "clean_text": "", 
    "keep_for_gold": 0
  }, 
  {
    "citance_No": 11, 
    "citing_paper_id": "W96-0101", 
    "citing_paper_authority": 2, 
    "citing_paper_authors": "Evelyne, Tzoukermann | Dragomir R., Radev", 
    "raw_text": "(Chanod and Tapanainen, 1995) compare two tagging frameworks for tagging French, one that is statistical, built upon the Xerox tagger (Cutting et al., 1992), and another based on linguistic constraints only", 
    "clean_text": "(Chanod and Tapanainen, 1995) compare two tagging frameworks for tagging French, one that is statistical, built upon the Xerox tagger (Cutting et al., 1992), and another based on linguistic constraints only.", 
    "keep_for_gold": 0
  }, 
  {
    "citance_No": 12, 
    "citing_paper_id": "W04-2010", 
    "citing_paper_authority": 0, 
    "citing_paper_authors": "Preslav, Nakov | Elena, Paskaleva", 
    "raw_text": "The XEROX tagger comes with a list of built-in ending guessing rules (Cutting et al,1992)", 
    "clean_text": "The XEROX tagger comes with a list of built-in ending guessing rules (Cutting et al,1992).", 
    "keep_for_gold": 0
  }, 
  {
    "citance_No": 13, 
    "citing_paper_id": "W04-2611", 
    "citing_paper_authority": 4, 
    "citing_paper_authors": "Marcelo, Fiszman | Thomas C., Rindflesch | Halil, Kilicoglu", 
    "raw_text": "This analysis depends on the SPECIALIST Lexicon and the Xerox part-of-speech tagger (Cutting et al, 1992) and provides simple noun phrases that are mapped to concepts in the UMLS Metathesaurus using MetaMap (Aronson, 2001)", 
    "clean_text": "This analysis depends on the SPECIALIST Lexicon and the Xerox part-of-speech tagger (Cutting et al, 1992) and provides simple noun phrases that are mapped to concepts in the UMLS Metathesaurus using MetaMap (Aronson, 2001).", 
    "keep_for_gold": 0
  }, 
  {
    "citance_No": 14, 
    "citing_paper_id": "W04-1211", 
    "citing_paper_authority": 0, 
    "citing_paper_authors": "Serguei V., Pakhomov | Anni, Coden | Christopher G., Chute", 
    "raw_text": "The prime public domain examples of such implementations include the Trigrams? n? Tags tagger (Brandts 2000), Xerox tagger (Cutting et al 1992) and LT POS tagger (Mikheev 1997)", 
    "clean_text": "The prime public domain examples of such implementations include the Trigrams? n? Tags tagger (Brandts 2000), Xerox tagger (Cutting et al 1992) and LT POS tagger (Mikheev 1997).", 
    "keep_for_gold": 0
  }, 
  {
    "citance_No": 15, 
    "citing_paper_id": "N06-1042", 
    "citing_paper_authority": 5, 
    "citing_paper_authors": "Deniz, Yuret | Ferhan, Ture", 
    "raw_text": "It is also possible to train statistical models using unlabeled data with the expectation maximization algorithm (Cutting et al, 1992)", 
    "clean_text": "It is also possible to train statistical models using unlabeled data with the expectation maximization algorithm (Cutting et al, 1992).", 
    "keep_for_gold": 1
  }, 
  {
    "citance_No": 16, 
    "citing_paper_id": "E95-1014", 
    "citing_paper_authority": 8, 
    "citing_paper_authors": "Simone, Teufel | Gregory, Grefenstette", 
    "raw_text": "part-of-speech tagged (Cutting et al, 1992)", 
    "clean_text": "", 
    "keep_for_gold": 0
  }, 
  {
    "citance_No": 17, 
    "citing_paper_id": "W04-2602", 
    "citing_paper_authority": 1, 
    "citing_paper_authors": "Richard, Rohwer | Dayne, Freitag", 
    "raw_text": "It has been known for some years that good performance can be realized with partial tagging and a hidden Markov model (Cutting et al, 1992)", 
    "clean_text": "It has been known for some years that good performance can be realized with partial tagging and a hidden Markov model (Cutting et al, 1992).", 
    "keep_for_gold": 0
  }, 
  {
    "citance_No": 18, 
    "citing_paper_id": "A97-1004", 
    "citing_paper_authority": 61, 
    "citing_paper_authors": "Jeffrey C., Reynar | Adwait, Ratnaparkhi", 
    "raw_text": "(Cutting et al, 1992))", 
    "clean_text": "", 
    "keep_for_gold": 0
  }, 
  {
    "citance_No": 19, 
    "citing_paper_id": "N01-1023", 
    "citing_paper_authority": 27, 
    "citing_paper_authors": "Anoop, Sarkar", 
    "raw_text": "(Cutting et al, 1992) reported very high results (96% on the Brown corpus) for unsupervised POS tagging using Hidden Markov Models (HMMs) by exploiting hand-built tag dictionaries and equivalence classes", 
    "clean_text": "(Cutting et al, 1992) reported very high results (96% on the Brown corpus) for unsupervised POS tagging using Hidden Markov Models (HMMs) by exploiting hand-built tag dictionaries and equivalence classes.", 
    "keep_for_gold": 1
  }, 
  {
    "citance_No": 20, 
    "citing_paper_id": "E06-1034", 
    "citing_paper_authority": 1, 
    "citing_paper_authors": "Markus, Dickinson", 
    "raw_text": "In the tagging literature (e.g., Cutting et al (1992)) an ambiguity class is often composed of the set of every possible tag for a word", 
    "clean_text": "In the tagging literature (e.g., Cutting et al (1992)) an ambiguity class is often composed of the set of every possible tag for a word.", 
    "keep_for_gold": 0
  }
]
