[
  {
    "citance_No": 1, 
    "citing_paper_id": "D09-1127", 
    "citing_paper_authority": 32, 
    "citing_paper_authors": "Liang, Huang | Wenbin, Jiang | Qun, Liu", 
    "raw_text": "(Zhang and Clark, 2008), but that term is confusing with the states in shift-reduce LR/LL parsing, which are quite different", 
    "clean_text": "a \"configuration\" is sometimes called a \"state\" (Zhang and Clark, 2008), but that term is confusing with the states in shift-reduce LR/LL parsing, which are quite different.", 
    "keep_for_gold": 0
  }, 
  {
    "citance_No": 2, 
    "citing_paper_id": "D09-1127", 
    "citing_paper_authority": 32, 
    "citing_paper_authors": "Liang, Huang | Wenbin, Jiang | Qun, Liu", 
    "raw_text": "As we will see in Section 5.1, this simpler arc-standard system performs equally well with a state-of-the-art arc-eager system (Zhang and Clark, 2008) on standard English Treebank parsing (which is never shown before)", 
    "clean_text": "As we will see in Section 5.1, this simpler arc-standard system performs equally well with a state-of-the-art arc-eager system (Zhang and Clark, 2008) on standard English Treebank parsing (which is never shown before).", 
    "keep_for_gold": 0
  }, 
  {
    "citance_No": 3, 
    "citing_paper_id": "D09-1127", 
    "citing_paper_authority": 32, 
    "citing_paper_authors": "Liang, Huang | Wenbin, Jiang | Qun, Liu", 
    "raw_text": "We also enhance deterministic shift-reduce parsing with beam search, similar to Zhang and Clark (2008), where k configurations develop in parallel", 
    "clean_text": "We also enhance deterministic shift-reduce parsing with beam search, similar to Zhang and Clark (2008), where k configurations develop in parallel.", 
    "keep_for_gold": 0
  }, 
  {
    "citance_No": 4, 
    "citing_paper_id": "D09-1127", 
    "citing_paper_authority": 32, 
    "citing_paper_authors": "Liang, Huang | Wenbin, Jiang | Qun, Liu", 
    "raw_text": "Table 4 compares our baseline against the state-of-the-art graph-based (McDonald et al, 2005) and transition-based (Zhang and Clark, 2008) approaches, and confirms that our system performs at the same level with those state of-the-art, and runs extremely fast in the deterministic mode (k=1), and still quite fast in the beam search mode (k=16)", 
    "clean_text": "Table 4 compares our baseline against the state-of-the-art graph-based (McDonald et al, 2005) and transition-based (Zhang and Clark, 2008) approaches, and confirms that our system performs at the same level with those state of-the-art, and runs extremely fast in the deterministic mode (k=1), and still quite fast in the beam search mode (k=16).", 
    "keep_for_gold": 0
  }, 
  {
    "citance_No": 5, 
    "citing_paper_id": "D09-1127", 
    "citing_paper_authority": 32, 
    "citing_paper_authors": "Liang, Huang | Wenbin, Jiang | Qun, Liu", 
    "raw_text": "parser accuracy secs/sent McDonald et al (2005) 90.7 0.150 Zhang and Clark (2008) 91.4 0.195 our baseline at k=1 90.2 0.009 our baseline at k=16 91.3 0.125 Table 4: Baseline parser performance on standard Penn English Treebank dependency parsing task", 
    "clean_text": "", 
    "keep_for_gold": 0
  }, 
  {
    "citance_No": 6, 
    "citing_paper_id": "P14-1125", 
    "citing_paper_authority": 3, 
    "citing_paper_authors": "Meishan, Zhang | Yue, Zhang | Wanxiang, Che | Ting, Liu", 
    "raw_text": "The dataset statistics are shown in Table 2. We use the head rules of Zhang and Clark (2008) to convert phrase structures into dependency structures", 
    "clean_text": "We use the head rules of Zhang and Clark (2008) to convert phrase structures into dependency structures.", 
    "keep_for_gold": 1
  }, 
  {
    "citance_No": 7, 
    "citing_paper_id": "P10-2035", 
    "citing_paper_authority": 3, 
    "citing_paper_authors": "Kotaro, Kitagawa | Kumiko, Tanaka-Ishii", 
    "raw_text": "Hybrid systems have improved parsing by integrating outputs obtained from different parsing mod els (Zhang and Clark, 2008) .Our proposal can be situated among global optimization parsing methods as follows", 
    "clean_text": "Hybrid systems have improved parsing by integrating outputs obtained from different parsing models (Zhang and Clark, 2008).", 
    "keep_for_gold": 0
  }, 
  {
    "citance_No": 8, 
    "citing_paper_id": "P12-1071", 
    "citing_paper_authority": 6, 
    "citing_paper_authors": "Zhenghua, Li | Ting, Liu | Wanxiang, Che", 
    "raw_text": "Moreover, an indirect comparison indicates that our ap 2CTB5 is converted to dependency structures following the standard practice of dependency parsing (Zhang and Clark, 2008b)", 
    "clean_text": "CTB5 is converted to dependency structures following the standard practice of dependency parsing (Zhang and Clark, 2008b).", 
    "keep_for_gold": 0
  }, 
  {
    "citance_No": 9, 
    "citing_paper_id": "P12-1071", 
    "citing_paper_authority": 6, 
    "citing_paper_authors": "Zhenghua, Li | Ting, Liu | Wanxiang, Che", 
    "raw_text": "To facilitate comparison with previous results, we follow Zhang and Clark (2008b) for data split and constituency-to-dependency conversion of CTB5", 
    "clean_text": "To facilitate comparison with previous results, we follow Zhang and Clark (2008b) for data split and constituency-to-dependency conversion of CTB5.", 
    "keep_for_gold": 0
  }, 
  {
    "citance_No": 10, 
    "citing_paper_id": "W11-0328", 
    "citing_paper_authority": 7, 
    "citing_paper_authors": "Yoshimasa, Tsuruoka | Yusuke, Miyao | Jun'ichi, Kazama", 
    "raw_text": "Training time (sec) Test time (sec) Accuracy No lookahead (depth= 0) 1,937 4 89.73 Lookahead (depth= 1) 4,907 13 91.00 Lookahead (depth= 2) 12,800 31 91.10 Lookahead (depth= 3) 31,684 79 91.24 Beam search (k= 64) (Zhang and Clark, 2008 )n/an/a 91.4 Deterministic (Huang et al, 2009 )n/an/a 90.2 Beam search (k= 16) (Huang et al, 2009 )n/an/a 91.3 Dynamic programming (Huang and Sagae, 2010 )n/an/a 92.1 Table 4: Performance of English dependency parsing (training times and accuracy scores on test data)", 
    "clean_text": "", 
    "keep_for_gold": 0
  }, 
  {
    "citance_No": 11, 
    "citing_paper_id": "P14-2128", 
    "citing_paper_authority": 0, 
    "citing_paper_authors": "Ji, Ma | Yue, Zhang | Jingbo, Zhu", 
    "raw_text": "To show that the influence of punctuation son parsing is independent of specific parsing algorithms, we conduct experiments using three parsers, each representing a different parsing methodology: the open source MST Parser 1 (McDonald and Pereira, 2006), our ownre-implementation of an arc-standard transition based parser (Nivre, 2008), which is trained using global learning and beam-search (Zhang and Clark, 2008) with a rich feature set (Zhang and Nivre, 2011) 2, and our own re-implementation of the easy-first parser (Goldberg and Elhadad, 2010) with an extended feature set (Ma et al, 2013)", 
    "clean_text": "To show that the influence of punctuations on parsing is independent of specific parsing algorithms, we conduct experiments using three parsers, each representing a different parsing methodology: the open source MST Parser 1 (McDonald and Pereira, 2006), our own re-implementation of an arc-standard transition based parser (Nivre, 2008), which is trained using global learning and beam-search (Zhang and Clark, 2008) with a rich feature set (Zhang and Nivre, 2011), and our own re-implementation of the easy-first parser (Goldberg and Elhadad, 2010) with an extended feature set (Ma et al, 2013).", 
    "keep_for_gold": 0
  }, 
  {
    "citance_No": 12, 
    "citing_paper_id": "W11-2102", 
    "citing_paper_authority": 4, 
    "citing_paper_authors": "David, Talbot | Hideto, Kazawa | Hiroshi, Ichikawa | Jason, Katz-Brown | Masakazu, Seno | Franz Josef, Och", 
    "raw_text": "The parser is trained using the averaged per ceptron algorithm with an early update strategy as described in Zhang and Clark (2008)", 
    "clean_text": "The parser is trained using the averaged perceptron algorithm with an early update strategy as described in Zhang and Clark (2008).", 
    "keep_for_gold": 0
  }, 
  {
    "citance_No": 13, 
    "citing_paper_id": "D12-1133", 
    "citing_paper_authority": 33, 
    "citing_paper_authors": "Bernd, Bohnet | Joakim, Nivre", 
    "raw_text": "Graphfeatures are defined over the factors of a graph-based dependency parser, which was shown to improve the accuracy of a transition-based parser by Zhang and Clark (2008)", 
    "clean_text": "Graph features are defined over the factors of a graph-based dependency parser, which was shown to improve the accuracy of a transition-based parser by Zhang and Clark (2008).", 
    "keep_for_gold": 0
  }, 
  {
    "citance_No": 14, 
    "citing_paper_id": "D12-1133", 
    "citing_paper_authority": 33, 
    "citing_paper_authors": "Bernd, Bohnet | Joakim, Nivre", 
    "raw_text": "with the head-finding rules and conversion tools of Zhang and Clark (2008), and with the same split as in Zhang and Clark (2008) and Li et al (2011) .3 ForEnglish, this is the WSJ section of the Penn Treebank, converted with the head-finding rules of Yamada and Matsumoto (2003) and the labeling rules of Nivre (2006) .4 In order to assign k-best part-of-speech tags and scores to words in the training set, we used a per ceptron tagger with 10-fold jack-knifing", 
    "clean_text": "For Chinese, this is the Penn Chinese Treebank 5.1 (CTB5), converted with the head-finding rules and conversion tools of Zhang and Clark (2008), and with the same split as in Zhang and Clark (2008) and Li et al (2011).", 
    "keep_for_gold": 0
  }, 
  {
    "citance_No": 15, 
    "citing_paper_id": "D12-1133", 
    "citing_paper_authority": 33, 
    "citing_paper_authors": "Bernd, Bohnet | Joakim, Nivre", 
    "raw_text": "The POS accuracy improves slightly by 0.12 Parser TLAS UAS LAS POS McDonald et al (2005) 90.9 McDonald and Pereira (2006) 91.5 Zhang and Clark (2008) 92.1 Huang and Sagae (2010) 92.1 Koo and Collins (2010) 93.04 Zhang and Nivre (2011) 92.9 Martins et al (2010) 93.26 Koo et al (2008)? 93.16 Carreras et al (2008)? 93.5 Suzuki et al (2009)? 93.79 Baseline (k= 1) ,b1= 40 89.42 92.79 91.71 97.28 Bestdev setting ,b1= 40 89.75 93.03 91.92 97.40 Adding G ,b1= 40 90.12 93.38 92.44 97.33 Adding G+C ,b1= 80? 90.41 93.67 92.68 97.42 Table 3: Accuracy scores for WSJ-PTB converted with head rules of Yamada and Matsumoto (2003) and labeling rules of Nivre (2006)", 
    "clean_text": "", 
    "keep_for_gold": 0
  }, 
  {
    "citance_No": 16, 
    "citing_paper_id": "D12-1133", 
    "citing_paper_authority": 33, 
    "citing_paper_authors": "Bernd, Bohnet | Joakim, Nivre", 
    "raw_text": "We also obtain a POS accuracy of 97.42, which is on a par with the best results obtained using semi-supervised taggers 1461 Parser TLAS UAS LAS POS MSTParser1 75.56 93.51 MSTParser2 77.73 93.51 Li et al (2011) 3rd-order 80.60 92.80 Li et al (2011) 2nd-order 80.55 93.08 Hatori et al (2011) HS 79.60 94.01 Hatori et al (2011) ZN 81.20 93.94 Baseline (k= 1) ,b1= 40 61.95 80.33 76.79 92.81 Bestdev setting ,b1= 40 62.54 80.59 77.06 93.11 Adding G ,b1= 80 63.20 81.42 77.91 93.24 Table 4: Accuracy scores for Penn Chinese Treebank converted with the head rules of Zhang and Clark (2008)", 
    "clean_text": "", 
    "keep_for_gold": 0
  }, 
  {
    "citance_No": 17, 
    "citing_paper_id": "D12-1133", 
    "citing_paper_authority": 33, 
    "citing_paper_authors": "Bernd, Bohnet | Joakim, Nivre", 
    "raw_text": "Zhang and Clark (2008) was the first to combine beam search with a globally normalized discriminative model, using structured perceptron learning and the early update strategy of Collins and Roark (2004), and also explored the addition of graph based features to a transition-based parser", 
    "clean_text": "Zhang and Clark (2008) was the first to combine beam search with a globally normalized discriminative model, using structured perceptron learning and the early update strategy of Collins and Roark (2004), and also explored the addition of graph based features to a transition-based parser.", 
    "keep_for_gold": 1
  }, 
  {
    "citance_No": 18, 
    "citing_paper_id": "P11-2033", 
    "citing_paper_authority": 62, 
    "citing_paper_authors": "Yue, Zhang | Joakim, Nivre", 
    "raw_text": "Further, we follow Zhang and Clark (2008) and Huang et al (2009) and use the generalized perceptron (Collins, 2002) for global learning and beam search for decoding", 
    "clean_text": "", 
    "keep_for_gold": 0
  }, 
  {
    "citance_No": 19, 
    "citing_paper_id": "P11-2033", 
    "citing_paper_authority": 62, 
    "citing_paper_authors": "Yue, Zhang | Joakim, Nivre", 
    "raw_text": "Valency of S0 and N0 The number of modifiers to a given head is used by the graph-based submodel of Zhang and Clark (2008) and the models of Martins et al (2009 )andSagae and Tsujii (2007)", 
    "clean_text": "The number of modifiers to a given head is used by the graph-based submodel of Zhang and Clark (2008) and the models of Martins et al (2009) and Sagae and Tsujii (2007).", 
    "keep_for_gold": 0
  }, 
  {
    "citance_No": 20, 
    "citing_paper_id": "P11-2033", 
    "citing_paper_authority": 62, 
    "citing_paper_authors": "Yue, Zhang | Joakim, Nivre", 
    "raw_text": "We include in the table results from the pure transition-based parser of Zhang and Clark (2008) (row? Z& amp; C08 transition?), the dynamic-programming arc-standard parser of Huang and Sagae (2010) (row? H& amp; S10?), and graph based models including MSTParser (McDonald and Pereira, 2006), the baseline feature parser of Koo et al", 
    "clean_text": "We include in the table results from the pure transition-based parser of Zhang and Clark (2008) (row 'Z&C08 transition'), the dynamic-programming arc-standard parser of Huang and Sagae (2010) (row 'H&S10'), and graph based models including MSTParser (McDonald and Pereira, 2006), the baseline feature parser of Koo et al. (2008) (row 'K08 baeline'), and the two models of Koo and Collins (2010).", 
    "keep_for_gold": 0
  }
]
