[
  {
    "citance_No": 1, 
    "citing_paper_id": "E93-1006", 
    "citing_paper_authority": 18, 
    "citing_paper_authors": "Rens, Bod", 
    "raw_text": "In stochastic tree-adjoining grammar (Schabes, 1992), this lack of context-sensitivity s overcome by assigning probabilities to larger structural units", 
    "clean_text": "In stochastic tree-adjoining grammar (Schabes, 1992), this lack of context-sensitivity is overcome by assigning probabilities to larger structural units.", 
    "keep_for_gold": 1
  }, 
  {
    "citance_No": 2, 
    "citing_paper_id": "E93-1006", 
    "citing_paper_authority": 18, 
    "citing_paper_authors": "Rens, Bod", 
    "raw_text": "In (Schabes, 1992) it is proposed to infer a stochastic TAG from a large training corpus using an inside-outside-like t rative algorithm", 
    "clean_text": "In (Schabes, 1992) it is proposed to infer a stochastic TAG from a large training corpus using an inside-outside-like iterative algorithm.", 
    "keep_for_gold": 0
  }, 
  {
    "citance_No": 3, 
    "citing_paper_id": "E93-1006", 
    "citing_paper_authority": 18, 
    "citing_paper_authors": "Rens, Bod", 
    "raw_text": "In (Pereira and Schabes, 1992), 90.36% bracketing accuracy was reported using a stochastic CFG trained on bracketings from the ATIS corpus", 
    "clean_text": "In (Pereira and Schabes, 1992), 90.36% bracketing accuracy was reported using a stochastic CFG trained on bracketings from the ATIS corpus.", 
    "keep_for_gold": 0
  }, 
  {
    "citance_No": 4, 
    "citing_paper_id": "N06-1043", 
    "citing_paper_authority": 4, 
    "citing_paper_authors": "Anna, Corazza | Giorgio, Satta", 
    "raw_text": "Our general estimation method also has practical applications in cases one uses a probabilistic context-free grammar to approximate strictly more powerful rewriting systems, 335as for instance probabilistic tree adjoining gram mars (Schabes, 1992)", 
    "clean_text": "Our general estimation method also has practical applications in cases one uses a probabilistic context-free grammar to approximate strictly more powerful rewriting systems, as for instance probabilistic tree adjoining grammars (Schabes, 1992).", 
    "keep_for_gold": 0
  }, 
  {
    "citance_No": 5, 
    "citing_paper_id": "C96-1058", 
    "citing_paper_authority": 148, 
    "citing_paper_authors": "Jason M., Eisner", 
    "raw_text": "In recent years, the statistical parsing community has begun to reach out; for syntactic formalisms that recognize the individuality of words, l, ink grammars (Sleator and &apos; Pemperley, 1991) and lexicalized tree-adjoining ranunars (Schabes, 1992) have now received stochastic treatments", 
    "clean_text": "In recent years, the statistical parsing community has begun to reach out; for syntactic formalisms that recognize the individuality of words, link grammars (Sleator and &apos; Pemperley, 1991) and lexicalized tree-adjoining grammars (Schabes, 1992) have now received stochastic treatments.", 
    "keep_for_gold": 0
  }, 
  {
    "citance_No": 6, 
    "citing_paper_id": "E95-1015", 
    "citing_paper_authority": 4, 
    "citing_paper_authors": "Rens, Bod", 
    "raw_text": "Alhough it is beyond the scope of our research, we conjecture that there exists a Monte Carlo disambiguation algorithm for at least Stochastic Tree-Adjoining Grammar (Schabes, 1992)", 
    "clean_text": "Although it is beyond the scope of our research, we conjecture that there exists a Monte Carlo disambiguation algorithm for at least Stochastic Tree-Adjoining Grammar (Schabes, 1992).", 
    "keep_for_gold": 0
  }, 
  {
    "citance_No": 7, 
    "citing_paper_id": "W97-1010", 
    "citing_paper_authority": 4, 
    "citing_paper_authors": "Miles, Osborne | Ted, Briscoe", 
    "raw_text": "Examples of the first approach can be seen most clearly with the usage of CNF grammars by the Inside-Outside algorithm (Pereira and Schabes, 1992, Lari and Young, 1990)", 
    "clean_text": "Examples of the first approach can be seen most clearly with the usage of CNF grammars by the Inside-Outside algorithm (Pereira and Schabes, 1992, Lari and Young, 1990).", 
    "keep_for_gold": 0
  }
]
