<PAPER>
  <S sid="0" ssid="0"></S>
  <S sid="1" ssid="1"></S>
  <S sid="2" ssid="2"></S>
  <S sid="3" ssid="3"></S>
  <S sid="4" ssid="4"></S>
  <S sid="5" ssid="5"></S>
  <S sid="6" ssid="6"></S>
  <S sid="7" ssid="7"></S>
  <S sid="8" ssid="8"></S>
  <S sid="9" ssid="9"></S>
  <S sid="10" ssid="10"></S>
  <S sid="11" ssid="11"></S>
  <S sid="12" ssid="12"></S>
  <S sid="13" ssid="13"></S>
  <S sid="14" ssid="14"></S>
  <S sid="15" ssid="15"></S>
  <S sid="16" ssid="16"></S>
  <S sid="17" ssid="17"></S>
  <S sid="18" ssid="18"></S>
  <S sid="19" ssid="19"></S>
  <S sid="20" ssid="20"></S>
  <S sid="21" ssid="21"></S>
  <S sid="22" ssid="22"></S>
  <S sid="23" ssid="23">??????D???#?????a?D???f???????</S>
  <S sid="24" ssid="24"></S>
  <S sid="25" ssid="25"></S>
  <S sid="26" ssid="26"></S>
  <S sid="27" ssid="27"></S>
  <S sid="28" ssid="28"></S>
  <S sid="29" ssid="29"></S>
  <S sid="30" ssid="30"></S>
  <S sid="31" ssid="31"></S>
  <S sid="32" ssid="32"></S>
  <S sid="33" ssid="33"></S>
  <S sid="34" ssid="34"></S>
  <S sid="35" ssid="35"></S>
  <S sid="36" ssid="36"></S>
  <S sid="37" ssid="37"></S>
  <S sid="38" ssid="38">]???????j?flfiL???????S?????a?????[?2???</S>
  <S sid="39" ssid="39"></S>
  <S sid="40" ssid="40"></S>
  <S sid="41" ssid="41"></S>
  <S sid="42" ssid="42"></S>
  <S sid="43" ssid="43"></S>
  <S sid="44" ssid="44"></S>
  <S sid="45" ssid="45"></S>
  <S sid="46" ssid="46"></S>
  <S sid="47" ssid="47"></S>
  <S sid="48" ssid="48"></S>
  <S sid="49" ssid="49"></S>
  <S sid="50" ssid="50"></S>
  <S sid="51" ssid="51"></S>
  <S sid="52" ssid="52"></S>
  <S sid="53" ssid="53"></S>
  <S sid="54" ssid="54"></S>
  <S sid="55" ssid="55"></S>
  <S sid="56" ssid="56"></S>
  <S sid="57" ssid="57"></S>
  <S sid="58" ssid="58"></S>
  <S sid="59" ssid="59"></S>
  <S sid="60" ssid="60"></S>
  <S sid="61" ssid="61"></S>
  <S sid="62" ssid="62"></S>
  <S sid="63" ssid="63"></S>
  <S sid="64" ssid="64"></S>
  <S sid="65" ssid="65"></S>
  <S sid="66" ssid="66"></S>
  <S sid="67" ssid="67"></S>
  <S sid="68" ssid="68">?A# ???j???0???[?</S>
  <S sid="69" ssid="69"></S>
  <S sid="70" ssid="70"></S>
  <S sid="71" ssid="71"></S>
  <S sid="72" ssid="72"></S>
  <S sid="73" ssid="73"></S>
  <S sid="74" ssid="74"></S>
  <S sid="75" ssid="75"></S>
  <S sid="76" ssid="76"></S>
  <S sid="77" ssid="77"></S>
  <S sid="78" ssid="78"></S>
  <S sid="79" ssid="79"></S>
  <S sid="80" ssid="80"></S>
  <S sid="81" ssid="81"></S>
  <S sid="82" ssid="82"></S>
  <S sid="83" ssid="83"></S>
  <S sid="84" ssid="84"></S>
  <S sid="85" ssid="85"></S>
  <S sid="86" ssid="86"></S>
  <S sid="87" ssid="87"></S>
  <S sid="88" ssid="88"></S>
  <S sid="89" ssid="89"></S>
  <S sid="90" ssid="90"></S>
  <S sid="91" ssid="91"></S>
  <S sid="92" ssid="92"></S>
  <S sid="93" ssid="93"></S>
  <S sid="94" ssid="94"></S>
  <S sid="95" ssid="95"></S>
  <S sid="96" ssid="96"></S>
  <S sid="97" ssid="97"></S>
  <S sid="98" ssid="98"></S>
  <S sid="99" ssid="99"></S>
  <S sid="100" ssid="100"></S>
  <S sid="101" ssid="101"></S>
  <S sid="102" ssid="102"></S>
  <S sid="103" ssid="103"></S>
  <S sid="104" ssid="104">???v?3???Ofi[?[?5?j?H?????</S>
  <S sid="105" ssid="105"></S>
  <S sid="106" ssid="106"></S>
  <S sid="107" ssid="107"></S>
  <S sid="108" ssid="108"></S>
  <S sid="109" ssid="109"></S>
  <S sid="110" ssid="110"></S>
  <S sid="111" ssid="111"></S>
  <S sid="112" ssid="112"></S>
  <S sid="113" ssid="113"></S>
  <S sid="114" ssid="114"></S>
  <S sid="115" ssid="115"></S>
  <S sid="116" ssid="116"></S>
  <S sid="117" ssid="117"></S>
  <S sid="118" ssid="118"></S>
  <S sid="119" ssid="119"></S>
  <S sid="120" ssid="120"></S>
  <S sid="121" ssid="121"></S>
  <S sid="122" ssid="122"></S>
  <S sid="123" ssid="123"></S>
  <S sid="124" ssid="124"></S>
  <S sid="125" ssid="125"></S>
  <S sid="126" ssid="126"></S>
  <S sid="127" ssid="127"></S>
  <S sid="128" ssid="128"></S>
  <S sid="129" ssid="129"></S>
  <S sid="130" ssid="130"></S>
  <S sid="131" ssid="131"></S>
  <S sid="132" ssid="132">?TR ???v???????m?</S>
  <S sid="133" ssid="133"></S>
  <S sid="134" ssid="134"></S>
  <S sid="135" ssid="135"></S>
  <S sid="136" ssid="136"></S>
  <S sid="137" ssid="137"></S>
  <S sid="138" ssid="138"></S>
  <S sid="139" ssid="139"></S>
  <S sid="140" ssid="140"></S>
  <S sid="141" ssid="141"></S>
  <S sid="142" ssid="142"></S>
  <S sid="143" ssid="143"></S>
  <S sid="144" ssid="144"></S>
  <S sid="145" ssid="145"></S>
  <S sid="146" ssid="146"></S>
  <S sid="147" ssid="147"></S>
  <S sid="148" ssid="148"></S>
  <S sid="149" ssid="149"></S>
  <S sid="150" ssid="150"></S>
  <S sid="151" ssid="151"></S>
  <S sid="152" ssid="152"></S>
  <S sid="153" ssid="153"></S>
  <S sid="154" ssid="154">?Tfi ?fi?????4???v??????</S>
  <S sid="155" ssid="155"></S>
  <S sid="156" ssid="156"></S>
  <S sid="157" ssid="157"></S>
  <S sid="158" ssid="158"></S>
  <S sid="159" ssid="159"></S>
  <S sid="160" ssid="160"></S>
  <S sid="161" ssid="161"></S>
  <S sid="162" ssid="162">?j?v?j?flfi ???</S>
  <S sid="163" ssid="163"></S>
  <S sid="164" ssid="164"></S>
  <S sid="165" ssid="165"></S>
  <S sid="166" ssid="166"></S>
  <S sid="167" ssid="167">???????S?????a?????[??</S>
  <S sid="168" ssid="168"></S>
  <S sid="169" ssid="169"></S>
  <S sid="170" ssid="170"></S>
  <S sid="171" ssid="171"></S>
  <S sid="172" ssid="172"></S>
  <S sid="173" ssid="173"></S>
  <S sid="174" ssid="174"></S>
  <S sid="175" ssid="175"></S>
  <S sid="176" ssid="176"></S>
  <S sid="177" ssid="177"></S>
  <S sid="178" ssid="178"></S>
  <S sid="179" ssid="179"></S>
  <S sid="180" ssid="180"></S>
  <S sid="181" ssid="181"></S>
  <S sid="182" ssid="182"></S>
  <S sid="183" ssid="183"></S>
  <S sid="184" ssid="184"></S>
  <S sid="185" ssid="185"></S>
  <S sid="186" ssid="186"></S>
  <S sid="187" ssid="187">?fl# ?j?flfi??4?????</S>
  <S sid="188" ssid="188"></S>
  <S sid="189" ssid="189"></S>
  <S sid="190" ssid="190"></S>
  <S sid="191" ssid="191"></S>
  <S sid="192" ssid="192"></S>
  <S sid="193" ssid="193"></S>
  <S sid="194" ssid="194"></S>
  <S sid="195" ssid="195"></S>
  <S sid="196" ssid="196"></S>
  <S sid="197" ssid="197"></S>
  <S sid="198" ssid="198"></S>
  <S sid="199" ssid="199"></S>
  <S sid="200" ssid="200"></S>
  <S sid="201" ssid="201"></S>
  <S sid="202" ssid="202"></S>
  <S sid="203" ssid="203"></S>
  <S sid="204" ssid="204"></S>
  <S sid="205" ssid="205"></S>
  <S sid="206" ssid="206"></S>
  <S sid="207" ssid="207"></S>
  <S sid="208" ssid="208"></S>
  <S sid="209" ssid="209"></S>
  <S sid="210" ssid="210"></S>
  <S sid="211" ssid="211"></S>
  <S sid="212" ssid="212"></S>
  <S sid="213" ssid="213">?j?v?j?flfi ????</S>
  <S sid="214" ssid="214"></S>
  <S sid="215" ssid="215">ff ???????????????j?????j???????????</S>
  <S sid="216" ssid="216"></S>
  <S sid="217" ssid="217"></S>
  <S sid="218" ssid="218"></S>
  <S sid="219" ssid="219"></S>
  <S sid="220" ssid="220"></S>
  <S sid="221" ssid="221"></S>
  <S sid="222" ssid="222"></S>
  <S sid="223" ssid="223"></S>
  <S sid="224" ssid="224"></S>
  <S sid="225" ssid="225"></S>
  <S sid="226" ssid="226"></S>
  <S sid="227" ssid="227"></S>
  <S sid="228" ssid="228"></S>
  <S sid="229" ssid="229"></S>
  <S sid="230" ssid="230"></S>
  <S sid="231" ssid="231"></S>
  <S sid="232" ssid="232">ff ???????????????a???</S>
  <S sid="233" ssid="233"></S>
  <S sid="234" ssid="234"></S>
  <S sid="235" ssid="235"></S>
  <S sid="236" ssid="236"></S>
  <S sid="237" ssid="237">ff ?3???????S?????a???</S>
  <S sid="238" ssid="238"></S>
  <S sid="239" ssid="239"></S>
  <S sid="240" ssid="240"></S>
  <S sid="241" ssid="241"></S>
  <S sid="242" ssid="242"></S>
  <S sid="243" ssid="243"></S>
  <S sid="244" ssid="244"></S>
  <S sid="245" ssid="245"></S>
  <S sid="246" ssid="246"></S>
  <S sid="247" ssid="247"></S>
  <S sid="248" ssid="248"></S>
  <S sid="249" ssid="249"></S>
  <S sid="250" ssid="250"></S>
  <S sid="251" ssid="251"></S>
  <S sid="252" ssid="252"></S>
  <S sid="253" ssid="253"></S>
  <S sid="254" ssid="254"></S>
  <S sid="255" ssid="255"></S>
  <S sid="256" ssid="256"></S>
  <S sid="257" ssid="257"></S>
  <S sid="258" ssid="258">?????????????a?????[???#?????????v?a?fi?</S>
  <S sid="259" ssid="259"></S>
  <S sid="260" ssid="260"></S>
  <S sid="261" ssid="261"></S>
  <S sid="262" ssid="262"></S>
  <S sid="263" ssid="263"></S>
  <S sid="264" ssid="264"></S>
  <S sid="265" ssid="265"></S>
  <S sid="266" ssid="266"></S>
  <S sid="267" ssid="267">?????0?????????ffi????</S>
  <S sid="268" ssid="268"></S>
  <S sid="269" ssid="269"></S>
  <S sid="270" ssid="270"></S>
  <S sid="271" ssid="271"></S>
  <S sid="272" ssid="272"></S>
  <S sid="273" ssid="273"></S>
  <S sid="274" ssid="274"></S>
  <S sid="275" ssid="275">(a) sentence to be translated He  is  the first international student (b) part of the clump dictionary (c) one possible segmentation He        is   the   first       international      student (d) possible translations is =&gt; est,  the =&gt; le,  first =&gt; premier is the first =&gt; est le premier,   he =&gt; il international =&gt; international &lt;&gt;=.</S>
  <S sid="276" ssid="276"></S>
  <S sid="277" ssid="277"></S>
  <S sid="278" ssid="278"></S>
  <S sid="279" ssid="279"></S>
  <S sid="280" ssid="280"></S>
  <S sid="281" ssid="281"></S>
  <S sid="282" ssid="282"></S>
  <S sid="283" ssid="283"></S>
  <S sid="284" ssid="284"></S>
  <S sid="285" ssid="285"></S>
  <S sid="286" ssid="286"></S>
  <S sid="287" ssid="287"></S>
  <S sid="288" ssid="288"></S>
  <S sid="289" ssid="289">p???H?v???U?=?j??v???</S>
  <S sid="290" ssid="290"></S>
  <S sid="291" ssid="291"></S>
  <S sid="292" ssid="292"></S>
  <S sid="293" ssid="293"></S>
  <S sid="294" ssid="294"></S>
  <S sid="295" ssid="295"></S>
  <S sid="296" ssid="296"></S>
  <S sid="297" ssid="297"></S>
  <S sid="298" ssid="298"></S>
  <S sid="299" ssid="299"></S>
  <S sid="300" ssid="300"></S>
  <S sid="301" ssid="301">???????S?????a?????[???</S>
  <S sid="302" ssid="302"></S>
  <S sid="303" ssid="303"></S>
  <S sid="304" ssid="304"></S>
  <S sid="305" ssid="305"></S>
  <S sid="306" ssid="306"></S>
  <S sid="307" ssid="307"></S>
  <S sid="308" ssid="308"></S>
  <S sid="309" ssid="309"></S>
  <S sid="310" ssid="310"></S>
  <S sid="311" ssid="311"></S>
  <S sid="312" ssid="312">?????v??????[???L???</S>
  <S sid="313" ssid="313"></S>
  <S sid="314" ssid="314">???v?L????????????</S>
  <S sid="315" ssid="315"></S>
  <S sid="316" ssid="316"></S>
  <S sid="317" ssid="317"></S>
  <S sid="318" ssid="318"></S>
  <S sid="319" ssid="319">?H???v?????[?v?j?#???</S>
  <S sid="320" ssid="320"></S>
  <S sid="321" ssid="321">?j?a?fi?j?flfi ????</S>
  <S sid="322" ssid="322"></S>
  <S sid="323" ssid="323"></S>
  <S sid="324" ssid="324"></S>
  <S sid="325" ssid="325"></S>
  <S sid="326" ssid="326"></S>
  <S sid="327" ssid="327"></S>
  <S sid="328" ssid="328"></S>
  <S sid="329" ssid="329"></S>
  <S sid="330" ssid="330"></S>
  <S sid="331" ssid="331"></S>
  <S sid="332" ssid="332"></S>
  <S sid="333" ssid="333"></S>
  <S sid="334" ssid="334"></S>
  <S sid="335" ssid="335"></S>
  <S sid="336" ssid="336"></S>
  <S sid="337" ssid="337"></S>
  <S sid="338" ssid="338"></S>
  <S sid="339" ssid="339"></S>
  <S sid="340" ssid="340"></S>
  <S sid="341" ssid="341"></S>
  <S sid="342" ssid="342"></S>
  <S sid="343" ssid="343"></S>
  <S sid="344" ssid="344"></S>
  <S sid="345" ssid="345"></S>
  <S sid="346" ssid="346"></S>
  <S sid="347" ssid="347"></S>
  <S sid="348" ssid="348"></S>
  <S sid="349" ssid="349"></S>
  <S sid="350" ssid="350"></S>
  <S sid="351" ssid="351"></S>
  <S sid="352" ssid="352"></S>
  <S sid="353" ssid="353"></S>
  <S sid="354" ssid="354"></S>
  <S sid="355" ssid="355"></S>
  <S sid="356" ssid="356"></S>
  <S sid="357" ssid="357"></S>
  <S sid="358" ssid="358"></S>
  <S sid="359" ssid="359"></S>
  <S sid="360" ssid="360"></S>
  <S sid="361" ssid="361"></S>
  <S sid="362" ssid="362"></S>
  <S sid="363" ssid="363">?fl# ???j???S???z?</S>
  <S sid="364" ssid="364"></S>
  <S sid="365" ssid="365"></S>
  <S sid="366" ssid="366"></S>
  <S sid="367" ssid="367"></S>
  <S sid="368" ssid="368"></S>
  <S sid="369" ssid="369"></S>
  <S sid="370" ssid="370"></S>
  <S sid="371" ssid="371"></S>
  <S sid="372" ssid="372"></S>
  <S sid="373" ssid="373"></S>
  <S sid="374" ssid="374"></S>
  <S sid="375" ssid="375"></S>
  <S sid="376" ssid="376"></S>
  <S sid="377" ssid="377"></S>
  <S sid="378" ssid="378"></S>
  <S sid="379" ssid="379"></S>
  <S sid="380" ssid="380"></S>
  <S sid="381" ssid="381"></S>
  <S sid="382" ssid="382"></S>
  <S sid="383" ssid="383"></S>
  <S sid="384" ssid="384"></S>
  <S sid="385" ssid="385"></S>
  <S sid="386" ssid="386"></S>
  <S sid="387" ssid="387"></S>
  <S sid="388" ssid="388"></S>
  <S sid="389" ssid="389"></S>
  <S sid="390" ssid="390"></S>
  <S sid="391" ssid="391"></S>
  <S sid="392" ssid="392"></S>
  <S sid="393" ssid="393"></S>
  <S sid="394" ssid="394"></S>
  <S sid="395" ssid="395"></S>
  <S sid="396" ssid="396"></S>
  <S sid="397" ssid="397"></S>
  <S sid="398" ssid="398">*)+),) $ ?&amp;%.-??*?</S>
  <S sid="399" ssid="399">$ ?/%????j?fi???v?4???</S>
  <S sid="400" ssid="400"></S>
  <S sid="401" ssid="401"></S>
  <S sid="402" ssid="402"></S>
  <S sid="403" ssid="403"></S>
  <S sid="404" ssid="404"></S>
  <S sid="405" ssid="405"></S>
  <S sid="406" ssid="406"></S>
  <S sid="407" ssid="407"></S>
  <S sid="408" ssid="408"></S>
  <S sid="409" ssid="409"></S>
  <S sid="410" ssid="410"></S>
  <S sid="411" ssid="411"></S>
  <S sid="412" ssid="412"></S>
  <S sid="413" ssid="413"></S>
  <S sid="414" ssid="414">ff ?j???????j???</S>
  <S sid="415" ssid="415"></S>
  <S sid="416" ssid="416"></S>
  <S sid="417" ssid="417"></S>
  <S sid="418" ssid="418"></S>
  <S sid="419" ssid="419"></S>
  <S sid="420" ssid="420"></S>
  <S sid="421" ssid="421"></S>
  <S sid="422" ssid="422"></S>
  <S sid="423" ssid="423"></S>
  <S sid="424" ssid="424"></S>
  <S sid="425" ssid="425"></S>
  <S sid="426" ssid="426"></S>
  <S sid="427" ssid="427"></S>
  <S sid="428" ssid="428"></S>
  <S sid="429" ssid="429"></S>
  <S sid="430" ssid="430"></S>
  <S sid="431" ssid="431"></S>
  <S sid="432" ssid="432"></S>
  <S sid="433" ssid="433">ff ?????a?D??*???O&lt;[???</S>
  <S sid="434" ssid="434"></S>
  <S sid="435" ssid="435"></S>
  <S sid="436" ssid="436"></S>
  <S sid="437" ssid="437"></S>
  <S sid="438" ssid="438"></S>
  <S sid="439" ssid="439"></S>
  <S sid="440" ssid="440"></S>
  <S sid="441" ssid="441"></S>
  <S sid="442" ssid="442"></S>
  <S sid="443" ssid="443"></S>
  <S sid="444" ssid="444"></S>
  <S sid="445" ssid="445"></S>
  <S sid="446" ssid="446"></S>
  <S sid="447" ssid="447"></S>
  <S sid="448" ssid="448"></S>
  <S sid="449" ssid="449"></S>
  <S sid="450" ssid="450"></S>
  <S sid="451" ssid="451"></S>
  <S sid="452" ssid="452"></S>
  <S sid="453" ssid="453"></S>
  <S sid="454" ssid="454"></S>
  <S sid="455" ssid="455"></S>
  <S sid="456" ssid="456"></S>
  <S sid="457" ssid="457"></S>
  <S sid="458" ssid="458"></S>
  <S sid="459" ssid="459"></S>
  <S sid="460" ssid="460"></S>
  <S sid="461" ssid="461"></S>
  <S sid="462" ssid="462"></S>
  <S sid="463" ssid="463"></S>
  <S sid="464" ssid="464"></S>
  <S sid="465" ssid="465"></S>
  <S sid="466" ssid="466"></S>
  <S sid="467" ssid="467"></S>
  <S sid="468" ssid="468">?N?flfi??j?????</S>
  <S sid="469" ssid="469">ff ??ff?[?d????</S>
  <S sid="470" ssid="470"></S>
  <S sid="471" ssid="471"></S>
  <S sid="472" ssid="472"></S>
  <S sid="473" ssid="473"></S>
  <S sid="474" ssid="474"></S>
  <S sid="475" ssid="475"></S>
  <S sid="476" ssid="476"></S>
  <S sid="477" ssid="477"></S>
  <S sid="478" ssid="478"></S>
  <S sid="479" ssid="479"></S>
  <S sid="480" ssid="480"></S>
  <S sid="481" ssid="481">?.d e g??fi??]?</S>
  <S sid="482" ssid="482"></S>
  <S sid="483" ssid="483"></S>
  <S sid="484" ssid="484"></S>
  <S sid="485" ssid="485"></S>
  <S sid="486" ssid="486"></S>
  <S sid="487" ssid="487"></S>
  <S sid="488" ssid="488"></S>
  <S sid="489" ssid="489"></S>
  <S sid="490" ssid="490"></S>
  <S sid="491" ssid="491"></S>
  <S sid="492" ssid="492"></S>
  <S sid="493" ssid="493"></S>
  <S sid="494" ssid="494"></S>
  <S sid="495" ssid="495"></S>
  <S sid="496" ssid="496"></S>
  <S sid="497" ssid="497"></S>
  <S sid="498" ssid="498"></S>
  <S sid="499" ssid="499">?j?,# ?v?j?|?S?</S>
  <S sid="500" ssid="500"></S>
  <S sid="501" ssid="501"></S>
  <S sid="502" ssid="502"></S>
  <S sid="503" ssid="503"></S>
  <S sid="504" ssid="504"></S>
  <S sid="505" ssid="505"></S>
  <S sid="506" ssid="506"></S>
  <S sid="507" ssid="507"></S>
  <S sid="508" ssid="508"></S>
  <S sid="509" ssid="509"></S>
  <S sid="510" ssid="510"></S>
  <S sid="511" ssid="511"></S>
  <S sid="512" ssid="512"></S>
  <S sid="513" ssid="513"></S>
  <S sid="514" ssid="514"></S>
  <S sid="515" ssid="515"></S>
  <S sid="516" ssid="516">?2?v?v???????L?fi?v?[???</S>
  <S sid="517" ssid="517"></S>
  <S sid="518" ssid="518"></S>
  <S sid="519" ssid="519"></S>
  <S sid="520" ssid="520"></S>
  <S sid="521" ssid="521"></S>
  <S sid="522" ssid="522"></S>
  <S sid="523" ssid="523"></S>
  <S sid="524" ssid="524"></S>
  <S sid="525" ssid="525"></S>
  <S sid="526" ssid="526"></S>
  <S sid="527" ssid="527"></S>
  <S sid="528" ssid="528"></S>
  <S sid="529" ssid="529"></S>
  <S sid="530" ssid="530"></S>
  <S sid="531" ssid="531"></S>
  <S sid="532" ssid="532"></S>
  <S sid="533" ssid="533"></S>
  <S sid="534" ssid="534"></S>
  <S sid="535" ssid="535"></S>
  <S sid="536" ssid="536"></S>
  <S sid="537" ssid="537"></S>
  <S sid="538" ssid="538"></S>
  <S sid="539" ssid="539"></S>
  <S sid="540" ssid="540"></S>
  <S sid="541" ssid="541"></S>
  <S sid="542" ssid="542"></S>
  <S sid="543" ssid="543"></S>
  <S sid="544" ssid="544"></S>
  <S sid="545" ssid="545"></S>
  <S sid="546" ssid="546"></S>
  <S sid="547" ssid="547"></S>
  <S sid="548" ssid="548"></S>
  <S sid="549" ssid="549"></S>
  <S sid="550" ssid="550"></S>
  <S sid="551" ssid="551"></S>
  <S sid="552" ssid="552"></S>
  <S sid="553" ssid="553"></S>
  <S sid="554" ssid="554"></S>
  <S sid="555" ssid="555"></S>
  <S sid="556" ssid="556"></S>
  <S sid="557" ssid="557"></S>
  <S sid="558" ssid="558"></S>
  <S sid="559" ssid="559"></S>
  <S sid="560" ssid="560"></S>
  <S sid="561" ssid="561"></S>
  <S sid="562" ssid="562"></S>
  <S sid="563" ssid="563"></S>
  <S sid="564" ssid="564"></S>
  <S sid="565" ssid="565"></S>
  <S sid="566" ssid="566"></S>
  <S sid="567" ssid="567"></S>
  <S sid="568" ssid="568"></S>
  <S sid="569" ssid="569"></S>
  <S sid="570" ssid="570">?v?v???????S;????</S>
  <S sid="571" ssid="571"></S>
  <S sid="572" ssid="572"></S>
  <S sid="573" ssid="573"></S>
  <S sid="574" ssid="574"></S>
  <S sid="575" ssid="575"></S>
  <S sid="576" ssid="576"></S>
  <S sid="577" ssid="577"></S>
  <S sid="578" ssid="578"></S>
  <S sid="579" ssid="579"></S>
  <S sid="580" ssid="580"></S>
  <S sid="581" ssid="581"></S>
  <S sid="582" ssid="582"></S>
  <S sid="583" ssid="583"></S>
  <S sid="584" ssid="584"></S>
  <S sid="585" ssid="585"></S>
  <S sid="586" ssid="586"></S>
  <S sid="587" ssid="587"></S>
  <S sid="588" ssid="588"></S>
  <S sid="589" ssid="589"></S>
  <S sid="590" ssid="590"></S>
  <S sid="591" ssid="591"></S>
  <S sid="592" ssid="592"></S>
  <S sid="593" ssid="593"></S>
  <S sid="594" ssid="594"></S>
  <S sid="595" ssid="595"></S>
  <S sid="596" ssid="596"></S>
  <S sid="597" ssid="597"></S>
  <S sid="598" ssid="598"></S>
  <S sid="599" ssid="599"></S>
  <S sid="600" ssid="600"></S>
  <S sid="601" ssid="601"></S>
  <S sid="602" ssid="602"></S>
  <S sid="603" ssid="603">ff ?????v?a?fi?</S>
  <S sid="604" ssid="604"></S>
  <S sid="605" ssid="605">?Tfi ?v?v???????#???</S>
  <S sid="606" ssid="606"></S>
  <S sid="607" ssid="607"></S>
  <S sid="608" ssid="608"></S>
  <S sid="609" ssid="609"></S>
  <S sid="610" ssid="610"></S>
  <S sid="611" ssid="611"></S>
  <S sid="612" ssid="612"></S>
  <S sid="613" ssid="613"></S>
  <S sid="614" ssid="614"></S>
  <S sid="615" ssid="615"></S>
  <S sid="616" ssid="616"></S>
  <S sid="617" ssid="617"></S>
  <S sid="618" ssid="618"></S>
  <S sid="619" ssid="619"></S>
  <S sid="620" ssid="620"></S>
  <S sid="621" ssid="621"></S>
  <S sid="622" ssid="622"></S>
  <S sid="623" ssid="623"></S>
  <S sid="624" ssid="624"></S>
  <S sid="625" ssid="625"></S>
  <S sid="626" ssid="626"></S>
  <S sid="627" ssid="627"></S>
  <S sid="628" ssid="628"></S>
  <S sid="629" ssid="629"></S>
  <S sid="630" ssid="630"></S>
  <S sid="631" ssid="631"></S>
  <S sid="632" ssid="632"></S>
  <S sid="633" ssid="633"></S>
  <S sid="634" ssid="634"></S>
  <S sid="635" ssid="635"></S>
  <S sid="636" ssid="636"></S>
  <S sid="637" ssid="637"></S>
  <S sid="638" ssid="638"></S>
  <S sid="639" ssid="639"></S>
  <S sid="640" ssid="640"></S>
  <S sid="641" ssid="641">X 7 ?98 4;:=&lt;?&gt; 8 @ ?9ACBED X ACBED ?</S>
  <S sid="642" ssid="642">8 4 ACBED X 8FACBED ?</S>
  <S sid="643" ssid="643"></S>
  <S sid="644" ssid="644"></S>
  <S sid="645" ssid="645"></S>
  <S sid="646" ssid="646"></S>
  <S sid="647" ssid="647"></S>
  <S sid="648" ssid="648"></S>
  <S sid="649" ssid="649"></S>
  <S sid="650" ssid="650"></S>
  <S sid="651" ssid="651"></S>
  <S sid="652" ssid="652"></S>
  <S sid="653" ssid="653"></S>
  <S sid="654" ssid="654"></S>
  <S sid="655" ssid="655"></S>
  <S sid="656" ssid="656"></S>
  <S sid="657" ssid="657"></S>
  <S sid="658" ssid="658"></S>
  <S sid="659" ssid="659"></S>
  <S sid="660" ssid="660"></S>
  <S sid="661" ssid="661"></S>
  <S sid="662" ssid="662"></S>
  <S sid="663" ssid="663"></S>
  <S sid="664" ssid="664"></S>
  <S sid="665" ssid="665"></S>
  <S sid="666" ssid="666"></S>
  <S sid="667" ssid="667"></S>
  <S sid="668" ssid="668"></S>
  <S sid="669" ssid="669"></S>
  <S sid="670" ssid="670"></S>
  <S sid="671" ssid="671"></S>
  <S sid="672" ssid="672"></S>
  <S sid="673" ssid="673"></S>
  <S sid="674" ssid="674"></S>
  <S sid="675" ssid="675"></S>
  <S sid="676" ssid="676"></S>
  <S sid="677" ssid="677"></S>
  <S sid="678" ssid="678"></S>
  <S sid="679" ssid="679"></S>
  <S sid="680" ssid="680"></S>
  <S sid="681" ssid="681"></S>
  <S sid="682" ssid="682"></S>
  <S sid="683" ssid="683"></S>
  <S sid="684" ssid="684"></S>
  <S sid="685" ssid="685"></S>
  <S sid="686" ssid="686"></S>
  <S sid="687" ssid="687"></S>
  <S sid="688" ssid="688"></S>
  <S sid="689" ssid="689"></S>
  <S sid="690" ssid="690"></S>
  <S sid="691" ssid="691"></S>
  <S sid="692" ssid="692"></S>
  <S sid="693" ssid="693"></S>
  <S sid="694" ssid="694"></S>
  <S sid="695" ssid="695"></S>
  <S sid="696" ssid="696"></S>
  <S sid="697" ssid="697"></S>
  <S sid="698" ssid="698"></S>
  <S sid="699" ssid="699"></S>
  <S sid="700" ssid="700"></S>
  <S sid="701" ssid="701"></S>
  <S sid="702" ssid="702"></S>
  <S sid="703" ssid="703"></S>
  <S sid="704" ssid="704"></S>
  <S sid="705" ssid="705"></S>
  <S sid="706" ssid="706"></S>
  <S sid="707" ssid="707"></S>
  <S sid="708" ssid="708"></S>
  <S sid="709" ssid="709"></S>
  <S sid="710" ssid="710">ff ?????v?v?j???</S>
  <S sid="711" ssid="711"></S>
  <S sid="712" ssid="712"></S>
  <S sid="713" ssid="713"></S>
  <S sid="714" ssid="714"></S>
  <S sid="715" ssid="715"></S>
  <S sid="716" ssid="716"></S>
  <S sid="717" ssid="717"></S>
  <S sid="718" ssid="718"></S>
  <S sid="719" ssid="719"></S>
  <S sid="720" ssid="720"></S>
  <S sid="721" ssid="721"></S>
  <S sid="722" ssid="722"></S>
  <S sid="723" ssid="723"></S>
  <S sid="724" ssid="724"></S>
  <S sid="725" ssid="725"></S>
  <S sid="726" ssid="726"></S>
  <S sid="727" ssid="727"></S>
  <S sid="728" ssid="728"></S>
  <S sid="729" ssid="729"></S>
  <S sid="730" ssid="730"></S>
  <S sid="731" ssid="731"></S>
  <S sid="732" ssid="732"></S>
  <S sid="733" ssid="733"></S>
  <S sid="734" ssid="734"></S>
  <S sid="735" ssid="735"></S>
  <S sid="736" ssid="736"></S>
  <S sid="737" ssid="737"></S>
  <S sid="738" ssid="738"></S>
  <S sid="739" ssid="739"></S>
  <S sid="740" ssid="740"></S>
  <S sid="741" ssid="741"></S>
  <S sid="742" ssid="742"></S>
  <S sid="743" ssid="743"></S>
  <S sid="744" ssid="744"></S>
  <S sid="745" ssid="745"></S>
  <S sid="746" ssid="746"></S>
  <S sid="747" ssid="747"></S>
  <S sid="748" ssid="748"></S>
  <S sid="749" ssid="749">i:9 dfehg i ?v?</S>
  <S sid="750" ssid="750"></S>
  <S sid="751" ssid="751"></S>
  <S sid="752" ssid="752"></S>
  <S sid="753" ssid="753"></S>
  <S sid="754" ssid="754"></S>
  <S sid="755" ssid="755"></S>
  <S sid="756" ssid="756"></S>
  <S sid="757" ssid="757"></S>
  <S sid="758" ssid="758"></S>
  <S sid="759" ssid="759"></S>
  <S sid="760" ssid="760"></S>
  <S sid="761" ssid="761"></S>
  <S sid="762" ssid="762"></S>
  <S sid="763" ssid="763"></S>
  <S sid="764" ssid="764"></S>
  <S sid="765" ssid="765"></S>
  <S sid="766" ssid="766"></S>
  <S sid="767" ssid="767"></S>
  <S sid="768" ssid="768"></S>
  <S sid="769" ssid="769"></S>
  <S sid="770" ssid="770"></S>
  <S sid="771" ssid="771"></S>
  <S sid="772" ssid="772"></S>
  <S sid="773" ssid="773"></S>
  <S sid="774" ssid="774"></S>
  <S sid="775" ssid="775"></S>
  <S sid="776" ssid="776"></S>
  <S sid="777" ssid="777"></S>
  <S sid="778" ssid="778"></S>
  <S sid="779" ssid="779"></S>
  <S sid="780" ssid="780"></S>
  <S sid="781" ssid="781"></S>
  <S sid="782" ssid="782">?H?j?flfi ff ?ff?D??</S>
  <S sid="783" ssid="783"></S>
  <S sid="784" ssid="784"></S>
  <S sid="785" ssid="785"></S>
  <S sid="786" ssid="786"></S>
  <S sid="787" ssid="787"></S>
  <S sid="788" ssid="788"></S>
  <S sid="789" ssid="789">?????ffi???]???3?v?</S>
  <S sid="790" ssid="790"></S>
  <S sid="791" ssid="791"></S>
  <S sid="792" ssid="792"></S>
  <S sid="793" ssid="793"></S>
  <S sid="794" ssid="794"></S>
  <S sid="795" ssid="795"></S>
  <S sid="796" ssid="796"></S>
  <S sid="797" ssid="797"></S>
  <S sid="798" ssid="798"></S>
  <S sid="799" ssid="799"></S>
  <S sid="800" ssid="800"></S>
  <S sid="801" ssid="801"></S>
  <S sid="802" ssid="802"></S>
  <S sid="803" ssid="803"></S>
  <S sid="804" ssid="804"></S>
  <S sid="805" ssid="805"></S>
  <S sid="806" ssid="806"></S>
  <S sid="807" ssid="807"></S>
  <S sid="808" ssid="808"></S>
  <S sid="809" ssid="809"></S>
  <S sid="810" ssid="810"></S>
  <S sid="811" ssid="811"></S>
  <S sid="812" ssid="812"></S>
  <S sid="813" ssid="813"></S>
  <S sid="814" ssid="814"></S>
  <S sid="815" ssid="815"></S>
  <S sid="816" ssid="816"></S>
  <S sid="817" ssid="817"></S>
  <S sid="818" ssid="818">p?[?*?????H?v?a?</S>
  <S sid="819" ssid="819"></S>
  <S sid="820" ssid="820"></S>
  <S sid="821" ssid="821"></S>
  <S sid="822" ssid="822"></S>
  <S sid="823" ssid="823"></S>
  <S sid="824" ssid="824"></S>
  <S sid="825" ssid="825"></S>
  <S sid="826" ssid="826"></S>
  <S sid="827" ssid="827"></S>
  <S sid="828" ssid="828">???Cfi??[?????????</S>
  <S sid="829" ssid="829"></S>
  <S sid="830" ssid="830"></S>
  <S sid="831" ssid="831"></S>
  <S sid="832" ssid="832"></S>
  <S sid="833" ssid="833">&lt;]?????????j?flfiL??????</S>
  <S sid="834" ssid="834"></S>
  <S sid="835" ssid="835"></S>
  <S sid="836" ssid="836"></S>
  <S sid="837" ssid="837"></S>
  <S sid="838" ssid="838"></S>
  <S sid="839" ssid="839"></S>
  <S sid="840" ssid="840"></S>
  <S sid="841" ssid="841"></S>
  <S sid="842" ssid="842"></S>
  <S sid="843" ssid="843"></S>
  <S sid="844" ssid="844"></S>
  <S sid="845" ssid="845"></S>
  <S sid="846" ssid="846"></S>
  <S sid="847" ssid="847"></S>
  <S sid="848" ssid="848"></S>
  <S sid="849" ssid="849"></S>
  <S sid="850" ssid="850"></S>
  <S sid="851" ssid="851"></S>
  <S sid="852" ssid="852"></S>
  <S sid="853" ssid="853"></S>
  <S sid="854" ssid="854"></S>
  <S sid="855" ssid="855"></S>
  <S sid="856" ssid="856"></S>
  <S sid="857" ssid="857"></S>
  <S sid="858" ssid="858"></S>
  <S sid="859" ssid="859"></S>
  <S sid="860" ssid="860"></S>
  <S sid="861" ssid="861"></S>
  <S sid="862" ssid="862"></S>
  <S sid="863" ssid="863"></S>
  <S sid="864" ssid="864"></S>
  <S sid="865" ssid="865"></S>
  <S sid="866" ssid="866"></S>
  <S sid="867" ssid="867"></S>
  <S sid="868" ssid="868"></S>
  <S sid="869" ssid="869"></S>
  <S sid="870" ssid="870"></S>
  <S sid="871" ssid="871"></S>
  <S sid="872" ssid="872"></S>
  <S sid="873" ssid="873"></S>
  <S sid="874" ssid="874"></S>
  <S sid="875" ssid="875"></S>
  <S sid="876" ssid="876"></S>
  <S sid="877" ssid="877"></S>
  <S sid="878" ssid="878"></S>
  <S sid="879" ssid="879"></S>
  <S sid="880" ssid="880"></S>
  <S sid="881" ssid="881"></S>
  <S sid="882" ssid="882">?????v???????v?</S>
  <S sid="883" ssid="883"></S>
  <S sid="884" ssid="884"></S>
  <S sid="885" ssid="885"></S>
  <S sid="886" ssid="886"></S>
  <S sid="887" ssid="887"></S>
  <S sid="888" ssid="888"></S>
  <S sid="889" ssid="889"></S>
  <S sid="890" ssid="890"></S>
  <S sid="891" ssid="891"></S>
  <S sid="892" ssid="892"></S>
  <S sid="893" ssid="893"></S>
  <S sid="894" ssid="894"></S>
  <S sid="895" ssid="895"></S>
  <S sid="896" ssid="896">1 ndet la t det sg 2 subj France noun propn sg 3 top is verb vpres sg 4 ndet the det sg 5 nadj first adj 6 pred country noun cn sg 7 nadj western adj ?la t France is the first country western?</S>
  <S sid="897" ssid="897"></S>
  <S sid="898" ssid="898"></S>
  <S sid="899" ssid="899"></S>
  <S sid="900" ssid="900">?????#???v?$???j?d?j?????????D?</S>
  <S sid="901" ssid="901"></S>
  <S sid="902" ssid="902"></S>
  <S sid="903" ssid="903"></S>
  <S sid="904" ssid="904"></S>
  <S sid="905" ssid="905"></S>
  <S sid="906" ssid="906"></S>
  <S sid="907" ssid="907"></S>
  <S sid="908" ssid="908"></S>
  <S sid="909" ssid="909"></S>
  <S sid="910" ssid="910"></S>
  <S sid="911" ssid="911"></S>
  <S sid="912" ssid="912"></S>
  <S sid="913" ssid="913"></S>
  <S sid="914" ssid="914"></S>
  <S sid="915" ssid="915"></S>
  <S sid="916" ssid="916"></S>
  <S sid="917" ssid="917"></S>
  <S sid="918" ssid="918">?H?j?|# ?j???[?</S>
  <S sid="919" ssid="919"></S>
  <S sid="920" ssid="920"></S>
  <S sid="921" ssid="921"></S>
  <S sid="922" ssid="922"></S>
  <S sid="923" ssid="923"></S>
  <S sid="924" ssid="924"></S>
  <S sid="925" ssid="925"></S>
  <S sid="926" ssid="926"></S>
  <S sid="927" ssid="927"></S>
  <S sid="928" ssid="928"></S>
  <S sid="929" ssid="929"></S>
  <S sid="930" ssid="930"></S>
  <S sid="931" ssid="931"></S>
  <S sid="932" ssid="932"></S>
  <S sid="933" ssid="933"></S>
  <S sid="934" ssid="934"></S>
  <S sid="935" ssid="935"></S>
  <S sid="936" ssid="936"></S>
  <S sid="937" ssid="937"></S>
  <S sid="938" ssid="938"></S>
  <S sid="939" ssid="939"></S>
  <S sid="940" ssid="940">?????H?U?????S?</S>
  <S sid="941" ssid="941"></S>
  <S sid="942" ssid="942"></S>
  <S sid="943" ssid="943"></S>
  <S sid="944" ssid="944">?D???ffi????D?3???ff???</S>
  <S sid="945" ssid="945"></S>
  <S sid="946" ssid="946">0??v?ff?[?f?????j??</S>
  <S sid="947" ssid="947"></S>
  <S sid="948" ssid="948"></S>
  <S sid="949" ssid="949"></S>
  <S sid="950" ssid="950"></S>
  <S sid="951" ssid="951"></S>
  <S sid="952" ssid="952"></S>
  <S sid="953" ssid="953"></S>
  <S sid="954" ssid="954"></S>
  <S sid="955" ssid="955"></S>
  <S sid="956" ssid="956"></S>
  <S sid="957" ssid="957"></S>
  <S sid="958" ssid="958"></S>
  <S sid="959" ssid="959"></S>
  <S sid="960" ssid="960"></S>
  <S sid="961" ssid="961"></S>
  <S sid="962" ssid="962"></S>
  <S sid="963" ssid="963"></S>
  <S sid="964" ssid="964"></S>
  <S sid="965" ssid="965"></S>
  <S sid="966" ssid="966"></S>
  <S sid="967" ssid="967">?aAh/^t[]p=/g@h?b/g@^ r4djoWh/g?</S>
  <S sid="968" ssid="968"></S>
  <S sid="969" ssid="969"></S>
  <S sid="970" ssid="970"></S>
  <S sid="971" ssid="971"></S>
  <S sid="972" ssid="972"></S>
  <S sid="973" ssid="973"></S>
  <S sid="974" ssid="974"></S>
  <S sid="975" ssid="975"></S>
  <S sid="976" ssid="976"></S>
  <S sid="977" ssid="977"></S>
  <S sid="978" ssid="978">?????????v?j?flfis??</S>
  <S sid="979" ssid="979"></S>
  <S sid="980" ssid="980"></S>
  <S sid="981" ssid="981"></S>
  <S sid="982" ssid="982"></S>
  <S sid="983" ssid="983"></S>
  <S sid="984" ssid="984"></S>
  <S sid="985" ssid="985"></S>
  <S sid="986" ssid="986"></S>
  <S sid="987" ssid="987"></S>
  <S sid="988" ssid="988">?????????????v?</S>
  <S sid="989" ssid="989"></S>
  <S sid="990" ssid="990"></S>
  <S sid="991" ssid="991">?v?j2&#13;Gffi?c?ff??</S>
  <S sid="992" ssid="992"></S>
  <S sid="993" ssid="993"></S>
  <S sid="994" ssid="994"></S>
  <S sid="995" ssid="995"></S>
  <S sid="996" ssid="996"></S>
  <S sid="997" ssid="997"></S>
  <S sid="998" ssid="998"></S>
  <S sid="999" ssid="999"></S>
  <S sid="1000" ssid="1000"></S>
  <S sid="1001" ssid="1001"></S>
  <S sid="1002" ssid="1002"></S>
  <S sid="1003" ssid="1003"></S>
  <S sid="1004" ssid="1004"></S>
  <S sid="1005" ssid="1005"></S>
  <S sid="1006" ssid="1006"></S>
  <S sid="1007" ssid="1007"></S>
  <S sid="1008" ssid="1008"></S>
  <S sid="1009" ssid="1009"></S>
  <S sid="1010" ssid="1010"></S>
  <S sid="1011" ssid="1011"></S>
  <S sid="1012" ssid="1012">ff ?????s?????????v?j?flfi????</S>
  <S sid="1013" ssid="1013"></S>
  <S sid="1014" ssid="1014"></S>
  <S sid="1015" ssid="1015"></S>
  <S sid="1016" ssid="1016"></S>
  <S sid="1017" ssid="1017"></S>
  <S sid="1018" ssid="1018"></S>
  <S sid="1019" ssid="1019">?v?KP ???S?????</S>
  <S sid="1020" ssid="1020"></S>
  <S sid="1021" ssid="1021"></S>
  <S sid="1022" ssid="1022"></S>
  <S sid="1023" ssid="1023"></S>
  <S sid="1024" ssid="1024"></S>
  <S sid="1025" ssid="1025"></S>
  <S sid="1026" ssid="1026"></S>
  <S sid="1027" ssid="1027"></S>
  <S sid="1028" ssid="1028"></S>
  <S sid="1029" ssid="1029"></S>
  <S sid="1030" ssid="1030"></S>
  <S sid="1031" ssid="1031"></S>
  <S sid="1032" ssid="1032"></S>
  <S sid="1033" ssid="1033"></S>
  <S sid="1034" ssid="1034"></S>
  <S sid="1035" ssid="1035"></S>
  <S sid="1036" ssid="1036"></S>
  <S sid="1037" ssid="1037"></S>
  <S sid="1038" ssid="1038"></S>
  <S sid="1039" ssid="1039"></S>
  <S sid="1040" ssid="1040"></S>
  <S sid="1041" ssid="1041"></S>
  <S sid="1042" ssid="1042"></S>
  <S sid="1043" ssid="1043"></S>
  <S sid="1044" ssid="1044"></S>
  <S sid="1045" ssid="1045"></S>
  <S sid="1046" ssid="1046"></S>
  <S sid="1047" ssid="1047"></S>
  <S sid="1048" ssid="1048"></S>
  <S sid="1049" ssid="1049"></S>
  <S sid="1050" ssid="1050"></S>
  <S sid="1051" ssid="1051"></S>
  <S sid="1052" ssid="1052"></S>
  <S sid="1053" ssid="1053">?H?[?v???????v???</S>
  <S sid="1054" ssid="1054"></S>
  <S sid="1055" ssid="1055"></S>
  <S sid="1056" ssid="1056"></S>
  <S sid="1057" ssid="1057"></S>
  <S sid="1058" ssid="1058">???0???j?j?a?&lt;???v?</S>
  <S sid="1059" ssid="1059"></S>
  <S sid="1060" ssid="1060">?j?&lt;???v???+#??H???v?????[?v?j?????</S>
  <S sid="1061" ssid="1061"></S>
  <S sid="1062" ssid="1062"></S>
  <S sid="1063" ssid="1063"></S>
  <S sid="1064" ssid="1064"></S>
  <S sid="1065" ssid="1065"></S>
  <S sid="1066" ssid="1066"></S>
  <S sid="1067" ssid="1067"></S>
  <S sid="1068" ssid="1068"></S>
  <S sid="1069" ssid="1069"></S>
  <S sid="1070" ssid="1070"></S>
  <S sid="1071" ssid="1071"></S>
  <S sid="1072" ssid="1072"></S>
  <S sid="1073" ssid="1073"></S>
  <S sid="1074" ssid="1074"></S>
  <S sid="1075" ssid="1075">?[???????????f?</S>
  <S sid="1076" ssid="1076">?[???????[???f?</S>
  <S sid="1077" ssid="1077"></S>
  <S sid="1078" ssid="1078"></S>
  <S sid="1079" ssid="1079"></S>
  <S sid="1080" ssid="1080"></S>
  <S sid="1081" ssid="1081"></S>
  <S sid="1082" ssid="1082"></S>
  <S sid="1083" ssid="1083"></S>
  <S sid="1084" ssid="1084"></S>
  <S sid="1085" ssid="1085">?j?ff?????j?flfi????v?</S>
  <S sid="1086" ssid="1086"></S>
  <S sid="1087" ssid="1087"></S>
  <S sid="1088" ssid="1088"></S>
  <S sid="1089" ssid="1089"></S>
  <S sid="1090" ssid="1090"></S>
  <S sid="1091" ssid="1091"></S>
  <S sid="1092" ssid="1092"></S>
  <S sid="1093" ssid="1093"></S>
  <S sid="1094" ssid="1094"></S>
  <S sid="1095" ssid="1095"></S>
  <S sid="1096" ssid="1096"></S>
  <S sid="1097" ssid="1097"></S>
  <S sid="1098" ssid="1098"></S>
  <S sid="1099" ssid="1099"></S>
  <S sid="1100" ssid="1100"></S>
  <S sid="1101" ssid="1101"></S>
  <S sid="1102" ssid="1102">&lt;]?j?????0???v????H?v???</S>
  <S sid="1103" ssid="1103"></S>
  <S sid="1104" ssid="1104"></S>
  <S sid="1105" ssid="1105"></S>
  <S sid="1106" ssid="1106"></S>
  <S sid="1107" ssid="1107"></S>
  <S sid="1108" ssid="1108">???=&lt;[?$???????</S>
  <S sid="1109" ssid="1109"></S>
  <S sid="1110" ssid="1110"></S>
  <S sid="1111" ssid="1111"></S>
  <S sid="1112" ssid="1112"></S>
  <S sid="1113" ssid="1113"></S>
  <S sid="1114" ssid="1114"></S>
  <S sid="1115" ssid="1115"></S>
  <S sid="1116" ssid="1116"></S>
  <S sid="1117" ssid="1117"></S>
  <S sid="1118" ssid="1118"></S>
  <S sid="1119" ssid="1119"></S>
  <S sid="1120" ssid="1120">?j?flfi ff ?????v?v?j?]??</S>
  <S sid="1121" ssid="1121"></S>
  <S sid="1122" ssid="1122"></S>
  <S sid="1123" ssid="1123"></S>
  <S sid="1124" ssid="1124"></S>
  <S sid="1125" ssid="1125"></S>
  <S sid="1126" ssid="1126"></S>
  <S sid="1127" ssid="1127"></S>
  <S sid="1128" ssid="1128"></S>
  <S sid="1129" ssid="1129"></S>
  <S sid="1130" ssid="1130"></S>
  <S sid="1131" ssid="1131"></S>
  <S sid="1132" ssid="1132"></S>
  <S sid="1133" ssid="1133"></S>
  <S sid="1134" ssid="1134"></S>
  <S sid="1135" ssid="1135"></S>
  <S sid="1136" ssid="1136"></S>
  <S sid="1137" ssid="1137"></S>
  <S sid="1138" ssid="1138"></S>
  <S sid="1139" ssid="1139"></S>
  <S sid="1140" ssid="1140"></S>
  <S sid="1141" ssid="1141"></S>
  <S sid="1142" ssid="1142"></S>
  <S sid="1143" ssid="1143"></S>
  <S sid="1144" ssid="1144"></S>
  <S sid="1145" ssid="1145"></S>
  <S sid="1146" ssid="1146"></S>
  <S sid="1147" ssid="1147"></S>
  <S sid="1148" ssid="1148"></S>
  <S sid="1149" ssid="1149"></S>
  <S sid="1150" ssid="1150"></S>
  <S sid="1151" ssid="1151"></S>
  <S sid="1152" ssid="1152"></S>
  <S sid="1153" ssid="1153"></S>
  <S sid="1154" ssid="1154"></S>
  <S sid="1155" ssid="1155"></S>
  <S sid="1156" ssid="1156"></S>
  <S sid="1157" ssid="1157"></S>
  <S sid="1158" ssid="1158"></S>
  <S sid="1159" ssid="1159"></S>
  <S sid="1160" ssid="1160"></S>
  <S sid="1161" ssid="1161"></S>
  <S sid="1162" ssid="1162"></S>
  <S sid="1163" ssid="1163"></S>
  <S sid="1164" ssid="1164"></S>
  <S sid="1165" ssid="1165"></S>
  <S sid="1166" ssid="1166"></S>
  <S sid="1167" ssid="1167"></S>
  <S sid="1168" ssid="1168"></S>
  <S sid="1169" ssid="1169"></S>
  <S sid="1170" ssid="1170"></S>
  <S sid="1171" ssid="1171"></S>
  <S sid="1172" ssid="1172"></S>
  <S sid="1173" ssid="1173"></S>
  <S sid="1174" ssid="1174"></S>
  <S sid="1175" ssid="1175"></S>
  <S sid="1176" ssid="1176"></S>
  <S sid="1177" ssid="1177"></S>
  <S sid="1178" ssid="1178"></S>
  <S sid="1179" ssid="1179"></S>
  <S sid="1180" ssid="1180"></S>
  <S sid="1181" ssid="1181"></S>
  <S sid="1182" ssid="1182"></S>
  <S sid="1183" ssid="1183"></S>
  <S sid="1184" ssid="1184"></S>
  <S sid="1185" ssid="1185"></S>
  <S sid="1186" ssid="1186"></S>
  <S sid="1187" ssid="1187"></S>
  <S sid="1188" ssid="1188"></S>
  <S sid="1189" ssid="1189"></S>
  <S sid="1190" ssid="1190"></S>
  <S sid="1191" ssid="1191"></S>
  <S sid="1192" ssid="1192"></S>
  <S sid="1193" ssid="1193"></S>
  <S sid="1194" ssid="1194"></S>
  <S sid="1195" ssid="1195"></S>
  <S sid="1196" ssid="1196"></S>
  <S sid="1197" ssid="1197"></S>
  <S sid="1198" ssid="1198"></S>
  <S sid="1199" ssid="1199"></S>
  <S sid="1200" ssid="1200"></S>
  <S sid="1201" ssid="1201"></S>
  <S sid="1202" ssid="1202"></S>
  <S sid="1203" ssid="1203"></S>
  <S sid="1204" ssid="1204"></S>
  <S sid="1205" ssid="1205"></S>
  <S sid="1206" ssid="1206"></S>
  <S sid="1207" ssid="1207"></S>
  <S sid="1208" ssid="1208"></S>
  <S sid="1209" ssid="1209"></S>
  <S sid="1210" ssid="1210"></S>
  <S sid="1211" ssid="1211"></S>
  <S sid="1212" ssid="1212"></S>
  <S sid="1213" ssid="1213"></S>
  <S sid="1214" ssid="1214"></S>
  <S sid="1215" ssid="1215"></S>
  <S sid="1216" ssid="1216"></S>
  <S sid="1217" ssid="1217"></S>
  <S sid="1218" ssid="1218"></S>
  <S sid="1219" ssid="1219"></S>
  <S sid="1220" ssid="1220"></S>
  <S sid="1221" ssid="1221"></S>
  <S sid="1222" ssid="1222"></S>
  <S sid="1223" ssid="1223"></S>
  <S sid="1224" ssid="1224"></S>
  <S sid="1225" ssid="1225"></S>
  <S sid="1226" ssid="1226"></S>
  <S sid="1227" ssid="1227"></S>
  <S sid="1228" ssid="1228"></S>
  <S sid="1229" ssid="1229"></S>
  <S sid="1230" ssid="1230"></S>
  <S sid="1231" ssid="1231"></S>
  <S sid="1232" ssid="1232"></S>
  <S sid="1233" ssid="1233"></S>
  <S sid="1234" ssid="1234"></S>
  <S sid="1235" ssid="1235"></S>
  <S sid="1236" ssid="1236"></S>
  <S sid="1237" ssid="1237"></S>
  <S sid="1238" ssid="1238"></S>
  <S sid="1239" ssid="1239"></S>
  <S sid="1240" ssid="1240"></S>
  <S sid="1241" ssid="1241"></S>
  <S sid="1242" ssid="1242"></S>
  <S sid="1243" ssid="1243"></S>
  <S sid="1244" ssid="1244"></S>
  <S sid="1245" ssid="1245"></S>
  <S sid="1246" ssid="1246"></S>
  <S sid="1247" ssid="1247"></S>
  <S sid="1248" ssid="1248"></S>
  <S sid="1249" ssid="1249"></S>
  <S sid="1250" ssid="1250"></S>
  <S sid="1251" ssid="1251"></S>
  <S sid="1252" ssid="1252"></S>
  <S sid="1253" ssid="1253"></S>
  <S sid="1254" ssid="1254"></S>
</PAPER>
