[
  {
    "citance_No": 1, 
    "citing_paper_id": "W04-3219", 
    "citing_paper_authority": 64, 
    "citing_paper_authors": "Chris, Quirk | Chris, Brockett | William B., Dolan", 
    "raw_text": "We are currently experimenting with data extracted from the first two sentences in each article, which by journalistic convention tend to summarize con tent (Dolan et al 2004)", 
    "clean_text": "We are currently experimenting with data extracted from the first two sentences in each article, which by journalistic convention tend to summarize content (Dolan et al 2004).", 
    "keep_for_gold": 0
  }, 
  {
    "citance_No": 2, 
    "citing_paper_id": "P14-1114", 
    "citing_paper_authority": 1, 
    "citing_paper_authors": "Islam, Beltagy | Katrin, Erk | Raymond J., Mooney", 
    "raw_text": "The dataset is 5,801 pairs of sentences collected from news sources (Dolan et al, 2004)", 
    "clean_text": "The dataset is 5,801 pairs of sentences collected from news sources (Dolan et al, 2004).", 
    "keep_for_gold": 0
  }, 
  {
    "citance_No": 3, 
    "citing_paper_id": "I05-5001", 
    "citing_paper_authority": 8, 
    "citing_paper_authors": "Chris, Brockett | William B., Dolan", 
    "raw_text": "The F2 dataset was constructed from the first two sentences of the corpus on the same assumptions as those used in Dolan et al (2004)", 
    "clean_text": "The F2 dataset was constructed from the first two sentences of the corpus on the same assumptions as those used in Dolan et al (2004).", 
    "keep_for_gold": 0
  }, 
  {
    "citance_No": 4, 
    "citing_paper_id": "D12-1050", 
    "citing_paper_authority": 25, 
    "citing_paper_authors": "William, Blacoe | Mirella, Lapata", 
    "raw_text": "For these reasons, we used the Microsoft Research Paraphrase Corpus (MSRPC) introduced by Dolan et al2004)", 
    "clean_text": "For these reasons, we used the Microsoft Research Paraphrase Corpus (MSRPC) introduced by Dolan et al2004).", 
    "keep_for_gold": 1
  }, 
  {
    "citance_No": 5, 
    "citing_paper_id": "N12-1019", 
    "citing_paper_authority": 7, 
    "citing_paper_authors": "Joel R., Tetreault | Nitin, Madnani | Martin, Chodorow", 
    "raw_text": "We employ 8 different MT metrics for identifying paraphrases across two different datasets the well-known Microsoft Research paraphrase corpus (MSRP) (Dolan et al, 2004) and the plagiarism detection corpus (PAN) from the 2010 Uncovering Plagiarism, Authorship and Social Software Misuse shared task (Potthast et al, 2010)", 
    "clean_text": "We employ 8 different MT metrics for identifying paraphrases across two different datasets the well-known Microsoft Research paraphrase corpus (MSRP) (Dolan et al, 2004) and the plagiarism detection corpus (PAN) from the 2010 Uncovering Plagiarism, Authorship and Social Software Misuse shared task (Potthast et al, 2010).", 
    "keep_for_gold": 0
  }, 
  {
    "citance_No": 6, 
    "citing_paper_id": "E06-1021", 
    "citing_paper_authority": 14, 
    "citing_paper_authors": "Rani, Nelken | Stuart M., Shieber", 
    "raw_text": "For instance, with the ad vent of news aggregator services such as? GoogleNews?, one can readily collect multiple news stories covering the same news item (Dolan et al,2004)", 
    "clean_text": "For instance, with the advent of news aggregator services such as GoogleNews, one can readily collect multiple news stories covering the same news item (Dolan et al,2004).", 
    "keep_for_gold": 0
  }, 
  {
    "citance_No": 7, 
    "citing_paper_id": "E06-1021", 
    "citing_paper_authority": 14, 
    "citing_paper_authors": "Rani, Nelken | Stuart M., Shieber", 
    "raw_text": "Dolan et al (2004) used Web-aggregated news stories to learn both sentence-level and word-level alignments", 
    "clean_text": "Dolan et al (2004) used Web-aggregated news stories to learn both sentence-level and word-level alignments.", 
    "keep_for_gold": 1
  }, 
  {
    "citance_No": 8, 
    "citing_paper_id": "C08-1053", 
    "citing_paper_authority": 1, 
    "citing_paper_authors": "Sophia, Katrenko | Pieter, Adriaans", 
    "raw_text": "Levenshtein distance has been used in natural language processing field as a component in the variety of tasks, including semantic role labeling (Tjong Kim Sang et al, 2005) ,construction of the paraphrase corpora (Dolan et al, 2004), evaluation of machine translation output (Leusch et al, 2003), and others", 
    "clean_text": "Levenshtein distance has been used in natural language processing field as a component in the variety of tasks, including semantic role labeling (Tjong Kim Sang et al, 2005), construction of the paraphrase corpora (Dolan et al, 2004), evaluation of machine translation output (Leusch et al, 2003), and others.", 
    "keep_for_gold": 0
  }, 
  {
    "citance_No": 9, 
    "citing_paper_id": "W08-0906", 
    "citing_paper_authority": 3, 
    "citing_paper_authors": "Delphine, Bernhard | Iryna, Gurevych", 
    "raw_text": "There exist many different string similarity measures: word overlap (Tomuro and Lytinen, 2004), longest common subsequence (Islam and Inkpen, 2007), Levenshtein edit distance (Dolan et al, 2004), word n-gram overlap (Barzilay and Lee, 2003) etc. Semantic similarity measures are obtained by first computing the semantic similarity of the words contained in the sentences being compared", 
    "clean_text": "", 
    "keep_for_gold": 0
  }, 
  {
    "citance_No": 10, 
    "citing_paper_id": "D09-1040", 
    "citing_paper_authority": 21, 
    "citing_paper_authors": "Yuval, Marton | Chris, Callison-Burch | Philip, Resnik", 
    "raw_text": "In addition to the parallel corpus usage limitations described above, this technique is further limited by the small size of such materials, which are even scarcer than the resources in the pivoting case. Dolan et al (2004) explore generating paraphrases by edit-distance and headlines of time and topic-clustered news articles; they do not ad dress the OOV problem directly, as their focus is sentence-level paraphrases; although they use a standard SMT measure, alignment error rate (AER), they only report results of the alignment quality, and not of an end-to-end SMT system", 
    "clean_text": "", 
    "keep_for_gold": 0
  }, 
  {
    "citance_No": 11, 
    "citing_paper_id": "D12-1084", 
    "citing_paper_authority": 0, 
    "citing_paper_authors": "Michaela, Regneri | Rui, Wang", 
    "raw_text": "Discourse structure has only marginally been considered for this task: For example, Dolan et al2004) extract the first sentences from comparable articles and take them as paraphrases", 
    "clean_text": "", 
    "keep_for_gold": 0
  }, 
  {
    "citance_No": 12, 
    "citing_paper_id": "W11-1208", 
    "citing_paper_authority": 2, 
    "citing_paper_authors": "Rui, Wang | Chris, Callison-Burch", 
    "raw_text": "Although the F2 heuristic proposed by Dolan et al (2004), which takes the first two sentences of each document pair, obtains higher relatedness score (we evaluated F2 sentences as 50% paraphrases, 37% related, and 13% unrelated), our n-gram overlap method extracted much more sentence pairs per document pair", 
    "clean_text": "Although the F2 heuristic proposed by Dolan et al (2004), which takes the first two sentences of each document pair, obtains higher relatedness score (we evaluated F2 sentences as 50% paraphrases, 37% related, and 13% unrelated), our n-gram overlap method extracted much more sentence pairs per document pair.", 
    "keep_for_gold": 0
  }, 
  {
    "citance_No": 13, 
    "citing_paper_id": "P12-1091", 
    "citing_paper_authority": 14, 
    "citing_paper_authors": "Weiwei, Guo | Mona, Diab", 
    "raw_text": "the Microsoft Research Paraphrase Cor pus (Dolan et al, 2004) [MSR04]", 
    "clean_text": "the Microsoft Research Paraphrase Corpus (Dolan et al, 2004) [MSR04].", 
    "keep_for_gold": 0
  }, 
  {
    "citance_No": 14, 
    "citing_paper_id": "E12-1002", 
    "citing_paper_authority": 0, 
    "citing_paper_authors": "Spyros, Martzoukos | Christof, Monz", 
    "raw_text": "Although they need not be integers, the main challenge is the type of the underlying distributions; it should ideally emulate the resulting count distributions from the phrase extraction stage of a monolingual parallel corpus (Dolan et al 2004)", 
    "clean_text": "", 
    "keep_for_gold": 0
  }, 
  {
    "citance_No": 15, 
    "citing_paper_id": "P14-1133", 
    "citing_paper_authority": 4, 
    "citing_paper_authors": "Jonathan, Berant | Percy, Liang", 
    "raw_text": "In contrast, traditional paraphrase detection (Dolan et al, 2004) and Recognizing Textual Entailment (RTE) tasks (Dagan et al., 2013) consider examples consisting of only a single pair of candidate paraphrases. Our paraphrase model decomposes into an association model and a vector space model:? pr (x, c)& gt;? pr=? as (x, c)& gt;? as+? vs (x, c)& gt;? vs. x: What type of music did Richard Wagner play c: What is the musical genres of Richard Wagner Figure 3: Token associations extracted for a paraphrase pair", 
    "clean_text": "In contrast, traditional paraphrase detection (Dolan et al, 2004) and Recognizing Textual Entailment (RTE) tasks (Dagan et al., 2013) consider examples consisting of only a single pair of candidate paraphrases.", 
    "keep_for_gold": 0
  }, 
  {
    "citance_No": 16, 
    "citing_paper_id": "C10-1046", 
    "citing_paper_authority": 1, 
    "citing_paper_authors": "Gintar&egrave;, Grigonyt&egrave; | Jo&atilde;o Paulo, Cordeiro | Ga&euml;l, Dias | Rumen, Moraliyski | Pavel, Brazdil", 
    "raw_text": "A few unsupervised metrics have been applied to automatic paraphrase identification and extraction (Barzilay and McKeown, 2001) and (Dolan et al,2004)", 
    "clean_text": "A few unsupervised metrics have been applied to automatic paraphrase identification and extraction (Barzilay and McKeown, 2001) and (Dolan et al,2004).", 
    "keep_for_gold": 0
  }, 
  {
    "citance_No": 17, 
    "citing_paper_id": "C10-1046", 
    "citing_paper_authority": 1, 
    "citing_paper_authors": "Gintar&egrave;, Grigonyt&egrave; | Jo&atilde;o Paulo, Cordeiro | Ga&euml;l, Dias | Rumen, Moraliyski | Pavel, Brazdil", 
    "raw_text": "More recently, (Cordeiro et al, 2007a) proposed the sumo metric specially designed for asymmetrical entailed pair identification in corpora which obtained better performance than previously established metrics, even in corpora with exclusively symmetrical entailed paraphrases as in the Microsoft Paraphrase Research Corpus (Dolan et al., 2004)", 
    "clean_text": "More recently, (Cordeiro et al, 2007a) proposed the sumo metric specially designed for asymmetrical entailed pair identification in corpora which obtained better performance than previously established metrics, even in corpora with exclusively symmetrical entailed paraphrases as in the Microsoft Paraphrase Research Corpus (Dolan et al., 2004).", 
    "keep_for_gold": 0
  }, 
  {
    "citance_No": 18, 
    "citing_paper_id": "N10-1066", 
    "citing_paper_authority": 15, 
    "citing_paper_authors": "Ming-Wei, Chang | Dan, Goldwasser | Dan, Roth | Vivek, Srikumar", 
    "raw_text": "Tasks such as transliteration discovery (Klementiev and Roth, 2008), recognizing textual entailment (RTE) (Dagan et al, 2006) and paraphrase identification (Dolan et al, 2004) are a few prototypical examples", 
    "clean_text": "Tasks such as transliteration discovery (Klementiev and Roth, 2008), recognizing textual entailment (RTE) (Dagan et al, 2006) and paraphrase identification (Dolan et al, 2004) are a few prototypical examples.", 
    "keep_for_gold": 0
  }, 
  {
    "citance_No": 19, 
    "citing_paper_id": "N10-1066", 
    "citing_paper_authority": 15, 
    "citing_paper_authors": "Ming-Wei, Chang | Dan, Goldwasser | Dan, Roth | Vivek, Srikumar", 
    "raw_text": "The features used are similar to those described earlier Paraphrase System Acc Experiments using (Dolan et al, 2004) (Qiu et al, 2006) 72.00 (Das and Smith, 2009) 73.86 (Wan et al, 2006) 75.60 Alignment+ Learning 76.23 LCLR 76.41 Experiments using Extended data set Alignment+ Learning 72.00 LCLR 72.75 Table 4: Experimental Result For Paraphrasing Identification", 
    "clean_text": "", 
    "keep_for_gold": 0
  }, 
  {
    "citance_No": 20, 
    "citing_paper_id": "N10-1066", 
    "citing_paper_authority": 15, 
    "citing_paper_authors": "Ming-Wei, Chang | Dan, Goldwasser | Dan, Roth | Vivek, Srikumar", 
    "raw_text": "We evaluated the systems performance across two datasets: (Dolan et al, 2004) dataset and the Extended dataset, see the text for details", 
    "clean_text": "We evaluated the systems performance across two datasets: (Dolan et al, 2004) dataset and the Extended dataset, see the text for details.", 
    "keep_for_gold": 0
  }
]
