[
  {
    "citance_No": 1, 
    "citing_paper_id": "P02-1002", 
    "citing_paper_authority": 11, 
    "citing_paper_authors": "Joshua, Goodman", 
    "raw_text": "Conditional Maximum Entropy models have been used for a variety of natural language tasks, including Language Modeling (Rosenfeld, 1994), part of-speech tagging, prepositional phrase attachment, and parsing (Ratnaparkhi, 1998), word selection for machine translation (Berger et al, 1996), and finding sentence boundaries (Reynar and Ratnaparkhi, 1997)", 
    "clean_text": "finding sentence boundaries (Reynar and Ratnaparkhi, 1997).", 
    "keep_for_gold": 0
  }, 
  {
    "citance_No": 2, 
    "citing_paper_id": "D12-1106", 
    "citing_paper_authority": 6, 
    "citing_paper_authors": "Annie, Louis | Ani, Nenkova", 
    "raw_text": "7http: //aye.comp.nus.edu.sg/parsCit/ could be successfully identified using Parscit.8This data was sentence-segmented using MxTerminator (Reynar and Ratnaparkhi, 1997) and parsed with the Stanford Parser (Klein and Manning, 2003)", 
    "clean_text": "This data was sentence-segmented using MxTerminator (Reynar and Ratnaparkhi, 1997) and parsed with the Stanford Parser (Klein and Manning, 2003).", 
    "keep_for_gold": 0
  }, 
  {
    "citance_No": 3, 
    "citing_paper_id": "W04-3210", 
    "citing_paper_authority": 2, 
    "citing_paper_authors": "Caroline, Sporleder | Mirella, Lapata", 
    "raw_text": "We trained a publicly available sentence splitter (Reynar and Ratnaparkhi, 1997) on a small manually annotated sample (1,000 sentences per domain per language) and applied it to our corpora", 
    "clean_text": "We trained a publicly available sentence splitter (Reynar and Ratnaparkhi, 1997) on a small manually annotated sample (1,000 sentences per domain per language) and applied it to our corpora.", 
    "keep_for_gold": 0
  }, 
  {
    "citance_No": 4, 
    "citing_paper_id": "D07-1059", 
    "citing_paper_authority": 0, 
    "citing_paper_authors": "Andy, Chiu | Pascal, Poupart | Chrysanne, DiMarco", 
    "raw_text": "We also used MXTerminator (Reynar and Ratnaparkhi, 1997) for sentence segmentation, MINIPAR (Lin, 1993) for lemmatization and dependency parsing, and MATLAB3 for SVD computation", 
    "clean_text": "We also used MXTerminator (Reynar and Ratnaparkhi, 1997) for sentence segmentation, MINIPAR (Lin, 1993) for lemmatization and dependency parsing, and MATLAB3 for SVD computation.", 
    "keep_for_gold": 0
  }, 
  {
    "citance_No": 5, 
    "citing_paper_id": "P12-2049", 
    "citing_paper_authority": 0, 
    "citing_paper_authors": "Jonathan J., Webster | John, Lee", 
    "raw_text": "Sentence segmentation Off-the-shelf sentence segmentators tend to be trained on newswire texts (Reynar and Ratnaparkhi, 1997), which significantly differ from the noisy text in our corpus", 
    "clean_text": "Sentence segmentation Off-the-shelf sentence segmentators tend to be trained on newswire texts (Reynar and Ratnaparkhi, 1997), which significantly differ from the noisy text in our corpus.", 
    "keep_for_gold": 0
  }, 
  {
    "citance_No": 6, 
    "citing_paper_id": "N09-2061", 
    "citing_paper_authority": 2, 
    "citing_paper_authors": "Dan, Gillick", 
    "raw_text": "Another statistical system ,mxTerminator (Reynarand Ratnaparkhi, 1997) employs simpler lexical features of the words to the left and right of the candidate period", 
    "clean_text": "Another statistical system, mxTerminator (Reynar and Ratnaparkhi, 1997) employs simpler lexical features of the words to the left and right of the candidate period.", 
    "keep_for_gold": 1
  }, 
  {
    "citance_No": 7, 
    "citing_paper_id": "N09-2061", 
    "citing_paper_authority": 2, 
    "citing_paper_authors": "Dan, Gillick", 
    "raw_text": "One common objection to supervised SBD systems is an observation in (Reynar and Ratnaparkhi, 1997), that training data and test data must be a good match, limiting the applicability of a model trained from a specific genre", 
    "clean_text": "One common objection to supervised SBD systems is an observation in (Reynar and Ratnaparkhi, 1997), that training data and test data must be a good match, limiting the applicability of a model trained from a specific genre.", 
    "keep_for_gold": 0
  }, 
  {
    "citance_No": 8, 
    "citing_paper_id": "N03-1029", 
    "citing_paper_authority": 2, 
    "citing_paper_authors": "Stuart M., Shieber | Xiaopeng, Tao", 
    "raw_text": "Many alternatives suggest themselves to expand the options, including maximum entropy models, which have been previously successfully applied to, inter alia, sentence boundary detection (Reynar and Ratnaparkhi, 1997), and transformation-based learning, as used in part-of-speech tagging and statistical parsing applications (Brill, 1995)", 
    "clean_text": "Many alternatives suggest themselves to expand the options, including maximum entropy models, which have been previously successfully applied to, inter alia, sentence boundary detection (Reynar and Ratnaparkhi, 1997), and transformation-based learning, as used in part-of-speech tagging and statistical parsing applications (Brill, 1995).", 
    "keep_for_gold": 0
  }, 
  {
    "citance_No": 9, 
    "citing_paper_id": "W08-1801", 
    "citing_paper_authority": 1, 
    "citing_paper_authors": "Matthew, Bilotti | Eric H., Nyberg", 
    "raw_text": "The corpus was prepared using MXTerminator (Reynar and Ratnaparkhi,1997) for sentence segmentation, BBN Identifinder (Bikel et al, 1999) for named entity re cog nition, as well as the aforementioned ASSERTfor identification of verb predicate-argument structures and PropBank-style semantic role labeling of the arguments", 
    "clean_text": "The corpus was prepared using MXTerminator (Reynar and Ratnaparkhi,1997) for sentence segmentation, BBN Identifinder (Bikel et al, 1999) for named entity recognition, as well as the aforementioned ASSERT for identification of verb predicate-argument structures and PropBank-style semantic role labeling of the arguments.", 
    "keep_for_gold": 0
  }, 
  {
    "citance_No": 10, 
    "citing_paper_id": "W07-1414", 
    "citing_paper_authority": 5, 
    "citing_paper_authors": "Erwin, Marsi | Emiel, Krahmer | Wauter, Bosma", 
    "raw_text": "As the text part may consist of more than one sentence, we first perform sentence splitting using Mxterminator (Reynar and Ratnaparkhi, 1997), a maximum 83 entropy-based end of sentence classifier trained onthe Penn Treebank data", 
    "clean_text": "As the text part may consist of more than one sentence, we first perform sentence splitting using Mxterminator (Reynar and Ratnaparkhi, 1997), a maximum 83 entropy-based end of sentence classifier trained onthe Penn Treebank data.", 
    "keep_for_gold": 0
  }, 
  {
    "citance_No": 11, 
    "citing_paper_id": "P05-1004", 
    "citing_paper_authority": 14, 
    "citing_paper_authors": "James R., Curran", 
    "raw_text": "WORDS BNC 4 124 6.2M 114M RCV1 806 791 8.1M 207M CSR-III 491 349 9.3M 226M NANTC 930 367 23.2M 559M NANTS 942 167 25.2M 507M ACQUAINT 1 033 461 21.3M 491M Table 3: 2 billion word corpus statistics We have tokenized the text using the Grok-OpenNLPtokenizer (Morton, 2002) and split the sentences using MXTerminator (Reynar and Ratnaparkhi, 1997)", 
    "clean_text": "We have tokenized the text using the Grok-OpenNLP tokenizer (Morton, 2002) and split the sentences using MXTerminator (Reynar and Ratnaparkhi, 1997).", 
    "keep_for_gold": 0
  }, 
  {
    "citance_No": 12, 
    "citing_paper_id": "P08-1021", 
    "citing_paper_authority": 12, 
    "citing_paper_authors": "John, Lee | Stephanie, Seneff", 
    "raw_text": "It can sometimes be difficult to determine which words should be considered verbs, as they are not 4Obtained by segmenting (Reynar and Ratnaparkhi, 1997) the interviewee turns, and discarding sentences with only one word", 
    "clean_text": "Obtained by segmenting (Reynar and Ratnaparkhi, 1997) the interviewee turns, and discarding sentences with only one word.", 
    "keep_for_gold": 0
  }, 
  {
    "citance_No": 13, 
    "citing_paper_id": "N04-1039", 
    "citing_paper_authority": 13, 
    "citing_paper_authors": "Joshua, Goodman", 
    "raw_text": "Conditional Maximum Entropy (maxent) models have been widely used for a variety of tasks, including language modeling (Rosenfeld, 1994), part-of-speech tagging, prepositional phrase attachment, and parsing (Ratnaparkhi, 1998), word selection for machine translation (Berger et al, 1996), and finding sentence boundaries (Reynar and Ratnaparkhi, 1997)", 
    "clean_text": "finding sentence boundaries (Reynar and Ratnaparkhi, 1997).", 
    "keep_for_gold": 0
  }, 
  {
    "citance_No": 14, 
    "citing_paper_id": "N04-1015", 
    "citing_paper_authority": 64, 
    "citing_paper_authors": "Regina, Barzilay | Lillian, Lee", 
    "raw_text": "Table 1 presents information about article length (measured in sentences, as determined by the sentence separator of Reynar and Ratnaparkhi (1997)), vocabulary size, and token/type ratio for each domain", 
    "clean_text": "Table 1 presents information about article length (measured in sentences, as determined by the sentence separator of Reynar and Ratnaparkhi (1997)), vocabulary size, and token/type ratio for each domain.", 
    "keep_for_gold": 0
  }, 
  {
    "citance_No": 15, 
    "citing_paper_id": "W04-3103", 
    "citing_paper_authority": 25, 
    "citing_paper_authors": "Marc, Light | Xin Ying, Qiu | Padmini, Srinivasan", 
    "raw_text": "Each abstract set was prepared for annotation as follows: the order of the abstracts was randomized and the abstracts were broken into sentences using Mxterminator (Reynar and Ratnaparkhi, 1997)", 
    "clean_text": "Each abstract set was prepared for annotation as follows: the order of the abstracts was randomized and the abstracts were broken into sentences using Mxterminator (Reynar and Ratnaparkhi, 1997).", 
    "keep_for_gold": 0
  }, 
  {
    "citance_No": 16, 
    "citing_paper_id": "P11-2111", 
    "citing_paper_authority": 6, 
    "citing_paper_authors": "Nianwen, Xue | Yaqin, Yang", 
    "raw_text": "It can be resolved fairly easily with rules in the form of regular expressions or in a machine-learning framework (Reynar and Ratnaparkhi, 1997)", 
    "clean_text": "It can be resolved fairly easily with rules in the form of regular expressions or in a machine-learning framework (Reynar and Ratnaparkhi, 1997).", 
    "keep_for_gold": 0
  }, 
  {
    "citance_No": 17, 
    "citing_paper_id": "W11-0709", 
    "citing_paper_authority": 5, 
    "citing_paper_authors": "Fei, Liu | Yang, Liu | Fuliang, Weng", 
    "raw_text": "The contents of these URLs were collected and only distinct web pages were retained. We use an HTMLparser3 to extract the textual con tents, and perform sentence segmentation (Reynar and Ratnaparkhi, 1997) on the parsed web pages", 
    "clean_text": "The contents of these URLs were collected and only distinct web pages were retained. We use an HTMLparser3 to extract the textual con tents, and perform sentence segmentation (Reynar and Ratnaparkhi, 1997) on the parsed web pages.", 
    "keep_for_gold": 0
  }, 
  {
    "citance_No": 18, 
    "citing_paper_id": "P07-1025", 
    "citing_paper_authority": 11, 
    "citing_paper_authors": "Andrew S., Gordon | Reid, Swanson", 
    "raw_text": "To prepare this corpus for analysis, we extracted the body text from each of the 4.1 million entries in the corpus and applied a maximum-entropy algorithm to identify sentence boundaries (Reynar and Ratnaparkhi, 1997)", 
    "clean_text": "To prepare this corpus for analysis, we extracted the body text from each of the 4.1 million entries in the corpus and applied a maximum-entropy algorithm to identify sentence boundaries (Reynar and Ratnaparkhi, 1997).", 
    "keep_for_gold": 0
  }, 
  {
    "citance_No": 19, 
    "citing_paper_id": "W07-1422", 
    "citing_paper_authority": 5, 
    "citing_paper_authors": "Roy, Bar-Haim | Ido, Dagan | Iddo, Greental | Idan, Szpektor | Moshe, Friedman", 
    "raw_text": "(ii) Sentence splitting, using mxterminator (Reynar and Ratnaparkhi, 1997)", 
    "clean_text": "Sentence splitting, using mxterminator (Reynar and Ratnaparkhi, 1997).", 
    "keep_for_gold": 0
  }, 
  {
    "citance_No": 20, 
    "citing_paper_id": "W11-1607", 
    "citing_paper_authority": 3, 
    "citing_paper_authors": "Micha, Elsner | Deepak, Santhanam", 
    "raw_text": "To produce this, we segment sentences with MXTerminator (Reynar and Ratnaparkhi, 1997) and parse the corpus with the self trained Charniak parser (McClosky et al, 2006)", 
    "clean_text": "To produce this, we segment sentences with MXTerminator (Reynar and Ratnaparkhi, 1997) and parse the corpus with the self trained Charniak parser (McClosky et al, 2006).", 
    "keep_for_gold": 0
  }
]
