[
  {
    "citance_No": 1, 
    "citing_paper_id": "P02-1058", 
    "citing_paper_authority": 14, 
    "citing_paper_authors": "Chin-Yew, Lin | Eduard, Hovy", 
    "raw_text": "This is similar to the idea of topic signature introduced in (Lin and Hovy 2000)", 
    "clean_text": "This is similar to the idea of topic signature introduced in (Lin and Hovy 2000).", 
    "keep_for_gold": 0
  }, 
  {
    "citance_No": 2, 
    "citing_paper_id": "P14-1115", 
    "citing_paper_authority": 0, 
    "citing_paper_authors": "Yashar, Mehdad | Giuseppe, Carenini | Raymond T., Ng", 
    "raw_text": "As a byproduct of our approach, we also propose an extractive sum ma rization model based on phrasal queries to select the summary-worthy sentences in the conversation based on query terms and signature terms (Lin and Hovy, 2000)", 
    "clean_text": "As a byproduct of our approach, we also propose an extractive summarization model based on phrasal queries to select the summary-worthy sentences in the conversation based on query terms and signature terms (Lin and Hovy, 2000).", 
    "keep_for_gold": 0
  }, 
  {
    "citance_No": 3, 
    "citing_paper_id": "P14-1115", 
    "citing_paper_authority": 0, 
    "citing_paper_authors": "Yashar, Mehdad | Giuseppe, Carenini | Raymond T., Ng", 
    "raw_text": "We use a method described in (Lin and Hovy, 2000) in order to identify such term sand their associated weight", 
    "clean_text": "We use a method described in (Lin and Hovy, 2000) in order to identify such term sand their associated weight.", 
    "keep_for_gold": 0
  }, 
  {
    "citance_No": 4, 
    "citing_paper_id": "W09-1312", 
    "citing_paper_authority": 1, 
    "citing_paper_authors": "Feng, Jin | Minlie, Huang | Zhiyong, Lu | Xiaoyan, Zhu", 
    "raw_text": "Lin and Hovy (2000) first introduced topic signatures which are topic relevant terms for sum ma rization", 
    "clean_text": "Lin and Hovy (2000) first introduced topic signatures which are topic relevant terms for summarization.", 
    "keep_for_gold": 1
  }, 
  {
    "citance_No": 5, 
    "citing_paper_id": "W09-1312", 
    "citing_paper_authority": 1, 
    "citing_paper_authors": "Feng, Jin | Minlie, Huang | Zhiyong, Lu | Xiaoyan, Zhu", 
    "raw_text": "In this regard, we use a method similar to Lin and Hovy (2000) to identify signature terms and subsequently use them 2http: //ir.ohsu.edu/genomics/ to discard sentences that contain none or few such terms", 
    "clean_text": "In this regard, we use a method similar to Lin and Hovy (2000) to identify signature terms and subsequently use them to discard sentences that contain none or few such terms.", 
    "keep_for_gold": 0
  }, 
  {
    "citance_No": 6, 
    "citing_paper_id": "W09-1312", 
    "citing_paper_authority": 1, 
    "citing_paper_authors": "Feng, Jin | Minlie, Huang | Zhiyong, Lu | Xiaoyan, Zhu", 
    "raw_text": "There are signature terms for different topic texts (Lin and Hovy, 2000)", 
    "clean_text": "There are signature terms for different topic texts (Lin and Hovy, 2000).", 
    "keep_for_gold": 0
  }, 
  {
    "citance_No": 7, 
    "citing_paper_id": "W08-2207", 
    "citing_paper_authority": 0, 
    "citing_paper_authors": "Montse, Cuadros | German, Rigau", 
    "raw_text": "Topic Signatures (TS) are word vectors related to a particular topic (Lin and Hovy, 2000)", 
    "clean_text": "Topic Signatures (TS) are word vectors related to a particular topic (Lin and Hovy, 2000).", 
    "keep_for_gold": 0
  }, 
  {
    "citance_No": 8, 
    "citing_paper_id": "P07-2049", 
    "citing_paper_authority": 8, 
    "citing_paper_authors": "Surabhi, Gupta | Ani, Nenkova | Daniel, Jurafsky", 
    "raw_text": "Such words are called signature terms in Lin and Hovy (2000) who were the first to introduce the log-likelihood weighting scheme for summarization", 
    "clean_text": "Such words are called signature terms in Lin and Hovy (2000) who were the first to introduce the log-likelihood weighting scheme for summarization.", 
    "keep_for_gold": 0
  }, 
  {
    "citance_No": 9, 
    "citing_paper_id": "W08-1902", 
    "citing_paper_authority": 2, 
    "citing_paper_authors": "Michael, Zock | Didier, Schwab", 
    "raw_text": "Our next steps will be to take a closer look at the following work: clustering of similar words (Lin, 1998), topic signatures (Lin and Hovy, 2000) and Kilgariff? s sketch engine (Kilgarriff et al, 2004) .We plan also to add other lexical functions to en rich our database with a ws. We plan to experiment", 
    "clean_text": "Our next steps will be to take a closer look at the following work: clustering of similar words (Lin, 1998), topic signatures (Lin and Hovy, 2000) and Kilgariff's sketch engine (Kilgarriff et al, 2004). We plan also to add other lexical functions to enrich our database with a ws. We plan to experiment.", 
    "keep_for_gold": 0
  }, 
  {
    "citance_No": 10, 
    "citing_paper_id": "W04-0906", 
    "citing_paper_authority": 2, 
    "citing_paper_authors": "Stephen, Beale | Benoit, Lavoie | Marjorie, McShane | Sergei, Nirenburg | Tanya, Korelsky", 
    "raw_text": "These are essentially scripts that provide information that is very useful in general reasoning as well as reasoning for NLP (e.g., Schank and Abelson 1977, Lin and Hovy 2000, Clark and Porter 2000)", 
    "clean_text": "These are essentially scripts that provide information that is very useful in general reasoning as well as reasoning for NLP (e.g., Schank and Abelson 1977, Lin and Hovy 2000, Clark and Porter 2000).", 
    "keep_for_gold": 0
  }, 
  {
    "citance_No": 11, 
    "citing_paper_id": "W06-1663", 
    "citing_paper_authority": 6, 
    "citing_paper_authors": "Montse, Cuadros | German, Rigau", 
    "raw_text": "Topic Signatures (TS) are word vectors related to a particular topic (Lin and Hovy, 2000)", 
    "clean_text": "Topic Signatures (TS) are word vectors related to a particular topic (Lin and Hovy, 2000).", 
    "keep_for_gold": 0
  }, 
  {
    "citance_No": 12, 
    "citing_paper_id": "P06-1015", 
    "citing_paper_authority": 74, 
    "citing_paper_authors": "Patrick, Pantel | Marco, Pennacchiotti", 
    "raw_text": "To date, researchers have harvested, with varying success, several resources, including concept lists (Lin and Pantel 2002), topic signatures (Lin and Hovy 2000), facts (Etzioni et al 2005), and word similarity lists (Hindle 1990)", 
    "clean_text": "To date, researchers have harvested, with varying success, several resources, including concept lists (Lin and Pantel 2002), topic signatures (Lin and Hovy 2000), facts (Etzioni et al 2005), and word similarity lists (Hindle 1990).", 
    "keep_for_gold": 0
  }, 
  {
    "citance_No": 13, 
    "citing_paper_id": "D09-1032", 
    "citing_paper_authority": 9, 
    "citing_paper_authors": "Annie, Louis | Ani, Nenkova", 
    "raw_text": "the input and all words of the summary Topic signatures are words highly descriptive of the input, as determined by the application of log likelihood test (Lin and Hovy, 2000)", 
    "clean_text": "the input and all words of the summary Topic signatures are words highly descriptive of the input, as determined by the application of log likelihood test (Lin and Hovy, 2000).", 
    "keep_for_gold": 0
  }, 
  {
    "citance_No": 14, 
    "citing_paper_id": "P06-4007", 
    "citing_paper_authority": 3, 
    "citing_paper_authors": "Andrew, Hickl | Patrick, Wang | John, Lehmann | Sanda M., Harabagiu", 
    "raw_text": "Under this approach, topic rep re sentations like those introduced in (Lin and Hovy, 2000) and (Harabagiu, 2004) are used to identify aset of text passages that are relevant to a user? s do main of interest", 
    "clean_text": "Under this approach, topic representations like those introduced in (Lin and Hovy, 2000) and (Harabagiu, 2004) are used to identify aset of text passages that are relevant to a user's domain of interest.", 
    "keep_for_gold": 0
  }, 
  {
    "citance_No": 15, 
    "citing_paper_id": "P08-1092", 
    "citing_paper_authority": 9, 
    "citing_paper_authors": "Fadi, Biadsy | Julia, Hirschberg | Elena, Filatova", 
    "raw_text": "Asimilar approach is explored in Biryukov et al (2005), which uses Topic Signatures (Lin and Hovy, 2000) constructed around the target individual? s name to identify sentences to be included in the biography", 
    "clean_text": "A similar approach is explored in Biryukov et al (2005), which uses Topic Signatures (Lin and Hovy, 2000) constructed around the target individual's name to identify sentences to be included in the biography.", 
    "keep_for_gold": 0
  }, 
  {
    "citance_No": 16, 
    "citing_paper_id": "P08-1090", 
    "citing_paper_authority": 37, 
    "citing_paper_authors": "Nathanael, Chambers | Daniel, Jurafsky", 
    "raw_text": "In summarization, topic signatures are a set of terms indicative of a topic (Lin and Hovy, 2000)", 
    "clean_text": "In summarization, topic signatures are a set of terms indicative of a topic (Lin and Hovy, 2000).", 
    "keep_for_gold": 0
  }, 
  {
    "citance_No": 17, 
    "citing_paper_id": "C08-1021", 
    "citing_paper_authority": 5, 
    "citing_paper_authors": "Montse, Cuadros | German, Rigau", 
    "raw_text": "Topic Signatures (TS) are word vectors related to aparticular topic (Lin and Hovy, 2000)", 
    "clean_text": "Topic Signatures (TS) are word vectors related to a particular topic (Lin and Hovy, 2000).", 
    "keep_for_gold": 0
  }, 
  {
    "citance_No": 18, 
    "citing_paper_id": "N03-1037", 
    "citing_paper_authority": 2, 
    "citing_paper_authors": "Liang, Zhou | Eduard, Hovy", 
    "raw_text": "Two methods are used:? topic signature (Lin and Hovy, 2000): a topic signature is a family of related terms{ topic, signature}, where topic is the target concept and signature is a vecto related ms. The topic in e formula is assigned with the domain ame", 
    "clean_text": "Two methods are used: topic signature (Lin and Hovy, 2000): a topic signature is a family of related terms (topic, signature), where topic is the target concept and signature is a vector related ms. The topic in e formula is assigned with the domain ame.", 
    "keep_for_gold": 0
  }, 
  {
    "citance_No": 19, 
    "citing_paper_id": "W11-1402", 
    "citing_paper_authority": 0, 
    "citing_paper_authors": "Wenting, Xiong | Diane J., Litman", 
    "raw_text": "Our domain topic set contains 288 words extracted from the collection of student papers using topic-lexicon ex traction software5; our feature (domain Word) 5The software extracts topic words based on topic signatures (Lin and Hovy, 2000), and was kindly provided by Annie Louis", 
    "clean_text": "Our domain topic set contains 288 words extracted from the collection of student papers using topic-lexicon ex traction software; our feature (domain Word). The software extracts topic words based on topic signatures (Lin and Hovy, 2000), and was kindly provided by Annie Louis.", 
    "keep_for_gold": 0
  }, 
  {
    "citance_No": 20, 
    "citing_paper_id": "P09-2030", 
    "citing_paper_authority": 0, 
    "citing_paper_authors": "Furu, Wei | Wenjie, Li | Yanxiang, He", 
    "raw_text": "Among them, query relevance, centroid (Radev et al, 2004) and signature term (Lin and Hovy, 2000) are most remarkable", 
    "clean_text": "Among them, query relevance, centroid (Radev et al, 2004) and signature term (Lin and Hovy, 2000) are most remarkable.", 
    "keep_for_gold": 0
  }
]
