[
  {
    "citance_No": 1, 
    "citing_paper_id": "P05-1026", 
    "citing_paper_authority": 9, 
    "citing_paper_authors": "Sanda M., Harabagiu | Andrew, Hickl | John, Lehmann | Dan, Moldovan", 
    "raw_text": "and (2) the relation between predicates, question stem and the words that determine the answer type (Narayanan and Harabagiu, 2004)", 
    "clean_text": "and (2) the relation between predicates, question stem and the words that determine the answer type (Narayanan and Harabagiu, 2004).", 
    "keep_for_gold": 0
  }, 
  {
    "citance_No": 2, 
    "citing_paper_id": "P14-2104", 
    "citing_paper_authority": 0, 
    "citing_paper_authors": "Young-Bum, Kim | Heemoon, Chae | Benjamin, Snyder | Yu-Seop, Kim", 
    "raw_text": "Ever since Gildea and Jurafsky (2002), SRL has become animportant technology used in applications requiring semantic interpretation, ranging from information extraction (Frank et al, 2007) and question answering (Narayanan and Harabagiu, 2004), to practical problems including textual entailment (Burchardt et al, 2007) and pictorial communication systems (Goldberg et al, 2008)", 
    "clean_text": "Ever since Gildea and Jurafsky (2002), SRL has become an important technology used in applications requiring semantic interpretation, ranging from information extraction (Frank et al, 2007) and question answering (Narayanan and Harabagiu, 2004), to practical problems including textual entailment (Burchardt et al, 2007) and pictorial communication systems (Goldberg et al, 2008).", 
    "keep_for_gold": 0
  }, 
  {
    "citance_No": 3, 
    "citing_paper_id": "P10-1113", 
    "citing_paper_authority": 8, 
    "citing_paper_authors": "Junhui, Li | Guodong, Zhou | Hwee Tou, Ng", 
    "raw_text": "In particular, the well-defined semantic role labeling (SRL) task has been drawing increasing attention in recent years due to its importance in natural language processing (NLP) applications, such as question answering (Narayanan and Harabagiu, 2004), information extraction (Surdeanu et al, 2003), and co-reference resolution (Kong et al, 2009)", 
    "clean_text": "In particular, the well-defined semantic role labeling (SRL) task has been drawing increasing attention in recent years due to its importance in natural language processing (NLP) applications, such as question answering (Narayanan and Harabagiu, 2004), information extraction (Surdeanu et al, 2003), and co-reference resolution (Kong et al, 2009).", 
    "keep_for_gold": 0
  }, 
  {
    "citance_No": 4, 
    "citing_paper_id": "W06-0704", 
    "citing_paper_authority": 0, 
    "citing_paper_authors": "Dina, Demner-Fushman | Jimmy, Lin", 
    "raw_text": "Systems for addressing complex information needs are interesting because they provide an opportunity to explore the role of semantic structures in question answering ,e.g., (Narayanan and Harabagiu, 2004)", 
    "clean_text": "Systems for addressing complex information needs are interesting because they provide an opportunity to explore the role of semantic structures in question answering ,e.g., (Narayanan and Harabagiu, 2004).", 
    "keep_for_gold": 1
  }, 
  {
    "citance_No": 5, 
    "citing_paper_id": "H05-1108", 
    "citing_paper_authority": 12, 
    "citing_paper_authors": "Sebastian, Pad&oacute; | Mirella, Lapata", 
    "raw_text": "For instance, information extraction (Surdeanu et al, 2003), question answering (Narayanan and Harabagiu, 2004) and machine translation (Boas, 2002) could stand to benefit from broad coverage semantic processing", 
    "clean_text": "For instance, information extraction (Surdeanu et al, 2003), question answering (Narayanan and Harabagiu, 2004) and machine translation (Boas, 2002) could stand to benefit from broad coverage semantic processing.", 
    "keep_for_gold": 1
  }, 
  {
    "citance_No": 6, 
    "citing_paper_id": "D09-1133", 
    "citing_paper_authority": 6, 
    "citing_paper_authors": "Junhui, Li | Guodong, Zhou | Hai, Zhao | Qiao-ming, Zhu | Peide, Qian", 
    "raw_text": "In particular, the well-defined semantic role labeling (SRL) task has been drawing more and more attention in recent years due to its importance in deep NLP applications, such as question answering (Narayanan and Harabagiu, 2004), information extraction (Surdeanu et al, 2003), and co-reference resolution (Ponzetto and Strube, 2006)", 
    "clean_text": "In particular, the well-defined semantic role labeling (SRL) task has been drawing more and more attention in recent years due to its importance in deep NLP applications, such as question answering (Narayanan and Harabagiu, 2004), information extraction (Surdeanu et al, 2003), and co-reference resolution (Ponzetto and Strube, 2006).", 
    "keep_for_gold": 0
  }, 
  {
    "citance_No": 7, 
    "citing_paper_id": "W06-3502", 
    "citing_paper_authority": 0, 
    "citing_paper_authors": "Myroslava O., Dzikovska | Carolyn Penstein, Ros&eacute;", 
    "raw_text": "Lexical semantic features are known to be helpful in both deep (Tetreault, 2005) and shallow interpretation tasks (Narayanan and Harabagiu,2004)", 
    "clean_text": "Lexical semantic features are known to be helpful in both deep (Tetreault, 2005) and shallow interpretation tasks (Narayanan and Harabagiu,2004).", 
    "keep_for_gold": 0
  }, 
  {
    "citance_No": 8, 
    "citing_paper_id": "D08-1055", 
    "citing_paper_authority": 4, 
    "citing_paper_authors": "Hirotoshi, Taira | Sanae, Fujita | Masaaki, Nagata", 
    "raw_text": "Recently, predicate argument structure analysis has attracted the attention of researchers because this information can increase the precision of text processing tasks, such as machine translation ,information extraction (Hirschman et al, 1999), question answering (Narayanan and Harabagiu, 2004) (Shen and Lapata, 2007), and summarization (Melli et al., 2005)", 
    "clean_text": "Recently, predicate argument structure analysis has attracted the attention of researchers because this information can increase the precision of text processing tasks, such as machine translation ,information extraction (Hirschman et al, 1999), question answering (Narayanan and Harabagiu, 2004) (Shen and Lapata, 2007), and summarization (Melli et al., 2005).", 
    "keep_for_gold": 0
  }, 
  {
    "citance_No": 9, 
    "citing_paper_id": "W06-3504", 
    "citing_paper_authority": 2, 
    "citing_paper_authors": "Beno&icirc;t, Crabb&eacute; | Myroslava O., Dzikovska | William, de Beaumont | Mary, Swift", 
    "raw_text": "Semantic types and role labelling are helpful in both deep (Tetreault, 2005) and shallow interpretation tasks (Narayanan and Harabagiu, 2004)", 
    "clean_text": "Semantic types and role labelling are helpful in both deep (Tetreault, 2005) and shallow interpretation tasks (Narayanan and Harabagiu, 2004).", 
    "keep_for_gold": 0
  }, 
  {
    "citance_No": 10, 
    "citing_paper_id": "W06-3506", 
    "citing_paper_authority": 23, 
    "citing_paper_authors": "Matt, Gedigian | John, Bryant | Srinivas, Narayanan | Branimir, Ciric", 
    "raw_text": "One such question answering system (Narayananand Harabagiu, 2004) takes PropBank/FrameNet annotations as input, uses the PropBank targets to indicate which actions are being described with which arguments and produces an answer using probabilistic models of actions as the tools of inference", 
    "clean_text": "One such question answering system (Narayanan and Harabagiu, 2004) takes PropBank/FrameNet annotations as input, uses the PropBank targets to indicate which actions are being described with which arguments and produces an answer using probabilistic models of actions as the tools of inference.", 
    "keep_for_gold": 1
  }, 
  {
    "citance_No": 11, 
    "citing_paper_id": "D08-1034", 
    "citing_paper_authority": 7, 
    "citing_paper_authors": "Weiwei, Ding | Baobao, Chang", 
    "raw_text": "Typical tags include Agent, Patient, Source, etc. and some adjuncts such as Temporal, Manner, Extent, etc. Since the arguments can provide useful semantic information, the SRL is crucial to many natural language processing tasks, such as Question and Answering (Narayanan and Harabagiu 2004), Information Extraction (Surdeanu et al 2003), and Machine Translation (Boas 2002)", 
    "clean_text": "Typical tags include Agent, Patient, Source, etc. and some adjuncts such as Temporal, Manner, Extent, etc. Since the arguments can provide useful semantic information, the SRL is crucial to many natural language processing tasks, such as Question and Answering (Narayanan and Harabagiu 2004), Information Extraction (Surdeanu et al 2003), and Machine Translation (Boas 2002).", 
    "keep_for_gold": 0
  }, 
  {
    "citance_No": 12, 
    "citing_paper_id": "W06-0705", 
    "citing_paper_authority": 1, 
    "citing_paper_authors": "Sanda M., Harabagiu | Andrew, Hickl", 
    "raw_text": "Harabagiu, 2004) computed automatically from collections of documents relevant to a scenario in order to approximate the semantic content of ascenario, (Narayanan and Harabagiu, 2004) em ployed formal models of the interrelated events, actions, states, and relations implicit to a scenario in order to produce fine-grained, context sensitive inferences that could be used to answer questions", 
    "clean_text": "Harabagiu, 2004) computed automatically from collections of documents relevant to a scenario in order to approximate the semantic content of a scenario, (Narayanan and Harabagiu, 2004) employed formal models of the interrelated events, actions, states, and relations implicit to a scenario in order to produce fine-grained, context sensitive inferences that could be used to answer questions.", 
    "keep_for_gold": 0
  }, 
  {
    "citance_No": 13, 
    "citing_paper_id": "D09-1002", 
    "citing_paper_authority": 13, 
    "citing_paper_authors": "Hagen, F&uuml;rstenau | Mirella, Lapata", 
    "raw_text": "Examples include information extraction (Surdeanu et al, 2003), question answering (Narayanan and Harabagiu, 2004), machine translation (Boas, 2005), and summarization (Melli et al, 2005) .Much progress in the area of semantic role labeling is due to the creation of resources like FrameNet (Fillmore et al, 2003), which document the surface realization of semantic roles in real world corpora", 
    "clean_text": "Examples include information extraction (Surdeanu et al, 2003), question answering (Narayanan and Harabagiu, 2004), machine translation (Boas, 2005), and summarization (Melli et al, 2005). Much progress in the area of semantic role labeling is due to the creation of resources like FrameNet (Fillmore et al, 2003), which document the surface realization of semantic roles in real world corpora.", 
    "keep_for_gold": 0
  }, 
  {
    "citance_No": 14, 
    "citing_paper_id": "H05-1081", 
    "citing_paper_authority": 5, 
    "citing_paper_authors": "Llu&iacute;s, M&agrave;rquez | Mihai, Surdeanu | Pere, Comas | Jordi, Turmo", 
    "raw_text": "It was shown that the identification of such event frames has a significant contribution for many Natural Language Processing (NLP) applications such as Information Extraction (Surdeanu et al, 2003) and Question Answering (Narayanan and Harabagiu, 2004)", 
    "clean_text": "It was shown that the identification of such event frames has a significant contribution for many Natural Language Processing (NLP) applications such as Information Extraction (Surdeanu et al, 2003) and Question Answering (Narayanan and Harabagiu, 2004).", 
    "keep_for_gold": 0
  }, 
  {
    "citance_No": 15, 
    "citing_paper_id": "W08-1810", 
    "citing_paper_authority": 0, 
    "citing_paper_authors": "Luiz Augusto, Pizzato | Diego, Molla Aliod", 
    "raw_text": "Thus, Narayanan and Harabagiu (2004) apply the argument-predicate relationship from PropBank (Palmer et al, 2005) together with the semantic frames from FrameNet (Baker et al, 1998) to create an inference mechanism to improve QA", 
    "clean_text": "Thus, Narayanan and Harabagiu (2004) apply the argument-predicate relationship from PropBank (Palmer et al, 2005) together with the semantic frames from FrameNet (Baker et al, 1998) to create an inference mechanism to improve QA.", 
    "keep_for_gold": 0
  }, 
  {
    "citance_No": 16, 
    "citing_paper_id": "D10-1104", 
    "citing_paper_authority": 4, 
    "citing_paper_authors": "Xiaohua, Liu | Bo, Han | Kuan, Li | Stephan Hyeonjun, Stiller | Ming, Zhou", 
    "raw_text": "Narayanan and Harabagiu (2004) use semantic role structures for question answering", 
    "clean_text": "Thus, Narayanan and Harabagiu (2004) apply the argument-predicate relationship from PropBank (Palmer et al, 2005) together with the semantic frames from FrameNet (Baker et al, 1998) to create an inference mechanism to improve QA.", 
    "keep_for_gold": 0
  }, 
  {
    "citance_No": 17, 
    "citing_paper_id": "H05-1084", 
    "citing_paper_authority": 0, 
    "citing_paper_authors": "Katrin, Erk | Sebastian, Pad&oacute;", 
    "raw_text": "Thebenefit of semantic roles has already been demonstrated for a number of tasks, among others for machine translation (Boas, 2002), information extraction (Surdeanu et al, 2003), and question answering (Narayanan and Harabagiu, 2004) .Robust and accurate automatic semantic role assignment, a prerequisite for the wide-range use of semantic roles in NLP, has been investigated in a number of studies and shared tasks", 
    "clean_text": "The benefit of semantic roles has already been demonstrated for a number of tasks, among others for machine translation (Boas, 2002), information extraction (Surdeanu et al, 2003), and question answering (Narayanan and Harabagiu, 2004). Robust and accurate automatic semantic role assignment, a prerequisite for the wide-range use of semantic roles in NLP, has been investigated in a number of studies and shared tasks.", 
    "keep_for_gold": 0
  }, 
  {
    "citance_No": 18, 
    "citing_paper_id": "D07-1002", 
    "citing_paper_authority": 31, 
    "citing_paper_authors": "Dan, Shen | Mirella, Lapata", 
    "raw_text": "Narayanan and Harabagiu (2004) were the first to stress the importance of semantic roles in answering complex questions", 
    "clean_text": "Narayanan and Harabagiu (2004) were the first to stress the importance of semantic roles in answering complex questions.", 
    "keep_for_gold": 0
  }
]
