[
  {
    "citance_No": 1, 
    "citing_paper_id": "D11-1052", 
    "citing_paper_authority": 15, 
    "citing_paper_authors": "Samuel, Brody | Nicholas, Diakopoulos", 
    "raw_text": "Recent examples of this approach are Barbosa and Feng (2010) and Pak and Paroubek (2010)", 
    "clean_text": "Recent examples of this approach are Barbosa and Feng (2010) and Pak and Paroubek (2010).", 
    "keep_for_gold": 0
  }, 
  {
    "citance_No": 2, 
    "citing_paper_id": "P11-4006", 
    "citing_paper_authority": 1, 
    "citing_paper_authors": "Cheng-Te, Li | Chien-Yuan, Wang | Chien-Lin, Tseng | Shou-De, Lin", 
    "raw_text": "can be derived by using the learned lan Features Methods Pak and Paroubek 2010 statistic counting of adjectives Naive Bayes Chen et al 2008 POS tags ,emoticons SVM Lewin and Pribu la 2009smileys, keywords Maximum Entropy, SVM Riley 2009 n-grams ,smileys, hash tags, replies, URLs, user names ,emoticons Naive Bayes, Prasad 2010 n-grams Na ?ve Bayes Go et al 2009 user names, sequential patterns of keywords, POS tags, n-grams Naive Bayes, Maximum Entropy, SVM Li et al 2009 several dictionaries about different kinds of keywords Keyword Matching Barbosa and Feng 2010 re tweets, hash tag, re plies, URLs ,emoticons, upper cases SVM Sun et al 2010 keyword counting and Chinese dictionaries Naive Bayes, SVM Davidov et al 2010 n-grams, word patterns, punctuation information k-Nearest Neighbor Bermingham and Smeaton 2010 n-grams and POS tags Binary Classification 33guage models", 
    "clean_text": "", 
    "keep_for_gold": 0
  }, 
  {
    "citance_No": 3, 
    "citing_paper_id": "W11-0705", 
    "citing_paper_authority": 34, 
    "citing_paper_authors": "Apoorv, Agarwal | Boyi, Xie | Ilia, Vovsha | Owen, Rambow | Rebecca J., Passonneau", 
    "raw_text": "The size of our hand-labeled data allows us to perform cross validation experiments and check for the variance in performance of the classifier across folds. Another significant effort for sentiment classification on Twitter data is by Barbosa and Feng (2010)", 
    "clean_text": "The size of our hand-labeled data allows us to perform cross validation experiments and check for the variance in performance of the classifier across folds. Another significant effort for sentiment classification on Twitter data is by Barbosa and Feng (2010).", 
    "keep_for_gold": 0
  }, 
  {
    "citance_No": 4, 
    "citing_paper_id": "P11-1016", 
    "citing_paper_authority": 33, 
    "citing_paper_authors": "Long, Jiang | Mo, Yu | Ming, Zhou | Xiaohua, Liu | Tiejun, Zhao", 
    "raw_text": "The state-of-the-art approaches for solving this problem, such as (Go et al, 20095; Barbosa and Feng, 2010), basically follow (Pang et al, 2002), who utilize machine learning based classifiers for the sentiment classification of texts", 
    "clean_text": "The state-of-the-art approaches for solving this problem, such as (Go et al, 20095; Barbosa and Feng, 2010), basically follow (Pang et al, 2002), who utilize machine learning based classifiers for the sentiment classification of texts.", 
    "keep_for_gold": 0
  }, 
  {
    "citance_No": 5, 
    "citing_paper_id": "P11-1016", 
    "citing_paper_authority": 33, 
    "citing_paper_authors": "Long, Jiang | Mo, Yu | Ming, Zhou | Xiaohua, Liu | Tiejun, Zhao", 
    "raw_text": "In contrast, (Barbosa and Feng, 2010) propose a two-step approach to classify the sentiments of tweets using SVM classifiers with abstract features", 
    "clean_text": "In contrast, (Barbosa and Feng, 2010) propose a two-step approach to classify the sentiments of tweets using SVM classifiers with abstract features.", 
    "keep_for_gold": 1
  }, 
  {
    "citance_No": 6, 
    "citing_paper_id": "P11-1016", 
    "citing_paper_authority": 33, 
    "citing_paper_authors": "Long, Jiang | Mo, Yu | Ming, Zhou | Xiaohua, Liu | Tiejun, Zhao", 
    "raw_text": "We also re-implemented the method proposed in (Barbosa and Feng, 2010) for comparison", 
    "clean_text": "We also re-implemented the method proposed in (Barbosa and Feng, 2010) for comparison.", 
    "keep_for_gold": 0
  }, 
  {
    "citance_No": 7, 
    "citing_paper_id": "P11-1016", 
    "citing_paper_authority": 33, 
    "citing_paper_authors": "Long, Jiang | Mo, Yu | Ming, Zhou | Xiaohua, Liu | Tiejun, Zhao", 
    "raw_text": "From Table 1, we can see that all our systems perform better than (Barbosa and Feng, 2010) on our data set", 
    "clean_text": "From Table 1, we can see that all our systems perform better than (Barbosa and Feng, 2010) on our data set.", 
    "keep_for_gold": 0
  }, 
  {
    "citance_No": 8, 
    "citing_paper_id": "P11-1016", 
    "citing_paper_authority": 33, 
    "citing_paper_authors": "Long, Jiang | Mo, Yu | Ming, Zhou | Xiaohua, Liu | Tiejun, Zhao", 
    "raw_text": "One possible reason is that (Barbosa and Feng, 2010) use only abstract features while our systems use more lexical features", 
    "clean_text": "One possible reason is that (Barbosa and Feng, 2010) use only abstract features while our systems use more lexical features.", 
    "keep_for_gold": 0
  }, 
  {
    "citance_No": 9, 
    "citing_paper_id": "P11-1016", 
    "citing_paper_authority": 33, 
    "citing_paper_authors": "Long, Jiang | Mo, Yu | Ming, Zhou | Xiaohua, Liu | Tiejun, Zhao", 
    "raw_text": "Similarly, we re-implemented the method proposed by (Barbosa and Feng, 2010) in this experiment", 
    "clean_text": "One possible reason is that (Barbosa and Feng, 2010) use only abstract features while our systems use more lexical features.", 
    "keep_for_gold": 0
  }, 
  {
    "citance_No": 10, 
    "citing_paper_id": "P11-1016", 
    "citing_paper_authority": 33, 
    "citing_paper_authors": "Long, Jiang | Mo, Yu | Ming, Zhou | Xiaohua, Liu | Tiejun, Zhao", 
    "raw_text": "The results show that our system using both content features and sentiment lexicon features performs slightly better than (Barbosa and Feng, 2010)", 
    "clean_text": "The results show that our system using both content features and sentiment lexicon features performs slightly better than (Barbosa and Feng, 2010).", 
    "keep_for_gold": 0
  }, 
  {
    "citance_No": 11, 
    "citing_paper_id": "E12-1062", 
    "citing_paper_authority": 2, 
    "citing_paper_authors": "Micol, Marchetti-Bowick | Nathanael, Chambers", 
    "raw_text": "Finally, multiple models can be blended into a single classifier (Barbosa and Feng, 2010)", 
    "clean_text": "Finally, multiple models can be blended into a single classifier (Barbosa and Feng, 2010).", 
    "keep_for_gold": 0
  }
]
