[
  {
    "citance_No": 1, 
    "citing_paper_id": "P06-1084", 
    "citing_paper_authority": 21, 
    "citing_paper_authors": "Meni, Adler | Michael, Elhadad", 
    "raw_text": "Elworthy (1994), in contrast, reports an accuracy of 75.49%, 80.87% and 79.12% for unsupervised word-based HMM trained on parts of the LOB corpora, with a tag set of 134 tags", 
    "clean_text": "Elworthy (1994), in contrast, reports an accuracy of 75.49%, 80.87% and 79.12% for unsupervised word-based HMM trained on parts of the LOB corpora, with a tag set of 134 tags.", 
    "keep_for_gold": 1
  }, 
  {
    "citance_No": 2, 
    "citing_paper_id": "P06-1084", 
    "citing_paper_authority": 21, 
    "citing_paper_authors": "Meni, Adler | Michael, Elhadad", 
    "raw_text": "Whilethis observation confirms Elworthy (1994), the impact of error reduction is much less than reported there for English about 70% (79? 94)", 
    "clean_text": "While this observation confirms Elworthy (1994), the impact of error reduction is much less than reported there for English about 70% (79? 94).", 
    "keep_for_gold": 0
  }, 
  {
    "citance_No": 3, 
    "citing_paper_id": "P00-1061", 
    "citing_paper_authority": 18, 
    "citing_paper_authors": "Stefan, Riezler | Detlef, Prescher | Jonas, Kuhn | Mark, Johnson", 
    "raw_text": "Experi mental results con rming this wisdom have been presented ,e.g., by Elworthy (1994) and Pereira and Schabes (1992) for EM training of Hidden Markov Models and PCFGs", 
    "clean_text": "Experimental results confirming this wisdom have been presented ,e.g., by Elworthy (1994) and Pereira and Schabes (1992) for EM training of Hidden Markov Models and PCFGs.", 
    "keep_for_gold": 0
  }, 
  {
    "citance_No": 4, 
    "citing_paper_id": "W97-0120", 
    "citing_paper_authority": 1, 
    "citing_paper_authors": "Masaaki, Nagata", 
    "raw_text": "Although [Kupiec, 1992] presented a very sophisticated method of unsupervised learning, [Elworthy, 1994] reported that re-estimation is not always helpful", 
    "clean_text": "Although [Kupiec, 1992] presented a very sophisticated method of unsupervised learning, [Elworthy, 1994] reported that re-estimation is not always helpful.", 
    "keep_for_gold": 0
  }, 
  {
    "citance_No": 5, 
    "citing_paper_id": "C04-1080", 
    "citing_paper_authority": 26, 
    "citing_paper_authors": "Michele, Banko | Robert C., Moore", 
    "raw_text": "Unsupervised part-of-speech tagging, as defined above, has been attempted using a variety of learning algorithms (Brill 1995, Church, 1988, Cutting et. al. 1992, Elworthy, 1994 Kupiec 1992, Merialdo 1991)", 
    "clean_text": "", 
    "keep_for_gold": 0
  }, 
  {
    "citance_No": 6, 
    "citing_paper_id": "W96-0113", 
    "citing_paper_authority": 4, 
    "citing_paper_authors": "Mikio, Yamamoto", 
    "raw_text": "However, Merialdo (1994) and Elworthy (1994) have criticized methods of estimation from an untagged corpus based on the maximum likelihood principle", 
    "clean_text": "However, Merialdo (1994) and Elworthy (1994) have criticized methods of estimation from an untagged corpus based on the maximum likelihood principle.", 
    "keep_for_gold": 0
  }, 
  {
    "citance_No": 7, 
    "citing_paper_id": "W96-0113", 
    "citing_paper_authority": 4, 
    "citing_paper_authors": "Mikio, Yamamoto", 
    "raw_text": "6 Discuss ion and Future Work Merialdo (1994) and Elworthy (1994) have insisted, based on their experimental results, that the maximum likelihood training using an untagged corpus does not necessarily improve tagging accuracy", 
    "clean_text": "Discuss ion and Future Work Merialdo (1994) and Elworthy (1994) have insisted, based on their experimental results, that the maximum likelihood training using an untagged corpus does not necessarily improve tagging accuracy.", 
    "keep_for_gold": 0
  }, 
  {
    "citance_No": 8, 
    "citing_paper_id": "W96-0113", 
    "citing_paper_authority": 4, 
    "citing_paper_authors": "Mikio, Yamamoto", 
    "raw_text": "On this point, I agree with Merialdo (1994) and Elworthy (1994)", 
    "clean_text": "On this point, I agree with Merialdo (1994) and Elworthy (1994).", 
    "keep_for_gold": 0
  }, 
  {
    "citance_No": 9, 
    "citing_paper_id": "P04-1062", 
    "citing_paper_authority": 14, 
    "citing_paper_authors": "Noah A., Smith | Jason M., Eisner", 
    "raw_text": "6Similar results were found by Elworthy (1994)", 
    "clean_text": "", 
    "keep_for_gold": 0
  }, 
  {
    "citance_No": 10, 
    "citing_paper_id": "W07-2203", 
    "citing_paper_authority": 1, 
    "citing_paper_authors": "Rebecca, Watson | Ted, Briscoe | John, Carroll", 
    "raw_text": "The IOA is a generalization of the Baum-Welch or Forward-Backward algorithm, another instance of EM, which can be used to train Hidden Markov Models (HMMs) .Elworthy (1994) and Merialdo (1994) demonstrated that Baum-Welch does not necessarily improve the performance of an HMM part-of speech tagger when deployed in an unsupervised or semi-supervised setting", 
    "clean_text": "Elworthy (1994) and Merialdo (1994) demonstrated that Baum-Welch does not necessarily improve the performance of an HMM part-of speech tagger when deployed in an unsupervised or semi-supervised setting.", 
    "keep_for_gold": 0
  }, 
  {
    "citance_No": 11, 
    "citing_paper_id": "W07-2203", 
    "citing_paper_authority": 1, 
    "citing_paper_authors": "Rebecca, Watson | Ted, Briscoe | John, Carroll", 
    "raw_text": "patterns observed by Elworthy (1994)", 
    "clean_text": "", 
    "keep_for_gold": 0
  }, 
  {
    "citance_No": 12, 
    "citing_paper_id": "W07-2203", 
    "citing_paper_authority": 1, 
    "citing_paper_authors": "Rebecca, Watson | Ted, Briscoe | John, Carroll", 
    "raw_text": "Our findings support those of Elworthy (1994) and Merialdo (1994) for POS tagging and suggest that EM is not always the most suitable semi-supervised training method (especially when some in-domain training data is available)", 
    "clean_text": "Our findings support those of Elworthy (1994) and Merialdo (1994) for POS tagging and suggest that EM is not always the most suitable semi-supervised training method (especially when some in-domain training data is available).", 
    "keep_for_gold": 0
  }, 
  {
    "citance_No": 13, 
    "citing_paper_id": "P08-1085", 
    "citing_paper_authority": 31, 
    "citing_paper_authors": "Yoav, Goldberg | Meni, Adler | Michael, Elhadad", 
    "raw_text": "Elworthy (1994), in contrast, reports accuracy of 75.49%, 80.87%, and 79.12% for unsupervised word-based HMM trained on parts of the LOB corpora, with a tag set of 134tags", 
    "clean_text": "Elworthy (1994), in contrast, reports accuracy of 75.49%, 80.87%, and 79.12% for unsupervised word-based HMM trained on parts of the LOB corpora, with a tag set of 134 tags.", 
    "keep_for_gold": 0
  }, 
  {
    "citance_No": 14, 
    "citing_paper_id": "W09-2403", 
    "citing_paper_authority": 0, 
    "citing_paper_authors": "Judita, Preiss | Jon, Dehdari | Josh, King | Dennis, Mehay", 
    "raw_text": "We considered three taggers: the El worthy bigram tagger (Elworthy, 1994) within the RASP parser (Briscoe et al, 2006), an enhanced 4http: //www.cis.upenn.edu/ ?xtag 5http: //gposttl.sourceforge.net 6We removed those lines from both the test input and the gold standard which were marked U (= unknown, 34 lines), and we removed the 40 lines from the test input that were missing from the gold standard", 
    "clean_text": "We considered three taggers: the El worthy bigram tagger (Elworthy, 1994) within the RASP parser (Briscoe et al, 2006), an enhanced.", 
    "keep_for_gold": 0
  }, 
  {
    "citance_No": 15, 
    "citing_paper_id": "W95-0101", 
    "citing_paper_authority": 25, 
    "citing_paper_authors": "Eric, Brill", 
    "raw_text": "In [Elworthy, 1994], similar experiments were run", 
    "clean_text": "In [Elworthy, 1994], similar experiments were run.", 
    "keep_for_gold": 0
  }, 
  {
    "citance_No": 16, 
    "citing_paper_id": "W95-0101", 
    "citing_paper_authority": 25, 
    "citing_paper_authors": "Eric, Brill", 
    "raw_text": "The advantage of combining unsupervised and supervised learning over using supervised n [Elworthy, 1994] quotes accuracy on ambiguous words, which we have converted to overall accuracy", 
    "clean_text": "The advantage of combining unsupervised and supervised learning over using supervised in [Elworthy, 1994] quotes accuracy on ambiguous words, which we have converted to overall accuracy.", 
    "keep_for_gold": 0
  }
]
