[
  {
    "citance_No": 1, 
    "citing_paper_id": "P00-1065", 
    "citing_paper_authority": 21, 
    "citing_paper_authors": "Daniel, Gildea | Daniel, Jurafsky", 
    "raw_text": "More recently, a do main independent system has been trained on general function tags such as Manner and Temporal by Blaheta and Charniak (2000)", 
    "clean_text": "More recently, a domain independent system has been trained on general function tags such as Manner and Temporal by Blaheta and Charniak (2000).", 
    "keep_for_gold": 0
  }, 
  {
    "citance_No": 2, 
    "citing_paper_id": "P13-2114", 
    "citing_paper_authority": 1, 
    "citing_paper_authors": "Leon, Derczynski | Robert J., Gaizauskas", 
    "raw_text": "These features are generated using the Stanford parser (Klein and Manning, 2003) and a function tagger (Blaheta and Charniak, 2000)", 
    "clean_text": "These features are generated using the Stanford parser (Klein and Manning, 2003) and a function tagger (Blaheta and Charniak, 2000).", 
    "keep_for_gold": 0
  }, 
  {
    "citance_No": 3, 
    "citing_paper_id": "P09-3007", 
    "citing_paper_authority": 0, 
    "citing_paper_authors": "Caixia, Yuan | Fuji, Ren | Xiaojie, Wang", 
    "raw_text": "In function labeling level, EXT that signifies degree, amount of the predicates should be grouped into adverbials like in the work of (Blaheta and Charniak, 2000) and (Merlo and Musillo, 2005) .Table 2: Categories of function tags with their relative frequencies and average length", 
    "clean_text": "In function labeling level, EXT that signifies degree, amount of the predicates should be grouped into adverbials like in the work of (Blaheta and Charniak, 2000) and (Merlo and Musillo, 2005).", 
    "keep_for_gold": 0
  }, 
  {
    "citance_No": 4, 
    "citing_paper_id": "P09-3007", 
    "citing_paper_authority": 0, 
    "citing_paper_authors": "Caixia, Yuan | Fuji, Ren | Xiaojie, Wang", 
    "raw_text": "As in the work of (Blaheta and Charniak, 2000) and (Merlo and Musillo, 2005), to avoid cal cu lating excessively optimistic values, constituents bearing the? O? label are not counted in for computing overall precision, recall and F-score", 
    "clean_text": "As in the work of (Blaheta and Charniak, 2000) and (Merlo and Musillo, 2005), to avoid calculating excessively optimistic values, constituents bearing the O label are not counted in for computing overall precision, recall and F-score.", 
    "keep_for_gold": 0
  }, 
  {
    "citance_No": 5, 
    "citing_paper_id": "P09-3007", 
    "citing_paper_authority": 0, 
    "citing_paper_authors": "Caixia, Yuan | Fuji, Ren | Xiaojie, Wang", 
    "raw_text": "The features we used are borrowed from feature trees described in (Blaheta and Charniak, 2000)", 
    "clean_text": "The features we used are borrowed from feature trees described in (Blaheta and Charniak, 2000).", 
    "keep_for_gold": 0
  }, 
  {
    "citance_No": 6, 
    "citing_paper_id": "P09-3007", 
    "citing_paper_authority": 0, 
    "citing_paper_authors": "Caixia, Yuan | Fuji, Ren | Xiaojie, Wang", 
    "raw_text": "A trivial difference is that in our system the head for prepositional phrases is defined as the prepositions themselves (not the head of object of prepositional phrases (Blaheta and Charniak, 2000)), be cause we think that the preposition itself is a more distinctive attribute for different semantic meanings", 
    "clean_text": "A trivial difference is that in our system the head for prepositional phrases is defined as the prepositions themselves (not the head of object of prepositional phrases (Blaheta and Charniak, 2000)), because we think that the preposition itself is a more distinctive attribute for different semantic meanings.", 
    "keep_for_gold": 0
  }, 
  {
    "citance_No": 7, 
    "citing_paper_id": "P04-1040", 
    "citing_paper_authority": 10, 
    "citing_paper_authors": "Valentin, Jijkoun | Maarten, de Rijke", 
    "raw_text": "Blaheta and Charniak (2000) presented the first method for assigning Pennfunctional tags to constituents identified by a parser. Pattern-matching approaches were used in (John son, 2002) and (Jijkoun, 2003) to recover non-local dependencies in phrase trees", 
    "clean_text": "Blaheta and Charniak (2000) presented the first method for assigning Penn functional tags to constituents identified by a parser.", 
    "keep_for_gold": 0
  }, 
  {
    "citance_No": 8, 
    "citing_paper_id": "P04-1040", 
    "citing_paper_authority": 10, 
    "citing_paper_authors": "Valentin, Jijkoun | Maarten, de Rijke", 
    "raw_text": "As an alternative to hard coded heuristics, Blaheta and Charniak (2000) proposed to recover the Penn functional tags automatically", 
    "clean_text": "As an alternative to hard coded heuristics, Blaheta and Charniak (2000) proposed to recover the Penn functional tags automatically.", 
    "keep_for_gold": 1
  }, 
  {
    "citance_No": 9, 
    "citing_paper_id": "P04-1040", 
    "citing_paper_authority": 10, 
    "citing_paper_authors": "Valentin, Jijkoun | Maarten, de Rijke", 
    "raw_text": "Thus, it is informative to compare our results with those reported in (Blaheta and Charniak, 2000) for this same task", 
    "clean_text": "Thus, it is informative to compare our results with those reported in (Blaheta and Charniak, 2000) for this same task.", 
    "keep_for_gold": 0
  }, 
  {
    "citance_No": 10, 
    "citing_paper_id": "P04-1040", 
    "citing_paper_authority": 10, 
    "citing_paper_authors": "Valentin, Jijkoun | Maarten, de Rijke", 
    "raw_text": "Method Accuracy P R f Blaheta 98.6 87.2 87.4 87.3 This paper 94.7 90.2 86.9 88.5 The difference in the accuracy is due to two reasons. First, because of the different definition of a correctly identified constituent in the parser? s output, we apply our method to a greater portion of all labels produced by the parser (95% vs. 89% reported in (Blaheta and Charniak, 2000))", 
    "clean_text": "The difference in the accuracy is due to two reasons. First, because of the different definition of a correctly identified constituent in the parser? s output, we apply our method to a greater portion of all labels produced by the parser (95% vs. 89% reported in (Blaheta and Charniak, 2000)).", 
    "keep_for_gold": 0
  }, 
  {
    "citance_No": 11, 
    "citing_paper_id": "P04-1040", 
    "citing_paper_authority": 10, 
    "citing_paper_authors": "Valentin, Jijkoun | Maarten, de Rijke", 
    "raw_text": "TiMBL performed well on tasks where structured, more complicated and task-specific statistical models have been used previously (Blaheta and Charniak, 2000)", 
    "clean_text": "TiMBL performed well on tasks where structured, more complicated and task-specific statistical models have been used previously (Blaheta and Charniak, 2000).", 
    "keep_for_gold": 0
  }, 
  {
    "citance_No": 12, 
    "citing_paper_id": "W03-1210", 
    "citing_paper_authority": 23, 
    "citing_paper_authors": "Roxana, G&icirc;rju", 
    "raw_text": "Many researchers ((Blaheta and Charniak 2000), (Gildea and Jurafsky 2000), showed that lexical and syntactic information is very useful for predicate argument recognition tasks, such as semantic roles", 
    "clean_text": "Many researchers ((Blaheta and Charniak 2000), (Gildea and Jurafsky 2000), showed that lexical and syntactic information is very useful for predicate argument recognition tasks, such as semantic roles.", 
    "keep_for_gold": 0
  }, 
  {
    "citance_No": 13, 
    "citing_paper_id": "H05-1078", 
    "citing_paper_authority": 8, 
    "citing_paper_authors": "Paola, Merlo | Gabriele, Musillo", 
    "raw_text": "Unlike phrase structure labels ,func 620 Syntactic Labels Semantic Labels DTV dative ADV adverbial LGS logical subject BNFbenefactive PRD predicate DIR direction PUTcompl of put EXT extent SBJ surface subject LOC locative VOC vocative MNR manner Miscellaneous Labels NOM nominal CLF it-cleft PRP purpose or reason HLN headline TMP temporal TTL title Topic Labels CLR closely related TPCtopicalized Table 1: Complete set of function labels in the Penn Treebank.tion labels are context-dependent and encode a shallow level of phrasal and lexical semantics, as ob served first in (Blaheta and Charniak, 2000) .1 To a large extent, they overlap with semantic role labels as defined in PropBank (Palmer et al, 2005)", 
    "clean_text": "", 
    "keep_for_gold": 0
  }, 
  {
    "citance_No": 14, 
    "citing_paper_id": "H05-1078", 
    "citing_paper_authority": 8, 
    "citing_paper_authors": "Paola, Merlo | Gabriele, Musillo", 
    "raw_text": "While the function of a constituent and its structural position are often correlated, they some 1 (Blaheta and Charniak, 2000) talk of function tags", 
    "clean_text": "While the function of a constituent and its structural position are often correlated, they some (Blaheta and Charniak, 2000) talk of function tags.", 
    "keep_for_gold": 0
  }, 
  {
    "citance_No": 15, 
    "citing_paper_id": "H05-1078", 
    "citing_paper_authority": 8, 
    "citing_paper_authors": "Paola, Merlo | Gabriele, Musillo", 
    "raw_text": "Fol lowing (Blaheta and Charniak, 2000), we refer to the first class as syntactic function labels, and to the second class as semantic function labels", 
    "clean_text": "Following (Blaheta and Charniak, 2000), we refer to the first class as syntactic function labels, and to the second class as semantic function labels.", 
    "keep_for_gold": 0
  }, 
  {
    "citance_No": 16, 
    "citing_paper_id": "H05-1078", 
    "citing_paper_authority": 8, 
    "citing_paper_authors": "Paola, Merlo | Gabriele, Musillo", 
    "raw_text": "Like previous work (Blaheta and Charniak, 2000), we complete the sets of syntactic and semantic labels by labelling constituents that do not bear any function label with a NULLlabel.3 2.3 Evaluation", 
    "clean_text": "Like previous work (Blaheta and Charniak, 2000), we complete the sets of syntactic and semantic labels by labelling constituents that do not bear any function label with a NULL label.", 
    "keep_for_gold": 0
  }, 
  {
    "citance_No": 17, 
    "citing_paper_id": "H05-1078", 
    "citing_paper_authority": 8, 
    "citing_paper_authors": "Paola, Merlo | Gabriele, Musillo", 
    "raw_text": "Following (Blaheta and Charniak, 2000), incorrectly parsed constituents will be ignored (roughly 11% of the total) in the evaluation of the precision and recall of the function labels, but not in the evaluation of the parser", 
    "clean_text": "Following (Blaheta and Charniak, 2000), incorrectly parsed constituents will be ignored (roughly 11% of the total) in the evaluation of the precision and recall of the function labels, but not in the evaluation of the parser.", 
    "keep_for_gold": 0
  }, 
  {
    "citance_No": 18, 
    "citing_paper_id": "H05-1078", 
    "citing_paper_authority": 8, 
    "citing_paper_authors": "Paola, Merlo | Gabriele, Musillo", 
    "raw_text": "In work that predates the availability of Framenet and Propbank, (Blaheta and Charniak, 2000) define the task of function labelling for the first time and highlight its relevance for NLP", 
    "clean_text": "In work that predates the availability of Framenet and Propbank, (Blaheta and Charniak, 2000) define the task of function labelling for the first time and highlight its relevance for NLP.", 
    "keep_for_gold": 0
  }, 
  {
    "citance_No": 19, 
    "citing_paper_id": "C02-1013", 
    "citing_paper_authority": 12, 
    "citing_paper_authors": "John, Carroll | Ted, Briscoe", 
    "raw_text": "Blaheta and Charniak (2000) assume a richer input representation consisting of labelled trees produced by a tree bank grammar parser, and use the tree bank again to train a further procedure that assigns grammatical function tags to syntactic constituents in the trees", 
    "clean_text": "Blaheta and Charniak (2000) assume a richer input representation consisting of labelled trees produced by a tree bank grammar parser, and use the tree bank again to train a further procedure that assigns grammatical function tags to syntactic constituents in the trees.", 
    "keep_for_gold": 0
  }, 
  {
    "citance_No": 20, 
    "citing_paper_id": "C02-1013", 
    "citing_paper_authority": 12, 
    "citing_paper_authors": "John, Carroll | Ted, Briscoe", 
    "raw_text": "Blaheta and Charniak (2000) report an F-score of 87% for assigning grammatical function tags to constituents, but the task, and therefore the scoring method, is rather different. For the work reported in this paper we have ex tended Carroll et al? s basic system ,implementinga version of Schmid and Rooth? s expected governor technique (see section 1 above) but adapted for unification-based grammar and GR-based analyses", 
    "clean_text": "Blaheta and Charniak (2000) report an F-score of 87% for assigning grammatical function tags to constituents, but the task, and therefore the scoring method, is rather different.", 
    "keep_for_gold": 0
  }
]
