[
  {
    "citance_No": 1, 
    "citing_paper_id": "P09-1074", 
    "citing_paper_authority": 31, 
    "citing_paper_authors": "Veselin, Stoyanov | Nathan, Gilbert | Claire, Cardie | Ellen, Riloff", 
    "raw_text": "This system is a classification-based co reference resolver, modeled after the systems of Ng and Cardie (2002b) and Bengtson and Roth (2008)", 
    "clean_text": "", 
    "keep_for_gold": 0
  }, 
  {
    "citance_No": 2, 
    "citing_paper_id": "P09-1074", 
    "citing_paper_authority": 31, 
    "citing_paper_authors": "Veselin, Stoyanov | Nathan, Gilbert | Claire, Cardie | Ellen, Riloff", 
    "raw_text": "fairly comprehensive set of 61 features introduced in previous co reference resolution systems (see Bengtson and Roth (2008))", 
    "clean_text": "To achieve roughly state-of-theart performance, RECONCILEACL09 employs a fairly comprehensive set of 61 features introduced in previous coreference resolution systems (see Bengtson and Roth (2008)).", 
    "keep_for_gold": 0
  }, 
  {
    "citance_No": 3, 
    "citing_paper_id": "P09-1074", 
    "citing_paper_authority": 31, 
    "citing_paper_authors": "Veselin, Stoyanov | Nathan, Gilbert | Claire, Cardie | Ellen, Riloff", 
    "raw_text": "Bengtson and Roth (2008) simply discard twinless CEs, but this solution is likely too lenient? it doles no punishment for mistakes on twinless annotated or extracted CEs and it would be tricked, for example, by a system that extracts only the CEs about which it is most confident", 
    "clean_text": "Bengtson and Roth (2008) simply discard twinless CEs, but this solution is likely too lenient - it doles no punishment for mistakes on twinless annotated or extracted CEs and it would be tricked, for example, by a system that extracts only the CEs about which it is most confident.", 
    "keep_for_gold": 0
  }, 
  {
    "citance_No": 4, 
    "citing_paper_id": "P11-1082", 
    "citing_paper_authority": 19, 
    "citing_paper_authors": "Altaf, Rahman | Vincent, Ng", 
    "raw_text": "IIIand Marcu (2005), Ng (2007)), and co reference annotated data (e.g., Bengtson and Roth (2008)) .While each of these three sources of world knowledge has been shown to improve co reference resolution, the improvements were typically obtained by incorporating world knowledge (as features) into abaseline resolver composed of a rather weak coref erence model (i.e., the mention-pair model) and a small set of features (i.e., the 12 features adopted by Soon et al? s (2001) knowledge-lean approach)", 
    "clean_text": "", 
    "keep_for_gold": 0
  }, 
  {
    "citance_No": 5, 
    "citing_paper_id": "P10-2029", 
    "citing_paper_authority": 14, 
    "citing_paper_authors": "Veselin, Stoyanov | Claire, Cardie | Nathan, Gilbert | Ellen, Riloff | David, Buttler | David, Hysom", 
    "raw_text": "Reconcile is a modular software platform that abstracts the basic architecture of most contemporary supervised learning based co reference resolution systems (e.g., Soon et al (2001), Ng and Cardie (2002), Bengtson and Roth (2008)) and achieves performance comparable to the state-of-the-art on several benchmark data sets", 
    "clean_text": "", 
    "keep_for_gold": 0
  }, 
  {
    "citance_No": 6, 
    "citing_paper_id": "P10-2029", 
    "citing_paper_authority": 14, 
    "citing_paper_authors": "Veselin, Stoyanov | Claire, Cardie | Nathan, Gilbert | Ellen, Riloff | David, Buttler | David, Hysom", 
    "raw_text": "BART, in particular, can be considered an alternative to Reconcile, although we believe that Reconcile ?sapproach is more flexible than BART? s. Inaddition, the architecture and system components of Reconcile (including a comprehensive set of features that draw on the expertise of state-of-the-art supervised learning approaches, such as Bengtson and Roth (2008)) result in performance closer to the state-of-the-art. Coreference resolution has received much research attention, resulting in an array of approaches, algorithms and features", 
    "clean_text": "Inaddition, the architecture and system components of Reconcile (including a comprehensive set of features that draw on the expertise of state-of-the-art supervised learning approaches, such as Bengtson and Roth (2008)) result in performance closer to the state-of-the-art.", 
    "keep_for_gold": 0
  }, 
  {
    "citance_No": 7, 
    "citing_paper_id": "P10-2029", 
    "citing_paper_authority": 14, 
    "citing_paper_authors": "Veselin, Stoyanov | Claire, Cardie | Nathan, Gilbert | Ellen, Riloff | David, Buttler | David, Hysom", 
    "raw_text": "The features were selected to include most of the features from Soon et al Soon et al (2001), Ng and Cardie (2002) and Bengtson and Roth (2008)", 
    "clean_text": "", 
    "keep_for_gold": 0
  }, 
  {
    "citance_No": 8, 
    "citing_paper_id": "W11-1904", 
    "citing_paper_authority": 7, 
    "citing_paper_authors": "Kai-Wei, Chang | Rajhans, Samdani | Alla, Rozovskaya | Nick, Rizzolo | Mark, Sammons | Dan, Roth", 
    "raw_text": "Building on elements of the co reference system described in Bengtson and Roth (2008), we design an end-to-end system (Sec", 
    "clean_text": "Building on elements of the coreference system described in Bengtson and Roth (2008), we design an end-to-end system (Sec. 2) that identifies candidate mentions and then applies one of two inference protocols, Best-Link and All-Link (Sec. 2.3), to disambiguate and cluster them.", 
    "keep_for_gold": 0
  }, 
  {
    "citance_No": 9, 
    "citing_paper_id": "W11-1904", 
    "citing_paper_authority": 7, 
    "citing_paper_authors": "Kai-Wei, Chang | Rajhans, Samdani | Alla, Rozovskaya | Nick, Rizzolo | Mark, Sammons | Dan, Roth", 
    "raw_text": "Illinois-Coref follows the architecture used inBengtson and Roth (2008)", 
    "clean_text": "Illinois-Coref follows the architecture used in Bengtson and Roth (2008).", 
    "keep_for_gold": 0
  }, 
  {
    "citance_No": 10, 
    "citing_paper_id": "W11-1904", 
    "citing_paper_authority": 7, 
    "citing_paper_authors": "Kai-Wei, Chang | Rajhans, Samdani | Alla, Rozovskaya | Nick, Rizzolo | Mark, Sammons | Dan, Roth", 
    "raw_text": "40For the ACE 2004 co reference task, a good performance in mention detection is typically achieved by training a classifier e.g., (Bengtson and Roth, 2008)", 
    "clean_text": "For the ACE 2004 coreference task, a good performance in mention detection is typically achieved by training a classifier e.g., (Bengtson and Roth, 2008).", 
    "keep_for_gold": 0
  }, 
  {
    "citance_No": 11, 
    "citing_paper_id": "W11-1904", 
    "citing_paper_authority": 7, 
    "citing_paper_authors": "Kai-Wei, Chang | Rajhans, Samdani | Alla, Rozovskaya | Nick, Rizzolo | Mark, Sammons | Dan, Roth", 
    "raw_text": "We use the same features as Bengtson and Roth (2008), with the knowledge extracted from the OntoNotes-4.0 annotation", 
    "clean_text": "We use the same features as Bengtson and Roth (2008), with the knowledge extracted from the OntoNotes-4.0 annotation.", 
    "keep_for_gold": 0
  }, 
  {
    "citance_No": 12, 
    "citing_paper_id": "W11-1904", 
    "citing_paper_authority": 7, 
    "citing_paper_authors": "Kai-Wei, Chang | Rajhans, Samdani | Alla, Rozovskaya | Nick, Rizzolo | Mark, Sammons | Dan, Roth", 
    "raw_text": "Although its strategy is simple, Bengtson and Roth (2008) show that with a careful design, it can achieve highly competitive performance", 
    "clean_text": "Although its strategy is simple, Bengtson and Roth (2008) show that with a careful design, it can achieve highly competitive performance.", 
    "keep_for_gold": 0
  }, 
  {
    "citance_No": 13, 
    "citing_paper_id": "P10-1142", 
    "citing_paper_authority": 27, 
    "citing_paper_authors": "Vincent, Ng", 
    "raw_text": "For example, a memorization feature is a word pair composed of the head nouns of the two NPs involved in an instance (Bengtson and Roth, 2008)", 
    "clean_text": "For example, a memorization feature is a word pair composed of the head nouns of the two NPs involved in an instance (Bengtson and Roth, 2008).", 
    "keep_for_gold": 0
  }, 
  {
    "citance_No": 14, 
    "citing_paper_id": "P10-1142", 
    "citing_paper_authority": 27, 
    "citing_paper_authors": "Vincent, Ng", 
    "raw_text": "For an empirical evaluation of the contribution of a subset of these features to the mention-pair model, see Bengtson and Roth (2008)", 
    "clean_text": "For an empirical evaluation of the contribution of a subset of these features to the mention-pair model, see Bengtson and Roth (2008).", 
    "keep_for_gold": 0
  }, 
  {
    "citance_No": 15, 
    "citing_paper_id": "W11-1910", 
    "citing_paper_authority": 1, 
    "citing_paper_authors": "Hamidreza, Kobdani | Hinrich, Sch&uuml;tze", 
    "raw_text": "(Bengtson and Roth, 2008)", 
    "clean_text": "", 
    "keep_for_gold": 0
  }, 
  {
    "citance_No": 16, 
    "citing_paper_id": "N10-1066", 
    "citing_paper_authority": 15, 
    "citing_paper_authors": "Ming-Wei, Chang | Dan, Goldwasser | Dan, Roth | Vivek, Srikumar", 
    "raw_text": "We used the state-of-the-art co reference resolution system of (Bengtson and Roth, 2008) to identify the canonical entities for pronouns and extract features accordingly", 
    "clean_text": "We used the state-of-the-art coreference resolution system of (Bengtson and Roth, 2008) to identify the canonical entities for pronouns and extract features accordingly.", 
    "keep_for_gold": 0
  }, 
  {
    "citance_No": 17, 
    "citing_paper_id": "W12-4513", 
    "citing_paper_authority": 2, 
    "citing_paper_authors": "Kai-Wei, Chang | Rajhans, Samdani | Alla, Rozovskaya | Mark, Sammons | Dan, Roth", 
    "raw_text": "Note that we solve the above Best-Link inference using an efficient algorithm (Bengtson and Roth, 2008) which runs in time quadratic in the number of mentions", 
    "clean_text": "Note that we solve the above Best-Link inference using an efficient algorithm (Bengtson and Roth, 2008) which runs in time quadratic in the number of mentions.", 
    "keep_for_gold": 1
  }, 
  {
    "citance_No": 18, 
    "citing_paper_id": "W12-4513", 
    "citing_paper_authority": 2, 
    "citing_paper_authors": "Kai-Wei, Chang | Rajhans, Samdani | Alla, Rozovskaya | Mark, Sammons | Dan, Roth", 
    "raw_text": "The baseline system applies the strategy in (Bengtson and Roth, 2008, Section 2.2) to learn the pairwise scoring functionw using the Averaged Perceptron algorithm", 
    "clean_text": "The baseline system applies the strategy in (Bengtson and Roth, 2008, Section 2.2) to learn the pairwise scoring functions using the Averaged Perceptron algorithm.", 
    "keep_for_gold": 0
  }, 
  {
    "citance_No": 19, 
    "citing_paper_id": "D12-1114", 
    "citing_paper_authority": 2, 
    "citing_paper_authors": "Xin, Zhao | Yang, Song | Sujian, Li | Jing, Jiang | Houfeng, Wang", 
    "raw_text": "Among them the mention pair model (McCarthy and Lehnert, 1995) is one of the most influential ones and can achieve the state of-the-art performance (Bengtson and Roth, 2008)", 
    "clean_text": "Among them the mention pair model (McCarthy and Lehnert, 1995) is one of the most influential ones and can achieve the state of-the-art performance (Bengtson and Roth, 2008).", 
    "keep_for_gold": 0
  }, 
  {
    "citance_No": 20, 
    "citing_paper_id": "D12-1114", 
    "citing_paper_authority": 2, 
    "citing_paper_authors": "Xin, Zhao | Yang, Song | Sujian, Li | Jing, Jiang | Houfeng, Wang", 
    "raw_text": "Best-first clustering has been previously studied by Ng and Cardie (2002) and Bengtson and Roth (2008) and found to be effective", 
    "clean_text": "Best-first clustering has been previously studied by Ng and Cardie (2002) and Bengtson and Roth (2008) and found to be effective.", 
    "keep_for_gold": 0
  }
]
