[
  {
    "citance_No": 1, 
    "citing_paper_id": "E12-1005", 
    "citing_paper_authority": 2, 
    "citing_paper_authors": "Jackie Chi Kit, Cheung | Gerald, Penn", 
    "raw_text": "Take the following example from Poon and Domingos (2009), in which the same semantic relation can be expressed by a transitive verb or an attributive prepositional phrase: (1) Utah borders Idaho", 
    "clean_text": "Take the following example from Poon and Domingos (2009), in which the same semantic relation can be expressed by a transitive verb or an attributive prepositional phrase: (1) Utah borders Idaho.", 
    "keep_for_gold": 0
  }, 
  {
    "citance_No": 2, 
    "citing_paper_id": "E12-1005", 
    "citing_paper_authority": 2, 
    "citing_paper_authors": "Jackie Chi Kit, Cheung | Gerald, Penn", 
    "raw_text": "To do so, we semi-automatically restrict the question-answer pairs by using the output of an unsupervised clustering semantic parser (Poonand Domingos, 2009)", 
    "clean_text": "To do so, we semi-automatically restrict the question-answer pairs by using the output of an unsupervised clustering semantic parser (Poon and Domingos, 2009).", 
    "keep_for_gold": 0
  }, 
  {
    "citance_No": 3, 
    "citing_paper_id": "E12-1005", 
    "citing_paper_authority": 2, 
    "citing_paper_authors": "Jackie Chi Kit, Cheung | Gerald, Penn", 
    "raw_text": "We used the question-answer pairs extracted by the Poon and Domingos (2009) semantic parser from the GENIA biomedical corpus that have been manually checked to be correct (295 pairs)", 
    "clean_text": "We used the question-answer pairs extracted by the Poon and Domingos (2009) semantic parser from the GENIA biomedical corpus that have been manually checked to be correct (295 pairs).", 
    "keep_for_gold": 0
  }, 
  {
    "citance_No": 4, 
    "citing_paper_id": "P13-1042", 
    "citing_paper_authority": 14, 
    "citing_paper_authors": "Qingqing, Cai | Alexander, Yates", 
    "raw_text": "More recent examples of similar techniques include the Resolver system (Yates and Etzioni, 2009) and Poon and Domingos? s USP system (Poon and Domingos, 2009)", 
    "clean_text": "More recent examples of similar techniques include the Resolver system (Yates and Etzioni, 2009) and Poon and Domingos's USP system (Poon and Domingos, 2009).", 
    "keep_for_gold": 0
  }, 
  {
    "citance_No": 5, 
    "citing_paper_id": "P11-1060", 
    "citing_paper_authority": 47, 
    "citing_paper_authors": "Percy, Liang | Michael I., Jordan | Dan, Klein", 
    "raw_text": "On the other hand, existing unsupervised semantic parsers (Poon and Domingos, 2009) do not handle deeper linguistic phenomena such as quantification, negation, and superlatives", 
    "clean_text": "On the other hand, existing unsupervised semantic parsers (Poon and Domingos, 2009) do not handle deeper linguistic phenomena such as quantification, negation, and superlatives.", 
    "keep_for_gold": 0
  }, 
  {
    "citance_No": 6, 
    "citing_paper_id": "P11-1145", 
    "citing_paper_authority": 13, 
    "citing_paper_authors": "Ivan, Titov | Alexandre, Klementiev", 
    "raw_text": "Following Poon and Domingos (2009), we consider a semantic parsing setting where the goal is to (1) decompose the syntactic dependency tree of a sentence into fragments, (2) assign each of these fragments to a cluster of semantically equivalent syntactic structures, and (3) predict predicate-argument relations between the fragments", 
    "clean_text": "Following Poon and Domingos (2009), we consider a semantic parsing setting where the goal is to (1) decompose the syntactic dependency tree of a sentence into fragments, (2) assign each of these fragments to a cluster of semantically equivalent syntactic structures, and (3) predict predicate-argument relations between the fragments.", 
    "keep_for_gold": 1
  }, 
  {
    "citance_No": 7, 
    "citing_paper_id": "P11-1145", 
    "citing_paper_authority": 13, 
    "citing_paper_authors": "Ivan, Titov | Alexandre, Klementiev", 
    "raw_text": "Ournon-parametric model automatically discovers granularity of clustering appropriate for the dataset ,un like the parametric method of (Poon and Domingos, 2009) which have to perform model selection and use heuristics to penalize more complex models of semantics", 
    "clean_text": "Our non-parametric model automatically discovers granularity of clustering appropriate for the dataset, unlike the parametric method of (Poon and Domingos, 2009) which have to perform model selection and use heuristics to penalize more complex models of semantics.", 
    "keep_for_gold": 0
  }, 
  {
    "citance_No": 8, 
    "citing_paper_id": "P11-1145", 
    "citing_paper_authority": 13, 
    "citing_paper_authors": "Ivan, Titov | Alexandre, Klementiev", 
    "raw_text": "In our case, the state space size equals the total number of distinct semantic clusters, and, thus, is expected to be exceedingly large even for moderate datasets: for example, the MLN model induces 18,543 distinct clusters from 18,471 sentences of the GENIA corpus (Poon and Domingos, 2009) .This suggests that standard inference methods for hierarchical PY processes, such as Gibbs sampling, Metropolis-Hastings (MH) sampling with uniform proposals, or the structured mean-field algorithm, are unlikely to result in efficient inference: for ex ample in standard Gibbs sampling all thousands of alternatives should be considered at each sampling move", 
    "clean_text": "In our case, the state space size equals the total number of distinct semantic clusters, and, thus, is expected to be exceedingly large even for moderate datasets: for example, the MLN model induces 18,543 distinct clusters from 18,471 sentences of the GENIA corpus (Poon and Domingos, 2009).", 
    "keep_for_gold": 0
  }, 
  {
    "citance_No": 9, 
    "citing_paper_id": "P11-1145", 
    "citing_paper_authority": 13, 
    "citing_paper_authors": "Ivan, Titov | Alexandre, Klementiev", 
    "raw_text": "In both cases, we follow (Poon and Domingos, 2009) in using the corpus of biomedical abstracts", 
    "clean_text": "In both cases, we follow (Poon and Domingos, 2009) in using the corpus of biomedical abstracts.", 
    "keep_for_gold": 0
  }, 
  {
    "citance_No": 10, 
    "citing_paper_id": "P11-1145", 
    "citing_paper_authority": 13, 
    "citing_paper_authors": "Ivan, Titov | Alexandre, Klementiev", 
    "raw_text": "Second, lambda calculus is a considerably more powerful formalism than the predicate-argument structure used in frame semantics, normally supporting quantification and logical connectors (for example ,negation and disjunction), neither of which is modeled by our model or in (Poon and Domingos, 2009)", 
    "clean_text": "Second, lambda calculus is a considerably more powerful formalism than the predicate-argument structure used in frame semantics, normally supporting quantification and logical connectors (for example, negation and disjunction), neither of which is modeled by our model or in (Poon and Domingos, 2009).", 
    "keep_for_gold": 0
  }, 
  {
    "citance_No": 11, 
    "citing_paper_id": "P11-1145", 
    "citing_paper_authority": 13, 
    "citing_paper_authors": "Ivan, Titov | Alexandre, Klementiev", 
    "raw_text": "Third, as in (Poon and Domin gos, 2009), we do not model polysemy as we assume 1Semantic classes correspond to lambda-form clusters in (Poon and Domingos, 2009) terminology", 
    "clean_text": "Semantic classes correspond to lambda-form clusters in (Poon and Domingos, 2009) terminology.", 
    "keep_for_gold": 0
  }, 
  {
    "citance_No": 12, 
    "citing_paper_id": "P11-1145", 
    "citing_paper_authority": 13, 
    "citing_paper_authors": "Ivan, Titov | Alexandre, Klementiev", 
    "raw_text": "The work of (Poon and Domingos, 2009) models joint probability of the dependency tree and its latent semantic representation using Markov Logic Net works (MLNs) (Richardson and Domingos, 2006), selecting parameters (weights of first-order clauses) to maximize the probability of the observed dependency structures", 
    "clean_text": "The work of (Poon and Domingos, 2009) models joint probability of the dependency tree and its latent semantic representation using Markov Logic Networks (MLNs) (Richardson and Domingos, 2006), selecting parameters (weights of first-order clauses) to maximize the probability of the observed dependency structures.", 
    "keep_for_gold": 1
  }, 
  {
    "citance_No": 13, 
    "citing_paper_id": "P11-1145", 
    "citing_paper_authority": 13, 
    "citing_paper_authors": "Ivan, Titov | Alexandre, Klementiev", 
    "raw_text": "In order to overcome this problem, (Poon and Domingos, 2009) group parameters and impose local normalization constraints within each group", 
    "clean_text": "In order to overcome this problem, (Poon and Domingos, 2009) group parameters and impose local normalization constraints within each group.", 
    "keep_for_gold": 1
  }, 
  {
    "citance_No": 14, 
    "citing_paper_id": "P11-1145", 
    "citing_paper_authority": 13, 
    "citing_paper_authors": "Ivan, Titov | Alexandre, Klementiev", 
    "raw_text": "We now turn to the QA task and compare our model (USP-BAYES) with the results of baselines considered in (Poon and Domingos, 2009)", 
    "clean_text": "We now turn to the QA task and compare our model (USP-BAYES) with the results of baselines considered in (Poon and Domingos, 2009).", 
    "keep_for_gold": 0
  }, 
  {
    "citance_No": 15, 
    "citing_paper_id": "D12-1069", 
    "citing_paper_authority": 17, 
    "citing_paper_authors": "Jayant, Krishnamurthy | Tom M., Mitchell", 
    "raw_text": "Otherapproaches are completely unsupervised, but do not tie the language to an existing meaning representation (Poon and Domingos, 2009)", 
    "clean_text": "Other approaches are completely unsupervised, but do not tie the language to an existing meaning representation (Poon and Domingos, 2009).", 
    "keep_for_gold": 0
  }, 
  {
    "citance_No": 16, 
    "citing_paper_id": "W10-0907", 
    "citing_paper_authority": 3, 
    "citing_paper_authors": "Janara, Christensen | Mausam,  | Stephen, Soderland | Oren, Etzioni", 
    "raw_text": "USP (Poon and Domingos, 2009) is based on Markov Logic Networks and attempts to create a full semantic parse in an unsupervised fashion", 
    "clean_text": "USP (Poon and Domingos, 2009) is based on Markov Logic Networks and attempts to create a full semantic parse in an unsupervised fashion.", 
    "keep_for_gold": 0
  }, 
  {
    "citance_No": 17, 
    "citing_paper_id": "W11-0112", 
    "citing_paper_authority": 7, 
    "citing_paper_authors": "Dan, Garrette | Katrin, Erk | Raymond J., Mooney", 
    "raw_text": "Markov Logic has been used previously in other NLP application (e.g. Poon and Domingos (2009))", 
    "clean_text": "Markov Logic has been used previously in other NLP application (e.g. Poon and Domingos (2009)).", 
    "keep_for_gold": 0
  }, 
  {
    "citance_No": 18, 
    "citing_paper_id": "D12-1111", 
    "citing_paper_authority": 6, 
    "citing_paper_authors": "John C., Platt | Scott Wen-Tau, Yih | Geoffrey, Zweig", 
    "raw_text": "Despite the existence of a large amount of related work in the literature, distinguishing synonyms and antonyms is still considered as a difficult open problem in general (Poon and Domingos, 2009) .In this paper, we fuse these two strands of research in an attempt to develop a vector space representation in which the synonymy and antonymy are naturally differentiated", 
    "clean_text": "Despite the existence of a large amount of related work in the literature, distinguishing synonyms and antonyms is still considered as a difficult open problem in general (Poon and Domingos, 2009).", 
    "keep_for_gold": 0
  }, 
  {
    "citance_No": 19, 
    "citing_paper_id": "C10-1007", 
    "citing_paper_authority": 6, 
    "citing_paper_authors": "Shane, Bergsma | Colin, Cherry", 
    "raw_text": "Dependency information is useful for a wealth of natural language processing tasks, including question answering (Wang et al, 2007), semantic parsing (Poon and Domingos, 2009), and machine translation (Galley and Manning, 2009)", 
    "clean_text": "Dependency information is useful for a wealth of natural language processing tasks, including question answering (Wang et al, 2007), semantic parsing (Poon and Domingos, 2009), and machine translation (Galley and Manning, 2009).", 
    "keep_for_gold": 0
  }, 
  {
    "citance_No": 20, 
    "citing_paper_id": "P10-1098", 
    "citing_paper_authority": 6, 
    "citing_paper_authors": "Ivan, Titov | Mikhail, Kozhevnikov", 
    "raw_text": "Such annotated resources are scarce and expensive to create, motivating the need for unsupervised or semi-supervised techniques (Poon and Domingos, 2009)", 
    "clean_text": "Such annotated resources are scarce and expensive to create, motivating the need for unsupervised or semi-supervised techniques (Poon and Domingos, 2009).", 
    "keep_for_gold": 0
  }
]
