[
  {
    "citance_No": 1, 
    "citing_paper_id": "P12-1044", 
    "citing_paper_authority": 4, 
    "citing_paper_authors": "Thomas, Lippincott | Diarmuid, &Oacute; S&eacute;aghdha | Anna, Korhonen", 
    "raw_text": "In a sense this is encouraging, as it motivates our most exciting future work: augmenting this simple model to explicitly capture complementary information such as distributional semantics (Blei et al, 2003), diathesis alternations (McCarthy, 2000) and selectional preferences (O? Se ?aghdha, 2010)", 
    "clean_text": "In a sense this is encouraging, as it motivates our most exciting future work: augmenting this simple model to explicitly capture complementary information such as distributional semantics (Blei et al, 2003), diathesis alternations (McCarthy, 2000) and selectional preferences (OSeaghdha, 2010).", 
    "keep_for_gold": 0
  }, 
  {
    "citance_No": 2, 
    "citing_paper_id": "W04-2605", 
    "citing_paper_authority": 3, 
    "citing_paper_authors": "Vivian, Tsang | Suzanne, Stevenson", 
    "raw_text": "In contrast to comparing head nouns directly, McCarthy (2000) instead compares the selectional preferences for each of the two slots (captured by a probability distribution over WordNet)", 
    "clean_text": "In contrast to comparing head nouns directly, McCarthy (2000) instead compares the selectional preferences for each of the two slots (captured by a probability distribution over WordNet).", 
    "keep_for_gold": 0
  }, 
  {
    "citance_No": 3, 
    "citing_paper_id": "W04-2605", 
    "citing_paper_authority": 3, 
    "citing_paper_authors": "Vivian, Tsang | Suzanne, Stevenson", 
    "raw_text": "The approach of McCarthy (2000), on the other hand, addresses the generalization problem by comparing probability distributions over WordNet", 
    "clean_text": "The approach of McCarthy (2000), on the other hand, addresses the generalization problem by comparing probability distributions over WordNet.", 
    "keep_for_gold": 0
  }, 
  {
    "citance_No": 4, 
    "citing_paper_id": "W04-2605", 
    "citing_paper_authority": 3, 
    "citing_paper_authors": "Vivian, Tsang | Suzanne, Stevenson", 
    "raw_text": "As mentioned above, McCarthy (2000) suggested the use of selectional profiles to capture generalizations over argument slots, so that two argument slots could be effectively compared for detecting alternations", 
    "clean_text": "As mentioned above, McCarthy (2000) suggested the use of selectional profiles to capture generalizations over argument slots, so that two argument slots could be effectively compared for detecting alternations.", 
    "keep_for_gold": 0
  }, 
  {
    "citance_No": 5, 
    "citing_paper_id": "W04-2605", 
    "citing_paper_authority": 3, 
    "citing_paper_authors": "Vivian, Tsang | Suzanne, Stevenson", 
    "raw_text": "In McCarthy (2000), an error analysis reveals that the best method has more false positives than false negatives? some slots are considered overly similar because the selectional profiles are compared at a coarse grained level, losing fine semantic distinctions", 
    "clean_text": "", 
    "keep_for_gold": 0
  }, 
  {
    "citance_No": 6, 
    "citing_paper_id": "W04-2605", 
    "citing_paper_authority": 3, 
    "citing_paper_authors": "Vivian, Tsang | Suzanne, Stevenson", 
    "raw_text": "The two profiles become: \u0016\u0018\u0017fi\u0019fiff2fl \u0004! 3& quot; 4$& amp;, *\u0013& amp; (&apos;), *\u0013& amp;, &apos;, *\u000e& amp; (*\u0006& amp;, *\u0013& amp; (*\u0006& amp;, *\u0013& amp; (&apos;, *\u0013& amp;, &apos; 65\u0004/ \u0016\u0018\u0017fi\u0019fiff2fl 0& quot; 4$& amp;, *\u0013& amp; (*\u0013& amp;, *\u0006& amp; (&apos;. (*\u0013& amp;, &apos;. (*\u000e& amp; (&apos;, *\u0013& amp;, &apos;, *\u0013& amp; (*\u0013& amp; \u0014/ In the first method (that of McCarthy, 2000), the two profiles become identical", 
    "clean_text": "In the first method (that of McCarthy, 2000), the two profiles become identical.", 
    "keep_for_gold": 0
  }, 
  {
    "citance_No": 7, 
    "citing_paper_id": "W04-2605", 
    "citing_paper_authority": 3, 
    "citing_paper_authors": "Vivian, Tsang | Suzanne, Stevenson", 
    "raw_text": "We evaluate our method on the causative alternation in order for comparison to the earlier methods of McCarthy (2000) and Merlo and Stevenson (2001)", 
    "clean_text": "We evaluate our method on the causative alternation in order for comparison to the earlier methods of McCarthy (2000) and Merlo and Stevenson (2001).", 
    "keep_for_gold": 0
  }, 
  {
    "citance_No": 8, 
    "citing_paper_id": "W04-2605", 
    "citing_paper_authority": 3, 
    "citing_paper_authors": "Vivian, Tsang | Suzanne, Stevenson", 
    "raw_text": "This means that the kind of straightforward propagation method used by McCarthy (2000) is not applicable to selectional profiles of this type. We compare SPD to a number of other measures ,ap plied directly to the (unpropagated) probability profiles given by the Clark-Weir method: the probability distribution distances given by skew divergence (skew) and Jensen-Shannon divergence (JS) (Lee, 2001), as well as the general vector distances of cosine (cos), Manhattan distance (L1 norm), and euclidean distance (L2 norm)", 
    "clean_text": "This means that the kind of straightforward propagation method used by McCarthy (2000) is not applicable to selectional profiles of this type.", 
    "keep_for_gold": 0
  }, 
  {
    "citance_No": 9, 
    "citing_paper_id": "W04-2605", 
    "citing_paper_authority": 3, 
    "citing_paper_authors": "Vivian, Tsang | Suzanne, Stevenson", 
    "raw_text": "The method addresses conceptual problems of an earlier measure proposed by McCarthy (2000), which was limited to tree cut models (Li and Abe, 1998) and failed to distinguish detailed semantic differences be tween them", 
    "clean_text": "The method addresses conceptual problems of an earlier measure proposed by McCarthy (2000), which was limited to tree cut models (Li and Abe, 1998) and failed to distinguish detailed semantic differences between them.", 
    "keep_for_gold": 0
  }, 
  {
    "citance_No": 10, 
    "citing_paper_id": "W04-2605", 
    "citing_paper_authority": 3, 
    "citing_paper_authors": "Vivian, Tsang | Suzanne, Stevenson", 
    "raw_text": "By comparison, McCarthy (2000) attained 73% accuracy on her set of hand-selected test verbs in a similar task; however, when applied to our various sets of randomly selected verbs, our replication of her method performed very poorly, rarely reaching above chance performance", 
    "clean_text": "By comparison, McCarthy (2000) attained 73% accuracy on her set of hand-selected test verbs in a similar task; however, when applied to our various sets of randomly selected verbs, our replication of her method performed very poorly, rarely reaching above chance performance.", 
    "keep_for_gold": 0
  }, 
  {
    "citance_No": 11, 
    "citing_paper_id": "W04-2206", 
    "citing_paper_authority": 1, 
    "citing_paper_authors": "Sanae, Fujita | Francis, Bond", 
    "raw_text": "The map ping for the dependents in the alternation can be taken from existing lexical resources (Dorr, 1997), learned from corpora (McCarthy, 2000) or learned from existing lexicons (Bond et al, 2002)", 
    "clean_text": "The mapping for the dependents in the alternation can be taken from existing lexical resources (Dorr, 1997), learned from corpora (McCarthy, 2000) or learned from existing lexicons (Bond et al, 2002).", 
    "keep_for_gold": 0
  }, 
  {
    "citance_No": 12, 
    "citing_paper_id": "W04-2411", 
    "citing_paper_authority": 0, 
    "citing_paper_authors": "Vivian, Tsang | Suzanne, Stevenson", 
    "raw_text": "As in McCarthy (2000), we cast argument alternation detection as a comparison of sense profiles across two different argument positions of a verb", 
    "clean_text": "As in McCarthy (2000), we cast argument alternation detection as a comparison of sense profiles across two different argument positions of a verb.", 
    "keep_for_gold": 0
  }, 
  {
    "citance_No": 13, 
    "citing_paper_id": "W04-2411", 
    "citing_paper_authority": 0, 
    "citing_paper_authors": "Vivian, Tsang | Suzanne, Stevenson", 
    "raw_text": "Similarly, McCarthy (2000) uses skew divergence (avariant of KL divergence proposed by Lee, 1999) to com pare the sense profile of one argument of a verb (e.g., the subject position of the intransitive) to another argument of the same verb (e.g., the object position of the transitive), to determine if the verb participates in an argument alternation involving the two positions", 
    "clean_text": "Similarly, McCarthy (2000) uses skew divergence (a variant of KL divergence proposed by Lee, 1999) to compare the sense profile of one argument of a verb (e.g., the subject position of the intransitive) to another argument of the same verb (e.g., the object position of the transitive), to determine if the verb participates in an argument alternation involving the two positions.", 
    "keep_for_gold": 1
  }, 
  {
    "citance_No": 14, 
    "citing_paper_id": "W04-2411", 
    "citing_paper_authority": 0, 
    "citing_paper_authors": "Vivian, Tsang | Suzanne, Stevenson", 
    "raw_text": "Because we demonstrate our new SPD measure on the same problem as McCarthy (2000), we provide more detail of her method here, for comparison", 
    "clean_text": "Because we demonstrate our new SPD measure on the same problem as McCarthy (2000), we provide more detail of her method here, for comparison.", 
    "keep_for_gold": 0
  }, 
  {
    "citance_No": 15, 
    "citing_paper_id": "W04-2411", 
    "citing_paper_authority": 0, 
    "citing_paper_authors": "Vivian, Tsang | Suzanne, Stevenson", 
    "raw_text": "In McCarthy (2000), an error analysis reveals that the best method has more false positives than false negatives? some slots are considered overly similar be cause the sense profiles are compared at a coarse-grained level, losing fine semantic distinctions", 
    "clean_text": "In McCarthy (2000), an error analysis reveals that the best method has more false positives than false negatives - some slots are considered overly similar because the sense profiles are compared at a coarse-grained level, losing fine semantic distinctions.", 
    "keep_for_gold": 0
  }, 
  {
    "citance_No": 16, 
    "citing_paper_id": "W04-2411", 
    "citing_paper_authority": 0, 
    "citing_paper_authors": "Vivian, Tsang | Suzanne, Stevenson", 
    "raw_text": "In McCarthy (2000), the distributions are propagated to the lowest common subsumers (i.e., the nodes labelled B, C, and D)", 
    "clean_text": "In McCarthy (2000), the distributions are propagated to the lowest common subsumers (i.e., the nodes labelled B, C, and D).", 
    "keep_for_gold": 0
  }, 
  {
    "citance_No": 17, 
    "citing_paper_id": "W04-2411", 
    "citing_paper_authority": 0, 
    "citing_paper_authors": "Vivian, Tsang | Suzanne, Stevenson", 
    "raw_text": "#%$ \u0006# &apos;$ \u0006#%$ \u000e# &apos;& amp; &apos;$ \u0006#%& amp; &apos;$ \u0004# &apos;& amp;)%$ \u0006#%& amp;)%$ \u0006# &apos;$ \u0006#., In the first method (that of McCarthy, 2000), the two profiles become identical", 
    "clean_text": "In the first method (that of McCarthy, 2000), the two profiles become identical.", 
    "keep_for_gold": 0
  }, 
  {
    "citance_No": 18, 
    "citing_paper_id": "W04-2411", 
    "citing_paper_authority": 0, 
    "citing_paper_authors": "Vivian, Tsang | Suzanne, Stevenson", 
    "raw_text": "We evaluate our method on the causative alternation in order for comparison to the earlier method of McCarthy (2000)", 
    "clean_text": "We evaluate our method on the causative alternation in order for comparison to the earlier method of McCarthy (2000).", 
    "keep_for_gold": 0
  }, 
  {
    "citance_No": 19, 
    "citing_paper_id": "W04-2411", 
    "citing_paper_authority": 0, 
    "citing_paper_authors": "Vivian, Tsang | Suzanne, Stevenson", 
    "raw_text": "This means that the kind of straightforward propagation method used by McCarthy (2000) is not applicable to sense profiles of this type", 
    "clean_text": "This means that the kind of straightforward propagation method used by McCarthy (2000) is not applicable to sense profiles of this type.", 
    "keep_for_gold": 0
  }, 
  {
    "citance_No": 20, 
    "citing_paper_id": "W04-2411", 
    "citing_paper_authority": 0, 
    "citing_paper_authors": "Vivian, Tsang | Suzanne, Stevenson", 
    "raw_text": "The method addresses conceptual problems of an earlier measure proposed by McCarthy (2000), which was limited to tree cut models (Li and Abe, 1998) and failed to distinguish detailed semantic differences between them", 
    "clean_text": "The method addresses conceptual problems of an earlier measure proposed by McCarthy (2000), which was limited to tree cut models (Li and Abe, 1998) and failed to distinguish detailed semantic differences between them.", 
    "keep_for_gold": 0
  }
]
