[
  {
    "citance_No": 1, 
    "citing_paper_id": "P09-2078", 
    "citing_paper_authority": 15, 
    "citing_paper_authors": "Rada, Mihalcea | Carlo, Strapparava", 
    "raw_text": "Previous work has shown that data collected through the Mechanical Turk service is reliable and comparable in quality with trusted sources (Snow et al, 2008)", 
    "clean_text": "Previous work has shown that data collected through the Mechanical Turk service is reliable and comparable in quality with trusted sources (Snow et al, 2008).", 
    "keep_for_gold": 0
  }, 
  {
    "citance_No": 2, 
    "citing_paper_id": "N10-1044", 
    "citing_paper_authority": 4, 
    "citing_paper_authors": "Kathleen R., McKeown | Sara, Rosenthal | Kapil, Thadani | Coleman, Moore", 
    "raw_text": "Previous studies using this on line task marketplace have shown that the collective judgments of many workers are comparable to those of trained annotators on labeling tasks (Snow et al, 2008) although these judgments can be obtained at a fraction of the cost and effort", 
    "clean_text": "Previous studies using this on line task marketplace have shown that the collective judgments of many workers are comparable to those of trained annotators on labeling tasks (Snow et al, 2008) although these judgments can be obtained at a fraction of the cost and effort.", 
    "keep_for_gold": 0
  }, 
  {
    "citance_No": 3, 
    "citing_paper_id": "W10-0724", 
    "citing_paper_authority": 0, 
    "citing_paper_authors": "Jonathan, Gordon | Benjamin, van Durme | Lenhart K., Schubert", 
    "raw_text": "Snow et al (2008) compared the quality of labels produced by non-expert Turkers against those made by experts for a variety of NLP tasks and found that they re quired only four responses per item to emulate expert annotations", 
    "clean_text": "Snow et al (2008) compared the quality of labels produced by non-expert Turkers against those made by experts for a variety of NLP tasks and found that they required only four responses per item to emulate expert annotations.", 
    "keep_for_gold": 1
  }, 
  {
    "citance_No": 4, 
    "citing_paper_id": "N10-1135", 
    "citing_paper_authority": 6, 
    "citing_paper_authors": "Yves, Peirsman | Sebastian, Pad&oacute;", 
    "raw_text": "Human judgments for the triples were collected through the Amazon Mechanical Turk (AMT) crowd sourcing platform (Snow et al, 2008)", 
    "clean_text": "Human judgments for the triples were collected through the Amazon Mechanical Turk (AMT) crowd sourcing platform (Snow et al, 2008).", 
    "keep_for_gold": 0
  }, 
  {
    "citance_No": 5, 
    "citing_paper_id": "W10-3504", 
    "citing_paper_authority": 7, 
    "citing_paper_authors": "Fabio Massimo, Zanzotto | Marco, Pennacchiotti", 
    "raw_text": "Collaborative annotation environments such as the Amazon Mechanical Turk1 can help to annotate pairs of sentences in positive or negative entailment (Zaenen, submitted; Snow et al, 2008)", 
    "clean_text": "", 
    "keep_for_gold": 0
  }, 
  {
    "citance_No": 6, 
    "citing_paper_id": "W11-0409", 
    "citing_paper_authority": 1, 
    "citing_paper_authors": "Anna, Rumshisky", 
    "raw_text": "Mechanical Turk has also been used to create labeled data sets for word sense disambiguation (Snow et al, 2008) and even to modify sense inventories", 
    "clean_text": "Mechanical Turk has also been used to create labeled data sets for word sense disambiguation (Snow et al, 2008) and even to modify sense inventories.", 
    "keep_for_gold": 0
  }, 
  {
    "citance_No": 7, 
    "citing_paper_id": "N09-1056", 
    "citing_paper_authority": 0, 
    "citing_paper_authors": "Luciano, Barbosa | Ravi, Kumar | Bo, Pang | Andrew, Tomkins", 
    "raw_text": "Along this spirit, Snow et al (2008) show that obtaining multiple low quality labels (through Mechanical Turk) can approach high-quality editorial labels", 
    "clean_text": "Along this spirit, Snow et al (2008) show that obtaining multiple low quality labels (through Mechanical Turk) can approach high-quality editorial labels.", 
    "keep_for_gold": 1
  }, 
  {
    "citance_No": 8, 
    "citing_paper_id": "S10-1007", 
    "citing_paper_authority": 7, 
    "citing_paper_authors": "Cristina, Butnariu | Su Nam, Kim | Preslav, Nakov | Diarmuid, &Oacute; S&eacute;aghdha | Stan, Szpakowicz | Tony, Veale", 
    "raw_text": "MTurk is becominga popular means of eliciting and collecting linguistic intuitions for NLP research; see Snow et al (2008) for an overview and a further discussion", 
    "clean_text": "MTurk is becoming a popular means of eliciting and collecting linguistic intuitions for NLP research; see Snow et al (2008) for an overview and a further discussion.", 
    "keep_for_gold": 0
  }, 
  {
    "citance_No": 9, 
    "citing_paper_id": "W10-0718", 
    "citing_paper_authority": 2, 
    "citing_paper_authors": "Bart, Mellebeek | Francesc, Benavent | Jens, Grivolla | Joan, Codina | Marta Ruiz, Costa-Juss&agrave; | Rafael E., Banches", 
    "raw_text": "A number of recent papers on this subject pointout that non-expert annotations, if produced in a sufficient quantity, can rival and even surpass the quality of expert annotations, often at a much lower cost (Snow et al, 2008), (Su et al, 2007)", 
    "clean_text": "", 
    "keep_for_gold": 0
  }, 
  {
    "citance_No": 10, 
    "citing_paper_id": "W10-0718", 
    "citing_paper_authority": 2, 
    "citing_paper_authors": "Bart, Mellebeek | Francesc, Benavent | Jens, Grivolla | Joan, Codina | Marta Ruiz, Costa-Juss&agrave; | Rafael E., Banches", 
    "raw_text": "This might suggest that a further increase in the number of HIT assignments would outperform expert ITA scores, as was previously reported in (Snow et al, 2008)", 
    "clean_text": "This might suggest that a further increase in the number of HIT assignments would outperform expert ITA scores, as was previously reported in (Snow et al, 2008).", 
    "keep_for_gold": 0
  }, 
  {
    "citance_No": 11, 
    "citing_paper_id": "W10-0725", 
    "citing_paper_authority": 7, 
    "citing_paper_authors": "Rui, Wang | Chris, Callison-Burch", 
    "raw_text": "In this paper, we address these issues by using Amazon? s Mechanical Turk (MTurk), on line non expert annotators (Snow et al, 2008)", 
    "clean_text": "In this paper, we address these issues by using Amazon's Mechanical Turk (MTurk), online non-expert annotators (Snow et al, 2008).", 
    "keep_for_gold": 0
  }, 
  {
    "citance_No": 12, 
    "citing_paper_id": "W10-0712", 
    "citing_paper_authority": 2, 
    "citing_paper_authors": "Nolan, Lawson | Kevin, Eustice | Mike, Perkowitz | Meliha, Yetisgen-Yildiz", 
    "raw_text": "cently, however, attempts have been made to leverage non? expert annotations provided by Amazon &apos; s Mechanical Turk (MTurk) service to create large training corpora at a fraction of the usual costs (Snow et al 2008)", 
    "clean_text": "Recently, however, attempts have been made to leverage non-expert annotations provided by Amazon's Mechanical Turk (MTurk) service to create large training corpora at a fraction of the usual costs (Snow et al 2008).", 
    "keep_for_gold": 0
  }, 
  {
    "citance_No": 13, 
    "citing_paper_id": "W10-0712", 
    "citing_paper_authority": 2, 
    "citing_paper_authors": "Nolan, Lawson | Kevin, Eustice | Mike, Perkowitz | Meliha, Yetisgen-Yildiz", 
    "raw_text": "Commonly, MTurk has been used for the classification task (Snow et al. 2008) or for straightforward data entry", 
    "clean_text": "Commonly, MTurk has been used for the classification task (Snow et al. 2008) or for straightforward data entry.", 
    "keep_for_gold": 0
  }, 
  {
    "citance_No": 14, 
    "citing_paper_id": "N12-1092", 
    "citing_paper_authority": 2, 
    "citing_paper_authors": "Sumit, Basu | Lee, Becker | Lucy, Vanderwende", 
    "raw_text": "Snow et al (2008) have validated AMT as a valid data source by comparing non expert with gold-standard expert judgments", 
    "clean_text": "Snow et al (2008) have validated AMT as a valid data source by comparing non-expert with gold-standard expert judgments.", 
    "keep_for_gold": 0
  }, 
  {
    "citance_No": 15, 
    "citing_paper_id": "N12-1092", 
    "citing_paper_authority": 2, 
    "citing_paper_authors": "Sumit, Basu | Lee, Becker | Lucy, Vanderwende", 
    "raw_text": "It is common to do such filtering when using crowd sourced data by using the majority or median vote as the final judgment or to calibrate judges using expert judgments (Snow et al 2008)", 
    "clean_text": "It is common to do such filtering when using crowd sourced data by using the majority or median vote as the final judgment or to calibrate judges using expert judgments (Snow et al 2008).", 
    "keep_for_gold": 0
  }, 
  {
    "citance_No": 16, 
    "citing_paper_id": "W11-0702", 
    "citing_paper_authority": 4, 
    "citing_paper_authors": "Rob, Abbott | Marilyn A., Walker | Pranav, Anand | Jean E., Fox Tree | Robeson, Bowmani | Joseph, King", 
    "raw_text": "Most of our measures were scalar; we chose to dothis because previous work on estimating the relationship between MTurk annotations and expert an notations suggest that taking the means of scalar annotations could be a good way to reduce noise in MTurk annotations (Snow et al, 2008)", 
    "clean_text": "Most of our measures were scalar; we chose to do this because previous work on estimating the relationship between MTurk annotations and expert an notations suggest that taking the means of scalar annotations could be a good way to reduce noise in MTurk annotations (Snow et al, 2008).", 
    "keep_for_gold": 0
  }, 
  {
    "citance_No": 17, 
    "citing_paper_id": "W10-1006", 
    "citing_paper_authority": 3, 
    "citing_paper_authors": "Joel R., Tetreault | Elena, Filatova | Martin, Chodorow", 
    "raw_text": "Recently, AMT has been shown to be an effective tool for annotation and evalatuation in NLP tasks ranging from word similarity detection and emotion detection (Snow et al, 2008) to Machine Translation quality evaluation (Callison-Burch, 2009)", 
    "clean_text": "Recently, AMT has been shown to be an effective tool for annotation and evalatuation in NLP tasks ranging from word similarity detection and emotion detection (Snow et al, 2008) to Machine Translation quality evaluation (Callison-Burch, 2009).", 
    "keep_for_gold": 0
  }, 
  {
    "citance_No": 18, 
    "citing_paper_id": "W10-1006", 
    "citing_paper_authority": 3, 
    "citing_paper_authors": "Joel R., Tetreault | Elena, Filatova | Martin, Chodorow", 
    "raw_text": "responses (Snowet al, 2008), in order to lower the number of Turkers required for this task", 
    "clean_text": "We intend to experiment with different guidelines and instructions, and to screen (Callison Burch, 2009) and weight Turkers' responses (Snow et al, 2008), in order to lower the number of Turkers required for this task.", 
    "keep_for_gold": 0
  }, 
  {
    "citance_No": 19, 
    "citing_paper_id": "P13-1053", 
    "citing_paper_authority": 1, 
    "citing_paper_authors": "Ulle, Endriss | Raquel, Fern&aacute;ndez", 
    "raw_text": "In this section, we report on a case study in which we have tested our bias-correcting majority and greedy consensus rules.10 We have used the dataset created by Snow et al (2008 )forthe task of recognising textual entailment, originally proposed by Dagan et al (2006) in the PASCAL Recognizing Textual Entailment (RTE) Challenge", 
    "clean_text": "We have used the dataset created by Snow et al (2008) for the task of recognising textual entailment, originally proposed by Dagan et al (2006) in the PASCAL Recognizing Textual Entailment (RTE) Challenge.", 
    "keep_for_gold": 0
  }, 
  {
    "citance_No": 20, 
    "citing_paper_id": "P13-1053", 
    "citing_paper_authority": 1, 
    "citing_paper_authors": "Ulle, Endriss | Raquel, Fern&aacute;ndez", 
    "raw_text": "Snow et al (2008) work with a majority rule where ties are broken uniformly at random and report an observed agreement (accuracy) be tween the majority rule and the gold standard of 89.7%", 
    "clean_text": "Snow et al (2008) work with a majority rule where ties are broken uniformly at random and report an observed agreement (accuracy) between the majority rule and the gold standard of 89.7%.", 
    "keep_for_gold": 1
  }
]
