[
  {
    "citance_No": 1, 
    "citing_paper_id": "P14-2118", 
    "citing_paper_authority": 0, 
    "citing_paper_authors": "Felix, Hill | Anna, Korhonen", 
    "raw_text": "Unlike nouns, many adjectives are inherently subjective, and the number of adjectives in texts correlates with human judgements of their subjectivity (Hatzivassiloglou and Wiebe, 2000)", 
    "clean_text": "Unlike nouns, many adjectives are inherently subjective, and the number of adjectives in texts correlates with human judgements of their subjectivity (Hatzivassiloglou and Wiebe, 2000).", 
    "keep_for_gold": 1
  }, 
  {
    "citance_No": 2, 
    "citing_paper_id": "C04-1145", 
    "citing_paper_authority": 1, 
    "citing_paper_authors": "Raymond W. M., Yuen | Terence Y. W., Chan | Tom Bong-Yeung, Lai | Oi Yee, Kwong | Benjamin K., T'sou", 
    "raw_text": "Words that encode a desirable state (e.g., beautiful) have a positive SO, while words that represent undesirable states (e.g. absurd) have a negative SO (Hatzivassiloglou and Wiebe, 2000)", 
    "clean_text": "Words that encode a desirable state (e.g., beautiful) have a positive SO, while words that represent undesirable states (e.g. absurd) have a negative SO (Hatzivassiloglou and Wiebe, 2000).", 
    "keep_for_gold": 0
  }, 
  {
    "citance_No": 3, 
    "citing_paper_id": "C10-2036", 
    "citing_paper_authority": 1, 
    "citing_paper_authors": "Guohong, Fu | Xin, Wang", 
    "raw_text": "Based on (Hatzivassiloglou and Wiebe, 2000) and (Turney, 2002), we consider four types of structures (as shown in Table 5) during sentiment phrase extraction", 
    "clean_text": "Based on (Hatzivassiloglou and Wiebe, 2000) and (Turney, 2002), we consider four types of structures (as shown in Table 5) during sentiment phrase extraction.", 
    "keep_for_gold": 0
  }, 
  {
    "citance_No": 4, 
    "citing_paper_id": "N12-2003", 
    "citing_paper_authority": 1, 
    "citing_paper_authors": "Felix, Hill", 
    "raw_text": "Separately, Hatzivassiloglou and Wiebe (2000) report a statistical correlation between the number of adjectives in a text and human judgments of subjectivity", 
    "clean_text": "Separately, Hatzivassiloglou and Wiebe (2000) report a statistical correlation between the number of adjectives in a text and human judgments of subjectivity.", 
    "keep_for_gold": 1
  }, 
  {
    "citance_No": 5, 
    "citing_paper_id": "W03-1017", 
    "citing_paper_authority": 98, 
    "citing_paper_authors": "Hong, Yu | Vasileios, Hatzivassiloglou", 
    "raw_text": "Subsequently, Hatzivassiloglou and Wiebe (2000) showed that automatically detectedgradable adjectives are a useful feature for subjectivity classification, while Wiebe (2000) introduced lexical features in addition to the presence/absence of syntactic categories", 
    "clean_text": "Subsequently, Hatzivassiloglou and Wiebe (2000) showed that automatically detected gradable adjectives are a useful feature for subjectivity classification, while Wiebe (2000) introduced lexical features in addition to the presence/absence of syntactic categories.", 
    "keep_for_gold": 1
  }, 
  {
    "citance_No": 6, 
    "citing_paper_id": "W03-1017", 
    "citing_paper_authority": 98, 
    "citing_paper_authors": "Hong, Yu | Vasileios, Hatzivassiloglou", 
    "raw_text": "In addition, the presence of semantically oriented (positive and negative) words in a sentence is an indicator that the sentence is subjective (Hatzivassiloglou and Wiebe, 2000)", 
    "clean_text": "In addition, the presence of semantically oriented (positive and negative) words in a sentence is an indicator that the sentence is subjective (Hatzivassiloglou and Wiebe, 2000).", 
    "keep_for_gold": 0
  }
]
