[
  {
    "citance_No": 1, 
    "citing_paper_id": "W01-0510", 
    "citing_paper_authority": 0, 
    "citing_paper_authors": "Ciprian, Chelba | Milind, Mahajan", 
    "raw_text": "Section 5 compares our approach tooth ers in the literature, in particular that of (Miller et al., 2000)", 
    "clean_text": "Section 5 compares our approach too thiers in the literature, in particular that of (Miller et al., 2000).", 
    "keep_for_gold": 0
  }, 
  {
    "citance_No": 2, 
    "citing_paper_id": "W01-0510", 
    "citing_paper_authority": 0, 
    "citing_paper_authors": "Ciprian, Chelba | Milind, Mahajan", 
    "raw_text": "The basic approach we described is very similar to the one presented in (Miller et al, 2000) however there are a few major di erences: \u000f in our approach the augmentation of the syn tactic tags with semantic tags is straightforward due to the fact that the semantic constituents are matched exactly 5. The approach in (Miller", 
    "clean_text": "The basic approach we described is very similar to the one presented in (Miller et al, 2000) however there are a few major differences: in our approach the augmentation of the syn tactic tags with semantic tags is straightforward due to the fact that the semantic constituents are matched exactly 5.", 
    "keep_for_gold": 0
  }, 
  {
    "citance_No": 3, 
    "citing_paper_id": "W01-0510", 
    "citing_paper_authority": 0, 
    "citing_paper_authors": "Ciprian, Chelba | Milind, Mahajan", 
    "raw_text": "The semantic annotation required by our task is much simpler than that employed by (Miller et al, 2000)", 
    "clean_text": "The semantic annotation required by our task is much simpler than that employed by (Miller et al, 2000).", 
    "keep_for_gold": 0
  }, 
  {
    "citance_No": 4, 
    "citing_paper_id": "W01-0510", 
    "citing_paper_authority": 0, 
    "citing_paper_authors": "Ciprian, Chelba | Milind, Mahajan", 
    "raw_text": "One possibly bene cial extension of our work suggested by (Miller et al, 2000) would be to add semantic tags describing relations between entities (slots), in which case the semantic constraints would not be structured strictly on the two levels used in the current approach, respectively frame and slot level", 
    "clean_text": "One possibly beneficial extension of our work suggested by (Miller et al, 2000) would be to add semantic tags describing relations between entities (slots), in which case the semantic constraints would not be structured strictly on the two levels used in the current approach, respectively frame and slot level.", 
    "keep_for_gold": 0
  }, 
  {
    "citance_No": 5, 
    "citing_paper_id": "W01-0510", 
    "citing_paper_authority": 0, 
    "citing_paper_authors": "Ciprian, Chelba | Milind, Mahajan", 
    "raw_text": "Similar to the approach in (Miller et al, 2000 )weinitialized the SLM statistics from the UPenn Tree bank parse trees (about 1Mwds of training data) at the rst training stage, see Section 3", 
    "clean_text": "Similar to the approach in (Miller et al, 2000) we initialized the SLM statistics from the UPenn Tree bank parse trees.", 
    "keep_for_gold": 0
  }, 
  {
    "citance_No": 6, 
    "citing_paper_id": "P14-1078", 
    "citing_paper_authority": 0, 
    "citing_paper_authors": "Chang, Wang | James, Fan", 
    "raw_text": "Rule-based methods (Miller et al, 2000) employ a number of linguistic rules to capture relation patterns", 
    "clean_text": "Rule-based methods (Miller et al, 2000) employ a number of linguistic rules to capture relation patterns.", 
    "keep_for_gold": 1
  }, 
  {
    "citance_No": 7, 
    "citing_paper_id": "P05-1061", 
    "citing_paper_authority": 4, 
    "citing_paper_authors": "Ryan, McDonald | Fernando, Pereira | Seth, Kulick | Scott, Winters | Jin, Yang | Peter, White", 
    "raw_text": "One interesting system that does not belong to the above class is that of Miller et al (2000), who take the view that relation extraction is just a form of probabilistic parsing where parse trees are augmented to identify all relations", 
    "clean_text": "One interesting system that does not belong to the above class is that of Miller et al (2000), who take the view that relation extraction is just a form of probabilistic parsing where parse trees are augmented to identify all relations.", 
    "keep_for_gold": 1
  }, 
  {
    "citance_No": 8, 
    "citing_paper_id": "P05-1053", 
    "citing_paper_authority": 50, 
    "citing_paper_authors": "Guodong, Zhou | Jian, Su | Jie, Zhang | Min, Zhang", 
    "raw_text": "Miller et al (2000) augmented syntactic full parse trees with semantic information corresponding to entities and relations, and built generative models for the augmented trees", 
    "clean_text": "Miller et al (2000) augmented syntactic full parse trees with semantic information corresponding to entities and relations, and built generative models for the augmented trees.", 
    "keep_for_gold": 0
  }, 
  {
    "citance_No": 9, 
    "citing_paper_id": "P05-1053", 
    "citing_paper_authority": 50, 
    "citing_paper_authors": "Guodong, Zhou | Jian, Su | Jie, Zhang | Min, Zhang", 
    "raw_text": "Complicated relation extraction tasks may also impose a big challenge to the modeling approach used by Miller et al (2000) which integrates various tasks such as part-of-speech tagging, named entity recognition, template element extraction and relation extraction, in a single model", 
    "clean_text": "Complicated relation extraction tasks may also impose a big challenge to the modeling approach used by Miller et al (2000) which integrates various tasks such as part-of-speech tagging, named entity recognition, template element extraction and relation extraction, in a single model.", 
    "keep_for_gold": 1
  }, 
  {
    "citance_No": 10, 
    "citing_paper_id": "H05-1094", 
    "citing_paper_authority": 3, 
    "citing_paper_authors": "Charles, Sutton | Andrew, McCallum", 
    "raw_text": "(Miller et al, 2000) have combined entity recognition, parsing, and relation extraction into a jointly-trained single statistical parsing model that achieves improved performance on all the subtasks. Part of the contribution of the current work is to suggest that joint decoding can be effective even when joint training is not possible because jointly-labeled data is unavailable", 
    "clean_text": "(Miller et al, 2000) have combined entity recognition, parsing, and relation extraction into a jointly-trained single statistical parsing model that achieves improved performance on all the subtasks. Part of the contribution of the current work is to suggest that joint decoding can be effective even when joint training is not possible because jointly-labeled data is unavailable.", 
    "keep_for_gold": 1
  }, 
  {
    "citance_No": 11, 
    "citing_paper_id": "P04-1054", 
    "citing_paper_authority": 115, 
    "citing_paper_authors": "Aron, Culotta | Jeffrey S., Sorensen", 
    "raw_text": "Miller et al (2000) propose an integrated statistical parsing technique that augments parse trees with semantic labels denoting entity and relation types", 
    "clean_text": "Miller et al (2000) propose an integrated statistical parsing technique that augments parse trees with semantic labels denoting entity and relation types.", 
    "keep_for_gold": 0
  }, 
  {
    "citance_No": 12, 
    "citing_paper_id": "P04-1054", 
    "citing_paper_authority": 115, 
    "citing_paper_authors": "Aron, Culotta | Jeffrey S., Sorensen", 
    "raw_text": "WhereasMiller et al (2000) use a generative model to produce parse information as well as relation information, we hypothesize that a technique discriminatively trained to classify relations will achieve better performance", 
    "clean_text": "Whereas Miller et al (2000) use a generative model to produce parse information as well as relation information, we hypothesize that a technique discriminatively trained to classify relations will achieve better performance.", 
    "keep_for_gold": 0
  }, 
  {
    "citance_No": 13, 
    "citing_paper_id": "W05-0602", 
    "citing_paper_authority": 32, 
    "citing_paper_authors": "Ruifang, Ge | Raymond J., Mooney", 
    "raw_text": "The syntactic model in (Miller et al, 2000) is similar to Collins?, but doesnot use features like sub cat frames and distance measures", 
    "clean_text": "The syntactic model in (Miller et al, 2000) is similar to Collins', but does not use features like subcat frames and distance measures.", 
    "keep_for_gold": 0
  }, 
  {
    "citance_No": 14, 
    "citing_paper_id": "N07-2041", 
    "citing_paper_authority": 1, 
    "citing_paper_authors": "Zhongmin, Shi | Anoop, Sarkar | Fred, Popowich", 
    "raw_text": "Similar to the approach in (Miller et al, 2000) and (Kulick et al, 2004), our parser integrates both syntactic and semantic annotations into a single annotation as shown in Figure 2", 
    "clean_text": "Similar to the approach in (Miller et al, 2000) and (Kulick et al, 2004), our parser integrates both syntactic and semantic annotations into a single annotation as shown in Figure 2.", 
    "keep_for_gold": 0
  }, 
  {
    "citance_No": 15, 
    "citing_paper_id": "W10-2924", 
    "citing_paper_authority": 5, 
    "citing_paper_authors": "Rohit J., Kate | Raymond J., Mooney", 
    "raw_text": "Miller et al (2000) adapt a probabilistic context-free parser for information extraction by augmenting syntactic labels with entity and relation labels", 
    "clean_text": "Miller et al (2000) adapt a probabilistic context-free parser for information extraction by augmenting syntactic labels with entity and relation labels.", 
    "keep_for_gold": 0
  }, 
  {
    "citance_No": 16, 
    "citing_paper_id": "W06-0508", 
    "citing_paper_authority": 1, 
    "citing_paper_authors": "Lucia, Specia | Enrico, Motta", 
    "raw_text": "Most of the approaches for relation extraction rely on the mapping of syntactic dependencies, such as SVO, onto semantic relations, using either pattern matching or other strategies, such as probabilistic parsing for trees augmented with annotations for entities and relations (Miller et al 2000), or clustering of semantically similar syntactic dependencies, according to their selectional restrictions (Gamallo et al, 2002)", 
    "clean_text": "Most of the approaches for relation extraction rely on the mapping of syntactic dependencies, such as SVO, onto semantic relations, using either pattern matching or other strategies, such as probabilistic parsing for trees augmented with annotations for entities and relations (Miller et al 2000), or clustering of semantically similar syntactic dependencies, according to their selectional restrictions (Gamallo et al, 2002).", 
    "keep_for_gold": 0
  }, 
  {
    "citance_No": 17, 
    "citing_paper_id": "P07-1055", 
    "citing_paper_authority": 37, 
    "citing_paper_authors": "Ryan, McDonald | Kerry, Hannan | Tyler, Neylon | Mike, Wells | Jeffrey C., Reynar", 
    "raw_text": "This includes parsing and relation extraction (Miller et al, 2000), entity labeling and relation extraction (Roth and Yih, 2004), and part-of-speech tagging and chunking (Sutton et al, 2004)", 
    "clean_text": "This includes parsing and relation extraction (Miller et al, 2000), entity labeling and relation extraction (Roth and Yih, 2004), and part-of-speech tagging and chunking (Sutton et al, 2004).", 
    "keep_for_gold": 0
  }, 
  {
    "citance_No": 18, 
    "citing_paper_id": "W05-0636", 
    "citing_paper_authority": 10, 
    "citing_paper_authors": "Charles, Sutton | Andrew, McCallum", 
    "raw_text": "For example, Miller et al (2000) showed that performing parsing and information extraction in a joint model improves performance on both tasks", 
    "clean_text": "For example, Miller et al (2000) showed that performing parsing and information extraction in a joint model improves performance on both tasks.", 
    "keep_for_gold": 0
  }, 
  {
    "citance_No": 19, 
    "citing_paper_id": "N06-1037", 
    "citing_paper_authority": 18, 
    "citing_paper_authors": "Min, Zhang | Jie, Zhang | Jian, Su", 
    "raw_text": "Miller et al (2000) address the task of relation extraction from the statistical parsing viewpoint", 
    "clean_text": "Miller et al (2000) address the task of relation extraction from the statistical parsing viewpoint.", 
    "keep_for_gold": 0
  }, 
  {
    "citance_No": 20, 
    "citing_paper_id": "D11-1132", 
    "citing_paper_authority": 6, 
    "citing_paper_authors": "Chang, Wang | James, Fan | Aditya, Kalyanpur | David, Gondek", 
    "raw_text": "Rule-based methods (Miller et al, 2000) employ a number of linguistic rules to capture relation patterns", 
    "clean_text": "Rule-based methods (Miller et al, 2000) employ a number of linguistic rules to capture relation patterns.", 
    "keep_for_gold": 0
  }
]
