[
  {
    "citance_No": 1, 
    "citing_paper_id": "E06-1005", 
    "citing_paper_authority": 51, 
    "citing_paper_authors": "Evgeny, Matusov | Nicola, Ueffing | Hermann, Ney", 
    "raw_text": "Other approaches combine lattices or N -best lists from several different MT systems (FrederkingandNirenburg, 1994)", 
    "clean_text": "Other approaches combine lattices or N-best lists from several different MT systems (Frederking and Nirenburg, 1994).", 
    "keep_for_gold": 0
  }, 
  {
    "citance_No": 2, 
    "citing_paper_id": "W05-0828", 
    "citing_paper_authority": 4, 
    "citing_paper_authors": "Andreas, Eisele", 
    "raw_text": "that is hopefully better than any of its ingredients, an idea pionieered in (Frederking and Nirenburg, 1994)", 
    "clean_text": "that is hopefully better than any of its ingredients, an idea pionieered in (Frederking and Nirenburg, 1994).", 
    "keep_for_gold": 0
  }, 
  {
    "citance_No": 3, 
    "citing_paper_id": "D07-1030", 
    "citing_paper_authority": 1, 
    "citing_paper_authors": "Xiaoguang, Hu | Haifeng, Wang | Hua, Wu", 
    "raw_text": "Frederking and Nirenburg (1994) produced the first MEMT system by combining outputs from three different MT engines based on their knowledge of the inner workings of the engines", 
    "clean_text": "Frederking and Nirenburg (1994) produced the first MEMT system by combining outputs from three different MT engines based on their knowledge of the inner workings of the engines.", 
    "keep_for_gold": 1
  }, 
  {
    "citance_No": 4, 
    "citing_paper_id": "W05-1518", 
    "citing_paper_authority": 11, 
    "citing_paper_authors": "Daniel, Zeman | Zden&#x11B;k, &#x17D;abokrtsk&yacute;", 
    "raw_text": "Similar advances have been made in machine translation (Frederking and Nirenburg, 1994), speech recognition (Fiscus, 1997), named entity recognition (Borthwick et al, 1998), partial parsing (Inui and Inui, 2000), word sense disambiguation (Florian and Yarowsky, 2002) and question answering (Chu-Carroll et al, 2003)", 
    "clean_text": "Similar advances have been made in machine translation (Frederking and Nirenburg, 1994), speech recognition (Fiscus, 1997), named entity recognition (Borthwick et al, 1998), partial parsing (Inui and Inui, 2000), word sense disambiguation (Florian and Yarowsky, 2002) and question answering (Chu-Carroll et al, 2003).", 
    "keep_for_gold": 0
  }, 
  {
    "citance_No": 5, 
    "citing_paper_id": "P04-1063", 
    "citing_paper_authority": 11, 
    "citing_paper_authors": "Tadashi, Nomoto", 
    "raw_text": "Now back in machine translation, we do find some work addressing such concern: Frederking and Nirenburg (1994) develop a multi-engine MTor MEMT architecture which operates by combining outputs from three different engines based on the knowledge it has about inner workings of each of the component engines", 
    "clean_text": "Now back in machine translation, we do find some work addressing such concern: Frederking and Nirenburg (1994) develop a multi-engine MT or MEMT architecture which operates by combining outputs from three different engines based on the knowledge it has about inner workings of each of the component engines.", 
    "keep_for_gold": 0
  }, 
  {
    "citance_No": 6, 
    "citing_paper_id": "P04-1063", 
    "citing_paper_authority": 11, 
    "citing_paper_authors": "Tadashi, Nomoto", 
    "raw_text": "Brown and Frederking (1995) is a continuation of FrederkingandNirenburg (1994) with an addition of a ngram based mechanism for a candidate selection", 
    "clean_text": "Brown and Frederking (1995) is a continuation of Frederking and Nirenburg (1994) with an addition of a n-gram based mechanism for a candidate selection.", 
    "keep_for_gold": 0
  }, 
  {
    "citance_No": 7, 
    "citing_paper_id": "C08-1005", 
    "citing_paper_authority": 6, 
    "citing_paper_authors": "Necip Fazil, Ayan | Jing, Zheng | Wen, Wang", 
    "raw_text": "The first example of this approach was the multi-engine MT system (Frederking and Nirenburg, 1994), which builds a chart using the translation units inside each input system and then uses a chart walk algorithm to find the best cover of the source sentence. Rosti et al (2007a) collect source-to-target correspondences from the input systems, create a new translation option table using only these phrases, and re-decode the source sentence to generate better translations", 
    "clean_text": "The first example of this approach was the multi-engine MT system (Frederking and Nirenburg, 1994), which builds a chart using the translation units inside each input system and then uses a chart walk algorithm to find the best cover of the source sentence. Rosti et al (2007a) collect source-to-target correspondences from the input systems, create a new translation option table using only these phrases, and re-decode the source sentence to generate better translations.", 
    "keep_for_gold": 1
  }, 
  {
    "citance_No": 8, 
    "citing_paper_id": "N10-1141", 
    "citing_paper_authority": 10, 
    "citing_paper_authors": "John, DeNero | Shankar, Kumar | Ciprian, Chelba | Franz Josef, Och", 
    "raw_text": "System combination procedures, on the other hand, generate translations from the output of multiple component systems (Frederking and Nirenburg, 1994)", 
    "clean_text": "System combination procedures, on the other hand, generate translations from the output of multiple component systems (Frederking and Nirenburg, 1994).", 
    "keep_for_gold": 0
  }, 
  {
    "citance_No": 9, 
    "citing_paper_id": "C08-1145", 
    "citing_paper_authority": 3, 
    "citing_paper_authors": "Simon, Zwarts | Mark, Dras", 
    "raw_text": "In Machine Translation (MT), there is a long tradition of combining multiple machine translations, as through a Multi-Engine MT (MEMT) architecture; the origins of this are generally credited to Frederking and Nirenburg (1994)", 
    "clean_text": "In Machine Translation (MT), there is a long tradition of combining multiple machine translations, as through a Multi-Engine MT (MEMT) architecture; the origins of this are generally credited to Frederking and Nirenburg (1994).", 
    "keep_for_gold": 0
  }, 
  {
    "citance_No": 10, 
    "citing_paper_id": "P11-1127", 
    "citing_paper_authority": 2, 
    "citing_paper_authors": "Jes&uacute;s, Gonz&aacute;lez-Rubio | Alfons, Juan | Francisco, Casacuberta", 
    "raw_text": "System combination procedures, on the other hand, generate translations from the output of multiple component systems by combining the best fragments of these outputs (Frederking and Nirenburg, 1994)", 
    "clean_text": "System combination procedures, on the other hand, generate translations from the output of multiple component systems by combining the best fragments of these outputs (Frederking and Nirenburg, 1994).", 
    "keep_for_gold": 0
  }, 
  {
    "citance_No": 11, 
    "citing_paper_id": "D09-1115", 
    "citing_paper_authority": 3, 
    "citing_paper_authors": "Yang, Feng | Yang, Liu | Haitao, Mi | Qun, Liu | Yajuan, L&uuml;", 
    "raw_text": "It has been proven that such consensus translations are usually better than the output of individual systems (Frederking and Nirenburg, 1994)", 
    "clean_text": "It has been proven that such consensus translations are usually better than the output of individual systems (Frederking and Nirenburg, 1994).", 
    "keep_for_gold": 0
  }, 
  {
    "citance_No": 12, 
    "citing_paper_id": "P09-1065", 
    "citing_paper_authority": 14, 
    "citing_paper_authors": "Yang, Liu | Haitao, Mi | Yang, Feng | Qun, Liu", 
    "raw_text": "It proves that such consensus translations are usually better than the output of individual systems (Frederking and Nirenburg, 1994)", 
    "clean_text": "It proves that such consensus translations are usually better than the output of individual systems (Frederking and Nirenburg, 1994).", 
    "keep_for_gold": 0
  }, 
  {
    "citance_No": 13, 
    "citing_paper_id": "N03-1004", 
    "citing_paper_authority": 9, 
    "citing_paper_authors": "Jennifer, Chu-Carroll | Krzysztof, Czuba | John, Prager | Abraham, Ittycheriah", 
    "raw_text": "In NLP, such methods have been applied to tasks such as POS tagging (Brill and Wu, 1998), word sense disambiguation (Pedersen, 2000), parsing (Henderson and Brill, 1999), and machine translation (Frederking and Nirenburg, 1994)", 
    "clean_text": "In NLP, such methods have been applied to tasks such as POS tagging (Brill and Wu, 1998), word sense disambiguation (Pedersen, 2000), parsing (Henderson and Brill, 1999), and machine translation (Frederking and Nirenburg, 1994).", 
    "keep_for_gold": 0
  }, 
  {
    "citance_No": 14, 
    "citing_paper_id": "W07-0726", 
    "citing_paper_authority": 4, 
    "citing_paper_authors": "Yu, Chen | Andreas, Eisele | Christian, Federmann | Eva, Hasler | Michael, Jellinghaus | Silke, Theison", 
    "raw_text": "Combinations of MT systems into multi-engine architectures have a long tradition, starting perhaps with (Frederking and Nirenburg, 1994)", 
    "clean_text": "Combinations of MT systems into multi-engine architectures have a long tradition, starting perhaps with (Frederking and Nirenburg, 1994).", 
    "keep_for_gold": 0
  }
]
