[
  {
    "citance_No": 1, 
    "citing_paper_id": "W00-1326", 
    "citing_paper_authority": 13, 
    "citing_paper_authors": "David, Martinez | Eneko, Agirre", 
    "raw_text": "The sentences in the DSO collection were tagged with parts of speech using TnT (Brants, 2000) trained on the Brown Corpus itself", 
    "clean_text": "The sentences in the DSO collection were tagged with parts of speech using TnT (Brants, 2000) trained on the Brown Corpus itself.", 
    "keep_for_gold": 0
  }, 
  {
    "citance_No": 2, 
    "citing_paper_id": "P14-2043", 
    "citing_paper_authority": 0, 
    "citing_paper_authors": "Miikka, Silfverberg | Teemu, Ruokolainen | Krister, Lind\u00c3\u00a9n | Mikko, Kurimo", 
    "raw_text": "English CRF (1,) 8 9 97.04 88.65 CRF (1, 0) 6 17 97.02 88.44 CRF (1, 1) 8 22 97.02 88.82 CRF (2,) 9 15 97.18 88.82 CRF (2, 0) 11 36 97.17 89.23 CRF (2, 1) 8 27 97.15 89.04 Romanian CRF (1,) 14 29 97.03 85.01 CRF (1, 0) 13 68 96.96 84.59 CRF (1, 1) 16 146 97.24 85.94 CRF (2,) 7 19 97.08 85.21 CRF (2, 0) 18 99 97.02 85.42 CRF (2, 1) 12 118 97.29 86.25 Estonian CRF (1,) 15 28 93.39 78.66 CRF (1, 0) 17 66 93.81 80.44 CRF (1, 1) 13 129 93.77 79.37 CRF (2,) 15 30 93.48 77.13 CRF (2, 0) 13 53 93.78 79.60 CRF (2, 1) 16 105 94.01 79.53 Czech CRF (1,) 6 28 89.28 70.90 CRF (1, 0) 10 112 89.94 74.44 CRF (1, 1) 10 365 90.78 76.83 CRF (2,) 19 91 89.81 72.44 CRF (2, 0) 13 203 90.35 76.37 CRF (2, 1) 24 936 91.00 77.75 Finnish CRF (1,) 10 80 87.37 59.29 CRF (1, 0) 13 249 88.58 63.46 CRF (1, 1) 12 474 88.41 62.63 CRF (2,) 11 106 86.74 56.96 CRF (2, 0) 13 272 88.52 63.46 CRF (2, 1) 12 331 88.68 63.62 Table 2: Results.proved open-source implementation of the well known TnT tagger of Brants (2000)", 
    "clean_text": "", 
    "keep_for_gold": 0
  }, 
  {
    "citance_No": 3, 
    "citing_paper_id": "W06-3120", 
    "citing_paper_authority": 3, 
    "citing_paper_authors": "Marta Ruiz, Costa-Juss&agrave; | Josep M., Crego | Adri&agrave; de, Gispert | Patrik, Lambert | Maxim, Khalilov | Rafael E., Banches | Jos&eacute;e B., Mari&ntilde;o | Jos&eacute; A. R., Fonollosa", 
    "raw_text": "The English POS-tagging has been carried out using freely available TNT tagger (Brants, 2000)", 
    "clean_text": "The English POS-tagging has been carried out using freely available TNT tagger (Brants, 2000).", 
    "keep_for_gold": 0
  }, 
  {
    "citance_No": 4, 
    "citing_paper_id": "I08-3012", 
    "citing_paper_authority": 0, 
    "citing_paper_authors": "Sandipan, Sarkar | Sivaji, Bandyopadhyay", 
    "raw_text": "This proposition is quite viable as statistical POS taggers like TnT (Brants, 2000) are available", 
    "clean_text": "This proposition is quite viable as statistical POS taggers like TnT (Brants, 2000) are available.", 
    "keep_for_gold": 0
  }, 
  {
    "citance_No": 5, 
    "citing_paper_id": "W11-1502", 
    "citing_paper_authority": 0, 
    "citing_paper_authors": "Jirka, Hana | Anna, Feldman | Katsiaryna, Aharodnik", 
    "raw_text": "We use TnT (Brants, 2000), a second order Markov Model tagger", 
    "clean_text": "We use TnT (Brants, 2000), a second order Markov Model tagger.", 
    "keep_for_gold": 0
  }, 
  {
    "citance_No": 6, 
    "citing_paper_id": "W10-3007", 
    "citing_paper_authority": 6, 
    "citing_paper_authors": "Erik, Velldal | Lilja, &Oslash;vrelid | Stephan, Oepen", 
    "raw_text": "For PoS tagging and lemmatization, we combineGENIA (with its built-in, occasionally deviant to kenizer) and TnT (Brants, 2000), which operates on pre-tokenized inputs but in its default modelis trained on financial news from the Penn Tree bank", 
    "clean_text": "For PoS tagging and lemmatization, we combine GENIA (with its built-in, occasionally deviant to kenizer) and TnT (Brants, 2000), which operates on pre-tokenized inputs but in its default models trained on financial news from the Penn Tree bank.", 
    "keep_for_gold": 0
  }, 
  {
    "citance_No": 7, 
    "citing_paper_id": "W08-0325", 
    "citing_paper_authority": 12, 
    "citing_paper_authors": "Zden&#x11B;k, &#x17D;abokrtsk&yacute; | Jan, Pt&aacute;&#x10D;ek | Petr, Pajas", 
    "raw_text": "B3: Tag the tokens with PTB-style POS tags using a tagger (Brants, 2000)", 
    "clean_text": "Tag the tokens with PTB-style POS tags using a tagger (Brants, 2000).", 
    "keep_for_gold": 0
  }, 
  {
    "citance_No": 8, 
    "citing_paper_id": "P13-2112", 
    "citing_paper_authority": 0, 
    "citing_paper_authors": "Long, Duong | Paul, Cook | Steven, Bird | Pavel, Pecina", 
    "raw_text": "For example, Petrov et al (2012) build supervised POS taggers for 22 languages using the TNT tagger (Brants, 2000), with an average accuracy of 95.2%", 
    "clean_text": "For example, Petrov et al (2012) build supervised POS taggers for 22 languages using the TNT tagger (Brants, 2000), with an average accuracy of 95.2%.", 
    "keep_for_gold": 0
  }, 
  {
    "citance_No": 9, 
    "citing_paper_id": "P13-2112", 
    "citing_paper_authority": 0, 
    "citing_paper_authors": "Long, Duong | Paul, Cook | Steven, Bird | Pavel, Pecina", 
    "raw_text": "Forun aligned words, we simply assign a random POSand very low probability, which does not subs tan tially affect transition probability estimates. In Step 6 we build a tagger by feeding the es ti mated emission and transition probabilities into the TNT tagger (Brants, 2000), an implementation of a trigram HMM tagger", 
    "clean_text": "Forun aligned words, we simply assign a random POS and very low probability, which does not substantially affect transition probability estimates. In Step 6 we build a tagger by feeding the es ti mated emission and transition probabilities into the TNT tagger (Brants, 2000), an implementation of a trigram HMM tagger.", 
    "keep_for_gold": 0
  }, 
  {
    "citance_No": 10, 
    "citing_paper_id": "W05-0807", 
    "citing_paper_authority": 2, 
    "citing_paper_authors": "Elliott Franco, Drabek | David, Yarowsky", 
    "raw_text": "based on tree-structures of various complexity in the tree-adjoining grammar model. Using such tags, Brants (2000) has achieved the automated tagging of a syntactic-structure-based set of grammatical function tags including phrase-chunk and syntactic-role modifiers trained in supervised mode from a tree bank of German", 
    "clean_text": "based on tree-structures of various complexity in the tree-adjoining grammar model. Using such tags, Brants (2000) has achieved the automated tagging of a syntactic-structure-based set of grammatical function tags including phrase-chunk and syntactic-role modifiers trained in supervised mode from a tree bank of German.", 
    "keep_for_gold": 1
  }, 
  {
    "citance_No": 11, 
    "citing_paper_id": "W04-1217", 
    "citing_paper_authority": 8, 
    "citing_paper_authors": "Jenny Rose, Finkel | Shipra, Dingare | Huy, Nguyen | Malvina, Nissim | Christopher D., Manning | Gail, Sinclair", 
    "raw_text": "We also incorporated part-of speech tagging, using the TnT tagger (Brants, 2000) retrained on the GENIA corpus gold standard part of-speech tagging", 
    "clean_text": "We also incorporated part-of speech tagging, using the TnT tagger (Brants, 2000) retrained on the GENIA corpus gold standard part of-speech tagging.", 
    "keep_for_gold": 0
  }, 
  {
    "citance_No": 12, 
    "citing_paper_id": "W08-1708", 
    "citing_paper_authority": 3, 
    "citing_paper_authors": "Kostadin, Cholakov | Valia, Kordoni | Yi, Zhang", 
    "raw_text": "POS Majority lexical type noun count-noun-le c-n-f verb trans-nerg-str-verb-le haben-auxf adj adj-non-prd-le adv intersect-adv-le Table 5: POS tags to lexical types mapping Again for comparison, we have built another simple baseline model using the TnT POS tagger (Brants, 2000)", 
    "clean_text": "POS Majority lexical type noun count-noun-le c-n-f verb trans-nerg-str-verb-le haben-auxf adj adj-non-prd-le adv intersect-adv-le Table 5: POS tags to lexical types mapping Again for comparison, we have built another simple baseline model using the TnT POS tagger (Brants, 2000).", 
    "keep_for_gold": 0
  }, 
  {
    "citance_No": 13, 
    "citing_paper_id": "W02-1040", 
    "citing_paper_authority": 15, 
    "citing_paper_authors": "Michael, Strube | Stefan, Rapp | Christof E., M&uuml;ller", 
    "raw_text": "The texts were POS-tagged using TnT (Brants,2000)", 
    "clean_text": "The texts were POS-tagged using TnT (Brants,2000).", 
    "keep_for_gold": 0
  }, 
  {
    "citance_No": 14, 
    "citing_paper_id": "C10-1030", 
    "citing_paper_authority": 0, 
    "citing_paper_authors": "Markus, Dickinson", 
    "raw_text": "is split into stem and suffix, with corresponding POStags.2 (3) a.???, Vm --- -a-p,?, Vmip1s-a-p b.???, Vm --- -a-p,??, Vmip3s-a-p c.???, Vm --- -a-p, NULL, Vmis-sma-p The freely-available POS lexicon from Sharoff et al (2008), specifically the file for the POS tagger TnT (Brants, 2000), contains full words (239,889 unique forms), with frequency information", 
    "clean_text": "The freely-available POS lexicon from Sharoff et al (2008), specifically the file for the POS tagger TnT (Brants, 2000), contains full words (239,889 unique forms), with frequency information.", 
    "keep_for_gold": 0
  }, 
  {
    "citance_No": 15, 
    "citing_paper_id": "C10-1030", 
    "citing_paper_authority": 0, 
    "citing_paper_authors": "Markus, Dickinson", 
    "raw_text": "We use a corpus of 5 million words automatically tagged by TnT (Brants, 2000) and freely avail able on line (Sharoff et al, 2008) .5 Because we want to make linguistically-informed corruptions, we corrupt only the words we have information for, identifying the words in the corpus which are found in the lexicon with the appropriate POStag.6 We also select only words which have inflectional morphology: nouns, verbs, adjectives, pronouns, and numerals.7 4.2.1 Determining word properties (step 1) We use the POS tag to restrict the properties of a word, regardless of how exactly we corrupt it", 
    "clean_text": "We use a corpus of 5 million words automatically tagged by TnT (Brants, 2000) and freely available online (Sharoff et al, 2008). Because we want to make linguistically-informed corruptions, we corrupt only the words we have information for, identifying the words in the corpus which are found in the lexicon with the appropriate POS tag. We also select only words which have inflectional morphology: nouns, verbs, adjectives, pronouns, and numerals.7 4.2.1 Determining word properties (step 1) We use the POS tag to restrict the properties of a word, regardless of how exactly we corrupt it.", 
    "keep_for_gold": 0
  }, 
  {
    "citance_No": 16, 
    "citing_paper_id": "C10-1030", 
    "citing_paper_authority": 0, 
    "citing_paper_authors": "Markus, Dickinson", 
    "raw_text": "To POS tag, we use the HMM tagger TnT (Brants, 2000) with the model from http: //corpus.leeds.ac.uk/mocky/", 
    "clean_text": "To POS tag, we use the HMM tagger TnT (Brants, 2000) with the model from http: //corpus.leeds.ac.uk/mocky/.", 
    "keep_for_gold": 0
  }, 
  {
    "citance_No": 17, 
    "citing_paper_id": "C02-1021", 
    "citing_paper_authority": 1, 
    "citing_paper_authors": "Pavel, Kveton | Karel, Oliva", 
    "raw_text": "After finishing the corrections, we experimented with training and testing the TnT tagger (Brants,2000) on the& quot; old& quot; and on the& quot; corrected& quot; version of NEGRA?", 
    "clean_text": "After finishing the corrections, we experimented with training and testing the TnT tagger (Brants,2000) on the& quot; old& quot; and on the& quot; corrected& quot; version of NEGRA?.", 
    "keep_for_gold": 0
  }, 
  {
    "citance_No": 18, 
    "citing_paper_id": "W12-1911", 
    "citing_paper_authority": 2, 
    "citing_paper_authors": "David, Marecek | Zden&#x11B;k, &#x17D;abokrtsk&yacute;", 
    "raw_text": "To make them useful, the necessary preprocessing steps must have been done. The texts were first automatically segmented and to kenized14 and then they were part-of-speech tagged by TnT tagger (Brants, 2000), which was trained on the respective WILS training data", 
    "clean_text": "To make them useful, the necessary preprocessing steps must have been done. The texts were first automatically segmented and tokenized and then they were part-of-speech tagged by TnT tagger (Brants, 2000), which was trained on the respective WILS training data.", 
    "keep_for_gold": 0
  }, 
  {
    "citance_No": 19, 
    "citing_paper_id": "W11-0415", 
    "citing_paper_authority": 3, 
    "citing_paper_authors": "Silke, Scheible | Richard J., Whitt | Martin, Durrell | Paul N., Bennett", 
    "raw_text": "POS tags, on the other, represent more of a challenge with only 91.6% 4http: //gate.ac.uk/sale/tao/splitch15.html NORM LEMMA POS Agreed tokens (out of 57,845) 56,052 55,217 52,959 Accuracy (%) 96.9% 95.5% 91.6% Table 3: Inter-annotator agreement agreement between two annotators, which is cons id erably lower than the agreement level reported for annotating a corpus of modern German using STTS, at 98.6% (Brants, 2000a)", 
    "clean_text": "POS tags, on the other, represent more of a challenge with only 91.6% NORM LEMMA POS Agreed tokens (out of 57,845) 56,052 55,217 52,959 Accuracy (%) 96.9% 95.5% 91.6% Table 3: Inter-annotator agreement agreement between two annotators, which is cons id erably lower than the agreement level reported for annotating a corpus of modern German using STTS, at 98.6% (Brants, 2000a).", 
    "keep_for_gold": 0
  }, 
  {
    "citance_No": 20, 
    "citing_paper_id": "W11-0415", 
    "citing_paper_authority": 3, 
    "citing_paper_authors": "Silke, Scheible | Richard J., Whitt | Martin, Durrell | Paul N., Bennett", 
    "raw_text": "We further plan to retrain state-of the-art POS taggers such as the TreeTagger and TnT Tagger (Brants, 2000b) on our data. Finally, we plan to investigate how linguistic annotations can be automatically integrated in the TEIannotated version of the corpus to produce TEI con formant output", 
    "clean_text": "We further plan to retrain state-of the-art POS taggers such as the TreeTagger and TnT Tagger (Brants, 2000b) on our data. Finally, we plan to investigate how linguistic annotations can be automatically integrated in the TEI annotated version of the corpus to produce TEI con formant output.", 
    "keep_for_gold": 0
  }
]
