[
  {
    "citance_No": 1, 
    "citing_paper_id": "P98-2247", 
    "citing_paper_authority": 10, 
    "citing_paper_authors": "Diana, McCarthy | Anna, Korhonen", 
    "raw_text": "The SCFs applicable to each verb are extracted automatically from corpus data using the system of Briscoe and Carroll (1997)", 
    "clean_text": "The SCFs applicable to each verb are extracted automatically from corpus data using the system of Briscoe and Carroll (1997).", 
    "keep_for_gold": 0
  }, 
  {
    "citance_No": 2, 
    "citing_paper_id": "P13-1058", 
    "citing_paper_authority": 0, 
    "citing_paper_authors": "Marion, Weller | Alexander, Fraser | Sabine, Schulte Im Walde", 
    "raw_text": "On the other hand, we find automatic approaches to the induction of verb sub categorization information at the syntax-semantics interface for a large number of languages ,e.g. Briscoe and Carroll (1997) for English; Sarkar and Zeman (2000) for Czech; Schulteim Walde (2002a) for German; Messiant (2008) for French", 
    "clean_text": "On the other hand, we find automatic approaches to the induction of verb subcategorization information at the syntax-semantics interface for a large number of languages ,e.g. Briscoe and Carroll (1997) for English; Sarkar and Zeman (2000) for Czech; Schulteim Walde (2002a) for German; Messiant (2008) for French.", 
    "keep_for_gold": 0
  }, 
  {
    "citance_No": 3, 
    "citing_paper_id": "C04-1153", 
    "citing_paper_authority": 0, 
    "citing_paper_authors": "Katia, Kermanidis | Manolis, Maragoudakis | Nikos D., Fakotakis | George K., Kokkinakis", 
    "raw_text": "Briscoe and Carroll (1997) and Korhonen et al (2000) use a grammar and a sophisticated parsing tool for argument-adjunct distinction", 
    "clean_text": "Briscoe and Carroll (1997) and Korhonen et al (2000) use a grammar and a sophisticated parsing tool for argument-adjunct distinction.", 
    "keep_for_gold": 1
  }, 
  {
    "citance_No": 4, 
    "citing_paper_id": "I05-6008", 
    "citing_paper_authority": 1, 
    "citing_paper_authors": "Bego&ntilde;a Villada, Moir&oacute;n", 
    "raw_text": "67 search, but a starting point would be the approach by (Briscoe and Carroll, 1997)", 
    "clean_text": "67 search, but a starting point would be the approach by (Briscoe and Carroll, 1997).", 
    "keep_for_gold": 0
  }, 
  {
    "citance_No": 5, 
    "citing_paper_id": "C04-1104", 
    "citing_paper_authority": 2, 
    "citing_paper_authors": "Xiwu, Han | Tiejun, Zhao | Haoliang, Qi | Hao, Yu", 
    "raw_text": "(Briscoe and Carroll 1997), (Korhonen 2003), but also in many other languages, such as Germany (Schulteim Walde 2002), Czech (Sarkar and Zeman 2000), and Portuguese (Gamallo et. al 2002)", 
    "clean_text": "", 
    "keep_for_gold": 0
  }, 
  {
    "citance_No": 6, 
    "citing_paper_id": "C04-1104", 
    "citing_paper_authority": 2, 
    "citing_paper_authors": "Xiwu, Han | Tiejun, Zhao | Haoliang, Qi | Hao, Yu", 
    "raw_text": "(Brent 1993) estimated pe according to the acquisition system? s performance, while (Briscoe and Carroll 1997) calculated pe from the distribution of SCF types in ANLT and SCF tokens in Susanne as shown in the fol lowing equation", 
    "clean_text": "(Brent 1993) estimated pe according to the acquisition system? s performance, while (Briscoe and Carroll 1997) calculated pe from the distribution of SCF types in ANLT and SCF tokens in Susanne as shown in the fol lowing equation.", 
    "keep_for_gold": 0
  }, 
  {
    "citance_No": 7, 
    "citing_paper_id": "C04-1104", 
    "citing_paper_authority": 2, 
    "citing_paper_authors": "Xiwu, Han | Tiejun, Zhao | Haoliang, Qi | Hao, Yu", 
    "raw_text": "Further more, (Briscoe and Carroll 1997 )ap plied their acquired English SCF lexicon to an intermediate parser, and reported a 7% improvement of both phrase-based precision and recall", 
    "clean_text": "Further more, (Briscoe and Carroll 1997) applied their acquired English SCF lexicon to an intermediate parser, and reported a 7% improvement of both phrase-based precision and recall.", 
    "keep_for_gold": 0
  }, 
  {
    "citance_No": 8, 
    "citing_paper_id": "P06-2067", 
    "citing_paper_authority": 0, 
    "citing_paper_authors": "Jianguo, Li | Chris, Brew", 
    "raw_text": "We briefly outline our SCF extraction system for automatically extracting SCFs from corpora, which was based on the design proposed in Briscoe and Carroll (1997)", 
    "clean_text": "We briefly outline our SCF extraction system for automatically extracting SCFs from corpora, which was based on the design proposed in Briscoe and Carroll (1997).", 
    "keep_for_gold": 0
  }, 
  {
    "citance_No": 9, 
    "citing_paper_id": "P06-2067", 
    "citing_paper_authority": 0, 
    "citing_paper_authors": "Jianguo, Li | Chris, Brew", 
    "raw_text": "We used the 14 verbs 4 selected by Briscoe and Carroll (1997) and evaluated our results of these verbs against the SCF entries in two gold standards: COMLEX (Grishman et al, 1994) and a manually constructed SCF set from the training data", 
    "clean_text": "We used the 14 verbs 4 selected by Briscoe and Carroll (1997) and evaluated our results of these verbs against the SCF entries in two gold standards: COMLEX (Grishman et al, 1994) and a manually constructed SCF set from the training data.", 
    "keep_for_gold": 0
  }, 
  {
    "citance_No": 10, 
    "citing_paper_id": "P06-2067", 
    "citing_paper_authority": 0, 
    "citing_paper_authors": "Jianguo, Li | Chris, Brew", 
    "raw_text": "Our experiments show that 4The 14 verbs used in Briscoe and Carroll (1997) are ask, begin, believe, cause, expect, find, give, help, like, move, pro duce, provide, seem and sway", 
    "clean_text": "Our experiments show that 14 verbs used in Briscoe and Carroll (1997) are ask, begin, believe, cause, expect, find, give, help, like, move, produce, provide, seem and sway.", 
    "keep_for_gold": 0
  }, 
  {
    "citance_No": 11, 
    "citing_paper_id": "P04-1047", 
    "citing_paper_authority": 7, 
    "citing_paper_authors": "Ruth, O'Donovan | Michael, Burke | Aoife, Cahill | Josef, van Genabith | Andy, Way", 
    "raw_text": "(Briscoe and Carroll, 1997) observe that in the work of (Brent, 1993), (Manning, 1993) and (Ushioda et al, 1993),? the maximum number of distinct sub categorization classes recognized is sixteen, and only Ushioda et al attempt to derive relative sub cat egorization frequency for individual predicates?", 
    "clean_text": "(Briscoe and Carroll, 1997) observe that in the work of (Brent, 1993), (Manning, 1993) and (Ushioda et al, 1993), the maximum number of distinct subcategorization classes recognized is sixteen, and only Ushioda et al attempt to derive relative subcategorization frequency for individual predicates.", 
    "keep_for_gold": 0
  }, 
  {
    "citance_No": 12, 
    "citing_paper_id": "P04-1047", 
    "citing_paper_authority": 7, 
    "citing_paper_authors": "Ruth, O'Donovan | Michael, Burke | Aoife, Cahill | Josef, van Genabith | Andy, Way", 
    "raw_text": "In contrast, the system of (Briscoe and Carroll, 1997) distinguishes 163 verbal subcategorisation classes by means of a statistical shallow parser, a classifier of subcategorisation classes, and a priori estimates of the probability that any verb will be a member of those classes", 
    "clean_text": "In contrast, the system of (Briscoe and Carroll, 1997) distinguishes 163 verbal subcategorisation classes by means of a statistical shallow parser, a classifier of subcategorisation classes, and a priori estimates of the probability that any verb will be a member of those classes.", 
    "keep_for_gold": 0
  }, 
  {
    "citance_No": 13, 
    "citing_paper_id": "P04-1047", 
    "citing_paper_authority": 7, 
    "citing_paper_authors": "Ruth, O'Donovan | Michael, Burke | Aoife, Cahill | Josef, van Genabith | Andy, Way", 
    "raw_text": "It is a well-documented fact (Briscoe and Carroll,1997) that subcategorisation frames (and their frequencies) vary across domains", 
    "clean_text": "It is a well-documented fact (Briscoe and Carroll,1997) that subcategorisation frames (and their frequencies) vary across domains.", 
    "keep_for_gold": 0
  }, 
  {
    "citance_No": 14, 
    "citing_paper_id": "D07-1110", 
    "citing_paper_authority": 11, 
    "citing_paper_authors": "Aline, Villavicencio | Valia, Kordoni | Yi, Zhang | Marco, Idiart | Carlos, Ramisch", 
    "raw_text": "Several substantial resources exist :e.g., hand-crafted large-scale grammars like the English Resource Grammar (ERG Flickinger (2000)) and the Dutch Alpino Grammar (Bouma et al, 2001) .Unfortunately, the construction of these re sources is the manual result of human efforts and therefore likely to contain errors of omission and commission (Briscoe and Carroll, 1997)", 
    "clean_text": "Several substantial resources exist: e.g., hand-crafted large-scale grammars like the English Resource Grammar (ERG Flickinger (2000)) and the Dutch Alpino Grammar (Bouma et al, 2001). Unfortunately, the construction of these resources is the manual result of human efforts and therefore likely to contain errors of omission and commission (Briscoe and Carroll, 1997).", 
    "keep_for_gold": 0
  }, 
  {
    "citance_No": 15, 
    "citing_paper_id": "C08-1057", 
    "citing_paper_authority": 7, 
    "citing_paper_authors": "Anna, Korhonen | Yuval, Krymolowski | Nigel, Collier", 
    "raw_text": "2 The preliminary experiment on biomedical verb classification (Korhonen et al, 2006) employed basic syntactic features only: SCFs extracted from corpus data using the system of Briscoe and Carroll (1997) which operates on the output of a domain-independent robust statistical parser (RASP) (Briscoe and Carroll, 2002)", 
    "clean_text": "The preliminary experiment on biomedical verb classification (Korhonen et al, 2006) employed basic syntactic features only: SCFs extracted from corpus data using the system of Briscoe and Carroll (1997) which operates on the output of a domain-independent robust statistical parser (RASP) (Briscoe and Carroll, 2002).", 
    "keep_for_gold": 0
  }, 
  {
    "citance_No": 16, 
    "citing_paper_id": "P07-1115", 
    "citing_paper_authority": 14, 
    "citing_paper_authors": "Judita, Preiss | Ted, Briscoe | Anna, Korhonen", 
    "raw_text": "(Briscoe and Carroll, 1997)) is to extract SCFs from parse trees, introducing an unnecessary dependence on the details of a particular parser", 
    "clean_text": "(Briscoe and Carroll, 1997)) is to extract SCFs from parse trees, introducing an unnecessary dependence on the details of a particular parser.", 
    "keep_for_gold": 0
  }, 
  {
    "citance_No": 17, 
    "citing_paper_id": "W04-2606", 
    "citing_paper_authority": 8, 
    "citing_paper_authors": "Anna, Korhonen | Ted, Briscoe", 
    "raw_text": "Table 2: New Verb Classes 1000 citations, on average, for each verb. Our method for SCF acquisition (Korhonen, 2002) involves first using the system ofBriscoe and Carroll (1997) to acquire a putative SCF distribution for each test verb from corpus data", 
    "clean_text": "Table 2: New Verb Classes 1000 citations, on average, for each verb. Our method for SCF acquisition (Korhonen, 2002) involves first using the system of Briscoe and Carroll (1997) to acquire a putative SCF distribution for each test verb from corpus data.", 
    "keep_for_gold": 0
  }, 
  {
    "citance_No": 18, 
    "citing_paper_id": "W04-2411", 
    "citing_paper_authority": 0, 
    "citing_paper_authors": "Vivian, Tsang | Suzanne, Stevenson", 
    "raw_text": "The text is parsed using the RASP parser (Briscoe and Carroll, 2002), and sub categorizations are extracted using the system of Briscoe and Carroll (1997)", 
    "clean_text": "The text is parsed using the RASP parser (Briscoe and Carroll, 2002), and sub categorizations are extracted using the system of Briscoe and Carroll (1997).", 
    "keep_for_gold": 0
  }, 
  {
    "citance_No": 19, 
    "citing_paper_id": "P04-2008", 
    "citing_paper_authority": 0, 
    "citing_paper_authors": "Naoki, Yoshinaga", 
    "raw_text": "In their study, they first acquire fine-grained SCFs using the unsupervised method proposed by Briscoe and Carroll (1997) and Korhonen (2002)", 
    "clean_text": "In their study, they first acquire fine-grained SCFs using the unsupervised method proposed by Briscoe and Carroll (1997) and Korhonen (2002).", 
    "keep_for_gold": 0
  }, 
  {
    "citance_No": 20, 
    "citing_paper_id": "P03-1009", 
    "citing_paper_authority": 23, 
    "citing_paper_authors": "Anna, Korhonen | Yuval, Krymolowski | Zvika, Marx", 
    "raw_text": "We propose a novel approach, which involves: (i) obtaining SCF frequency information from a lexicon extracted automatically using the comprehensive system of Briscoe and Carroll (1997) and (ii) applying a clustering mechanism to this information", 
    "clean_text": "We propose a novel approach, which involves: (i) obtaining SCF frequency information from a lexicon extracted automatically using the comprehensive system of Briscoe and Carroll (1997) and (ii) applying a clustering mechanism to this information.", 
    "keep_for_gold": 0
  }
]
