[
  {
    "citance_No": 1, 
    "citing_paper_id": "D09-1086", 
    "citing_paper_authority": 27, 
    "citing_paper_authors": "David A., Smith | Jason M., Eisner", 
    "raw_text": "Finally, Huang et al (2009) use features, somewhat like QG configurations ,onthe shift-reduce actions in a monolingual, target language parser", 
    "clean_text": "Finally, Huang et al (2009) use features, somewhat like QG configurations, on the shift-reduce actions in a monolingual, target language parser.", 
    "keep_for_gold": 0
  }, 
  {
    "citance_No": 2, 
    "citing_paper_id": "P14-1125", 
    "citing_paper_authority": 3, 
    "citing_paper_authors": "Meishan, Zhang | Yue, Zhang | Wanxiang, Che | Ting, Liu", 
    "raw_text": "The first consists of a joint segmentation and POS-tagging model (Zhang and Clark, 2010) and a word-based dependency parsing model using the arc-standard algorithm (Huang et al, 2009)", 
    "clean_text": "The first consists of a joint segmentation and POS-tagging model (Zhang and Clark, 2010) and a word-based dependency parsing model using the arc-standard algorithm (Huang et al, 2009).", 
    "keep_for_gold": 0
  }, 
  {
    "citance_No": 3, 
    "citing_paper_id": "P10-2026", 
    "citing_paper_authority": 0, 
    "citing_paper_authors": "Zhiyang, Wang | Yajuan, L&uuml; | Qun, Liu | Young-Sook, Hwang", 
    "raw_text": "(Huang et al, 2009)", 
    "clean_text": "", 
    "keep_for_gold": 0
  }, 
  {
    "citance_No": 4, 
    "citing_paper_id": "P11-2033", 
    "citing_paper_authority": 62, 
    "citing_paper_authors": "Yue, Zhang | Joakim, Nivre", 
    "raw_text": "Further, we follow Zhang and Clark (2008) and Huang et al (2009) and use the generalized perceptron (Collins, 2002) for global learning and beam search for decoding", 
    "clean_text": "", 
    "keep_for_gold": 0
  }, 
  {
    "citance_No": 5, 
    "citing_paper_id": "C10-1080", 
    "citing_paper_authority": 3, 
    "citing_paper_authors": "Yang, Liu | Qun, Liu", 
    "raw_text": "Compared with its string-based counterparts, tree-based decoding is simpler and faster: there is no need for synchronous binarization (Huang et al, 2009b; Zhang et al, 2006) and tree parsing generally runs in linear time (Huang et al, 2006)", 
    "clean_text": "", 
    "keep_for_gold": 0
  }, 
  {
    "citance_No": 6, 
    "citing_paper_id": "C10-1080", 
    "citing_paper_authority": 3, 
    "citing_paper_authors": "Yang, Liu | Qun, Liu", 
    "raw_text": "As tree-to-string rules usually have multiple non-terminals that make decoding complexity generally exponential, synchronous binarization (Huang et al, 2009b; Zhang et al, 2006) is a key technique for applying the CKY algorithm to parsing with tree-to-string rules", 
    "clean_text": "", 
    "keep_for_gold": 0
  }, 
  {
    "citance_No": 7, 
    "citing_paper_id": "C10-1080", 
    "citing_paper_authority": 3, 
    "citing_paper_authors": "Yang, Liu | Qun, Liu", 
    "raw_text": "This node is actually stored in the monolithic node T. Please refer to page 573 of (Huang et al, 2009b) for more details about how to convert tree-to-string rules to SCFG rules. We call rules the tree roots of which are virtual non-terminals virtual rules and others natural rules", 
    "clean_text": "Please refer to page 573 of (Huang et al, 2009b) for more details about how to convert tree-to-string rules to SCFG rules.", 
    "keep_for_gold": 0
  }, 
  {
    "citance_No": 8, 
    "citing_paper_id": "C10-1080", 
    "citing_paper_authority": 3, 
    "citing_paper_authors": "Yang, Liu | Qun, Liu", 
    "raw_text": "We fol low Huang et al (2009b) to keep the probabilities of a natural rule unchanged and set those of a virtual rule to 1", 
    "clean_text": "We follow Huang et al (2009b) to keep the probabilities of a natural rule unchanged and set those of a virtual rule to 1.", 
    "keep_for_gold": 1
  }, 
  {
    "citance_No": 9, 
    "citing_paper_id": "N10-1115", 
    "citing_paper_authority": 39, 
    "citing_paper_authors": "Yoav, Goldberg | Michael, Elhadad", 
    "raw_text": "745 Structural for p in pi? 2, pi? 1, pi ,pi+1 ,pi+2 ,pi+3lenp ,ncp for p, q in (pi? 2, pi? 1), (pi? 1, pi), (pi ,pi+1), (pi+1 ,pi+ 2), (pi+2 ,pi+3) ?qp, ?qptptq Unigram for p in pi? 2, pi? 1, pi ,pi+1 ,pi+2 ,pi+3tp ,wp ,tplcp ,tprcp ,tprcplcp Bigram for p, q in (pi ,pi+1), (pi ,pi+2), (pi? 1, pi), (pi? 1 ,pi+2), (pi+1 ,pi+2 )tptq ,wpwq ,tpwq ,wptqtptqlcplcq ,tptqrcplcqtptqlcprcq ,tptqrcprcq PP-Attachment if pi is a preposition wpi? 1wpircpi ,tpi? 1wpircwpi if pi+1 is a preposition wpi? 1wpi+1rcpi+1 ,tpi? 1wpi+1rcwpi+1wpiwpi+1rcpi+1 ,tpiwpi+1rcwpi+1 if pi+2 is a preposition wpi+1wpi+2rcpi+2 ,tpi+1wpi+2rcwpi+2wpiwpi+2rcpi+2 ,tpiwpi+2rcwpi+2 Figure 2: Feature Templates scribed in (Huang et al, 2009)", 
    "clean_text": "", 
    "keep_for_gold": 0
  }, 
  {
    "citance_No": 10, 
    "citing_paper_id": "D11-1007", 
    "citing_paper_authority": 4, 
    "citing_paper_authors": "Wenliang, Chen | Jun'ichi, Kazama | Min, Zhang | Yoshimasa, Tsuruoka | Yujie, Zhang | Yiou, Wang | Kentaro, Torisawa | Haizhou, Li", 
    "raw_text": "Huang et al (2009) presented a method to train asource-language parser by using the reordering in formation on words between the sentences on two sides", 
    "clean_text": "Huang et al (2009) presented a method to train a source-language parser by using the reordering information on words between the sentences on two sides.", 
    "keep_for_gold": 0
  }, 
  {
    "citance_No": 11, 
    "citing_paper_id": "D11-1007", 
    "citing_paper_authority": 4, 
    "citing_paper_authors": "Wenliang, Chen | Jun'ichi, Kazama | Min, Zhang | Yoshimasa, Tsuruoka | Yujie, Zhang | Yiou, Wang | Kentaro, Torisawa | Haizhou, Li", 
    "raw_text": "Huang et al (2009) proposed features based on reordering between languages for a shift-reduce parser", 
    "clean_text": "Huang et al (2009) proposed features based on reordering between languages for a shift-reduce parser.", 
    "keep_for_gold": 0
  }, 
  {
    "citance_No": 12, 
    "citing_paper_id": "D11-1007", 
    "citing_paper_authority": 4, 
    "citing_paper_authors": "Wenliang, Chen | Jun'ichi, Kazama | Min, Zhang | Yoshimasa, Tsuruoka | Yujie, Zhang | Yiou, Wang | Kentaro, Torisawa | Haizhou, Li", 
    "raw_text": "We removed notoriously bad links in{ a, an, the}?{? (de),? (le)} following the work of Huang et al (2009)", 
    "clean_text": "", 
    "keep_for_gold": 0
  }, 
  {
    "citance_No": 13, 
    "citing_paper_id": "D11-1007", 
    "citing_paper_authority": 4, 
    "citing_paper_authors": "Wenliang, Chen | Jun'ichi, Kazama | Min, Zhang | Yoshimasa, Tsuruoka | Yujie, Zhang | Yiou, Wang | Kentaro, Torisawa | Haizhou, Li", 
    "raw_text": "Table 7 lists the results, where Huang2009 refers to the result of Huang et al (2009), Chen2010BI refers to the result of using bilingual features in Chen et al (2010), and Chen2010ALL refers to the result of using all of the features in Chen et al (2010)", 
    "clean_text": "Table 7 lists the results, where Huang 2009 refers to the result of Huang et al (2009), Chen2010BI refers to the result of using bilingual features in Chen et al (2010), and Chen2010ALL refers to the result of using all of the features in Chen et al (2010).", 
    "keep_for_gold": 0
  }, 
  {
    "citance_No": 14, 
    "citing_paper_id": "D11-1007", 
    "citing_paper_authority": 4, 
    "citing_paper_authors": "Wenliang, Chen | Jun'ichi, Kazama | Min, Zhang | Yoshimasa, Tsuruoka | Yujie, Zhang | Yiou, Wang | Kentaro, Torisawa | Haizhou, Li", 
    "raw_text": "Compared with the approaches of 81 Huang et al (2009) and Chen et al (2010), our approach used an auto-generated bilingual treebankwhile theirs used a human-annotated bilingual tree bank", 
    "clean_text": "", 
    "keep_for_gold": 0
  }, 
  {
    "citance_No": 15, 
    "citing_paper_id": "W10-2927", 
    "citing_paper_authority": 1, 
    "citing_paper_authors": "Yoav, Goldberg | Michael, Elhadad", 
    "raw_text": "For the transition-based parsers, we used the arc-eager (ARCE) variant of the freely available MALTparser5 (Nivre et al,2006), and our own implementation of an arc standard parser (ARCS) as described in (Huang et al., 2009)", 
    "clean_text": "For the transition-based parsers, we used the arc-eager (ARCE) variant of the freely available MALT parser (Nivre et al,2006), and our own implementation of an arc standard parser (ARCS) as described in (Huang et al., 2009).", 
    "keep_for_gold": 0
  }, 
  {
    "citance_No": 16, 
    "citing_paper_id": "W10-2927", 
    "citing_paper_authority": 1, 
    "citing_paper_authors": "Yoav, Goldberg | Michael, Elhadad", 
    "raw_text": "The semantics of the system is described in (Huang et al, 2009)", 
    "clean_text": "The semantics of the system is described in (Huang et al, 2009).", 
    "keep_for_gold": 0
  }, 
  {
    "citance_No": 17, 
    "citing_paper_id": "N10-1113", 
    "citing_paper_authority": 0, 
    "citing_paper_authors": "Florian, Schwarck | Alexander, Fraser | Hinrich, Sch&uuml;tze", 
    "raw_text": "Fossum and Knight (2008) and Huang et al (2009 )im prove English prepositional phrase attachment using features from an unparsed Chinese sentence", 
    "clean_text": "Fossum and Knight (2008) and Huang et al (2009) improve English prepositional phrase attachment using features from an unparsed Chinese sentence.", 
    "keep_for_gold": 1
  }, 
  {
    "citance_No": 18, 
    "citing_paper_id": "W11-0328", 
    "citing_paper_authority": 7, 
    "citing_paper_authors": "Yoshimasa, Tsuruoka | Yusuke, Miyao | Jun'ichi, Kazama", 
    "raw_text": "In fact, it is worse than the deterministic parser of Huang et al (2009), which uses (almost) the same set of features", 
    "clean_text": "In fact, it is worse than the deterministic parser of Huang et al (2009), which uses (almost) the same set of features.", 
    "keep_for_gold": 0
  }, 
  {
    "citance_No": 19, 
    "citing_paper_id": "W11-0328", 
    "citing_paper_authority": 7, 
    "citing_paper_authors": "Yoshimasa, Tsuruoka | Yusuke, Miyao | Jun'ichi, Kazama", 
    "raw_text": "Training time (sec) Test time (sec) Accuracy No lookahead (depth= 0) 1,937 4 89.73 Lookahead (depth= 1) 4,907 13 91.00 Lookahead (depth= 2) 12,800 31 91.10 Lookahead (depth= 3) 31,684 79 91.24 Beam search (k= 64) (Zhang and Clark, 2008 )n/an/a 91.4 Deterministic (Huang et al, 2009 )n/an/a 90.2 Beam search (k= 16) (Huang et al, 2009 )n/an/a 91.3 Dynamic programming (Huang and Sagae, 2010 )n/an/a 92.1 Table 4: Performance of English dependency parsing (training times and accuracy scores on test data)", 
    "clean_text": "", 
    "keep_for_gold": 0
  }, 
  {
    "citance_No": 20, 
    "citing_paper_id": "C10-2136", 
    "citing_paper_authority": 0, 
    "citing_paper_authors": "Jinsong, Su | Yang, Liu | Haitao, Mi | Hongmei, Zhao | Yajuan, L&uuml; | Qun, Liu", 
    "raw_text": "Then we parse the English sentences to generate a string-to-dependency word-aligned corpus using the parser (Huang et al, 2009)", 
    "clean_text": "Then we parse the English sentences to generate a string-to-dependency word-aligned corpus using the parser (Huang et al, 2009).", 
    "keep_for_gold": 0
  }
]
