[
  {
    "citance_No": 1, 
    "citing_paper_id": "D11-1007", 
    "citing_paper_authority": 4, 
    "citing_paper_authors": "Wenliang, Chen | Jun'ichi, Kazama | Min, Zhang | Yoshimasa, Tsuruoka | Yujie, Zhang | Yiou, Wang | Kentaro, Torisawa | Haizhou, Li", 
    "raw_text": "(Burkett and Klein, 2008), which do not exist in monolingual sentences", 
    "clean_text": "In bitext parsing, we can use the information based on \"bilingual constraints\" (Burkett and Klein, 2008), which do not exist in monolingual sentences.", 
    "keep_for_gold": 0
  }, 
  {
    "citance_No": 2, 
    "citing_paper_id": "D11-1007", 
    "citing_paper_authority": 4, 
    "citing_paper_authors": "Wenliang, Chen | Jun'ichi, Kazama | Min, Zhang | Yoshimasa, Tsuruoka | Yujie, Zhang | Yiou, Wang | Kentaro, Torisawa | Haizhou, Li", 
    "raw_text": "Burkett and Klein (2008) proposed joint models on bi texts to improve the performance on either or both sides", 
    "clean_text": "Burkett and Klein (2008) proposed joint models on bitexts to improve the performance on either or both sides.", 
    "keep_for_gold": 0
  }, 
  {
    "citance_No": 3, 
    "citing_paper_id": "D11-1007", 
    "citing_paper_authority": 4, 
    "citing_paper_authors": "Wenliang, Chen | Jun'ichi, Kazama | Min, Zhang | Yoshimasa, Tsuruoka | Yujie, Zhang | Yiou, Wang | Kentaro, Torisawa | Haizhou, Li", 
    "raw_text": "Following the studies of Burkett and Klein (2008), Huangetal", 
    "clean_text": "Following the studies of Burkett and Klein (2008), Huang et al. (2009) and Chen et al. (2010), we used the exact same data split: 1-270 for training, 301-325 for development, and 271-300 for testing.", 
    "keep_for_gold": 0
  }, 
  {
    "citance_No": 4, 
    "citing_paper_id": "D09-1161", 
    "citing_paper_authority": 14, 
    "citing_paper_authors": "Hui, Zhang | Min, Zhang | Chew Lim, Tan | Haizhou, Li", 
    "raw_text": "System F1-Measure I Charniak (2000) 80.85 Petrov and Klein (2007) 83.13 B Burkett and Klein (2008) 1 84.24 C Our method 85.45 Table 11", 
    "clean_text": "", 
    "keep_for_gold": 0
  }, 
  {
    "citance_No": 5, 
    "citing_paper_id": "D09-1161", 
    "citing_paper_authority": 14, 
    "citing_paper_authors": "Hui, Zhang | Min, Zhang | Chew Lim, Tan | Haizhou, Li", 
    "raw_text": "Accuracy comparison on Chinese 1 Burkett and Klein (2008) use the additional know-", 
    "clean_text": "Burkett and Klein (2008) use the additional knowledge from Chinese-English parallel Treebank to improve Chinese parsing accuracy.", 
    "keep_for_gold": 0
  }, 
  {
    "citance_No": 6, 
    "citing_paper_id": "N10-1015", 
    "citing_paper_authority": 18, 
    "citing_paper_authors": "David, Burkett | John, Blitzer | Dan, Klein", 
    "raw_text": "It also improves over the discriminative, bilingual parsing model of Burkett and Klein (2008), yielding the highest joint parsing F1 numbers on this data set", 
    "clean_text": "It also improves over the discriminative, bilingual parsing model of Burkett and Klein (2008), yielding the highest joint parsing F1 numbers on this data set.", 
    "keep_for_gold": 0
  }, 
  {
    "citance_No": 7, 
    "citing_paper_id": "N10-1015", 
    "citing_paper_authority": 18, 
    "citing_paper_authors": "David, Burkett | John, Blitzer | Dan, Klein", 
    "raw_text": "We used the Berkeley Parser (Petrov and Klein,2007) for both monolingual parsers, with the Chinese parser trained on the full Chinese tree bank, and the English parser trained on a concatenation of the Penn WSJ corpus (Marcus et al, 1993) and the English side of train.6We compare our parsing results to the mono lingual parsing models and to the English-Chinese bilingual re ranker of Burkett and Klein (2008), trained on the same dataset", 
    "clean_text": "We compare our parsing results to the monolingual parsing models and to the English-Chinese bilingual reranker of Burkett and Klein (2008), trained on the same dataset.", 
    "keep_for_gold": 0
  }, 
  {
    "citance_No": 8, 
    "citing_paper_id": "N10-1015", 
    "citing_paper_authority": 18, 
    "citing_paper_authors": "David, Burkett | John, Blitzer | Dan, Klein", 
    "raw_text": "Inaddition, our English parsing results are better than those of the Burkett and Klein (2008) bilingual re ranker, the current top-performing English-Chinesebilingual parser, despite ours using a much simpler set of synchronization features", 
    "clean_text": "In addition, our English parsing results are better than those of the Burkett and Klein (2008) bilingual reranker, the current top-performing English-Chinesebilingual parser, despite ours using a much simpler set of synchronization features.", 
    "keep_for_gold": 0
  }, 
  {
    "citance_No": 9, 
    "citing_paper_id": "P10-1003", 
    "citing_paper_authority": 7, 
    "citing_paper_authors": "Wenliang, Chen | Jun'ichi, Kazama | Kentaro, Torisawa", 
    "raw_text": "For example, Burkett and Klein (2008) show that parsing with joint models on bi texts improves performance on either or both sides", 
    "clean_text": "For example, Burkett and Klein (2008) show that parsing with joint models on bitexts improves performance on either or both sides.", 
    "keep_for_gold": 0
  }, 
  {
    "citance_No": 10, 
    "citing_paper_id": "P10-1003", 
    "citing_paper_authority": 7, 
    "citing_paper_authors": "Wenliang, Chen | Jun'ichi, Kazama | Kentaro, Torisawa", 
    "raw_text": "We did not compare our system with the joint model of Burkett and Klein (2008) because they reported the results on phrase structures", 
    "clean_text": "We did not compare our system with the joint model of Burkett and Klein (2008) because they reported the results on phrase structures.", 
    "keep_for_gold": 0
  }, 
  {
    "citance_No": 11, 
    "citing_paper_id": "N10-1113", 
    "citing_paper_authority": 0, 
    "citing_paper_authors": "Florian, Schwarck | Alexander, Fraser | Hinrich, Sch&uuml;tze", 
    "raw_text": "In bi text parsing, Burkett and Klein (2008) and Fraser et al (2009) used feature functions defined on triples of (parse tree in language 1, parse tree in language 2, word alignment), combined in a log-linear model trained to maximize parse accuracy, requiring translated tree banks", 
    "clean_text": "In bitext parsing, Burkett and Klein (2008) and Fraser et al (2009) used feature functions defined on triples of (parse tree in language 1, parse tree in language 2, word alignment), combined in a log-linear model trained to maximize parse accuracy, requiring translated tree banks.", 
    "keep_for_gold": 1
  }, 
  {
    "citance_No": 12, 
    "citing_paper_id": "P09-1007", 
    "citing_paper_authority": 14, 
    "citing_paper_authors": "Hai, Zhao | Yan, Song | Chunyu, Kitt | Guodong, Zhou", 
    "raw_text": "In this sense, it is related to the work of (Merlo et al, 2002) and (Burkett and Klein, 2008) .The former showed that complementary information about English verbs can be extracted from their translations in a second language (Chinese) and the use of multilingual features improves classification performance of the English verbs", 
    "clean_text": "", 
    "keep_for_gold": 0
  }, 
  {
    "citance_No": 13, 
    "citing_paper_id": "P09-1007", 
    "citing_paper_authority": 14, 
    "citing_paper_authors": "Hai, Zhao | Yan, Song | Chunyu, Kitt | Guodong, Zhou", 
    "raw_text": "However, although it is not essentially different, we only focus on dependency parsing itself, while the parsing scheme in (Burkett and Klein, 2008) based on a constituent representation", 
    "clean_text": "However, although it is not essentially different, we only focus on dependency parsing itself, while the parsing scheme in (Burkett and Klein, 2008) based on a constituent representation.", 
    "keep_for_gold": 0
  }, 
  {
    "citance_No": 14, 
    "citing_paper_id": "D11-1017", 
    "citing_paper_authority": 11, 
    "citing_paper_authors": "Jason, Katz-Brown | Slav, Petrov | Ryan, McDonald | Franz Josef, Och | David, Talbot | Hiroshi, Ichikawa | Masakazu, Seno | Hideto, Kazawa", 
    "raw_text": "It is also similar to Burkett and Klein (2008) and Burkett et al (2010), but again avoiding the added complexity introduced by the use of additional (bilingual) models for candidate selection. It should be noted that our extrinsic metric is computed from data that has been manually annotated with reference word reorderings", 
    "clean_text": "", 
    "keep_for_gold": 0
  }, 
  {
    "citance_No": 15, 
    "citing_paper_id": "W10-2906", 
    "citing_paper_authority": 14, 
    "citing_paper_authors": "David, Burkett | Slav, Petrov | John, Blitzer | Dan, Klein", 
    "raw_text": "For this task, we follow the setup of Burkett and Klein (2008), who improved Chinese and English monolingual parsers using parallel, hand-parsed text", 
    "clean_text": "For this task, we follow the setup of Burkett and Klein (2008), who improved Chinese and English monolingual parsers using parallel, hand-parsed text.", 
    "keep_for_gold": 0
  }, 
  {
    "citance_No": 16, 
    "citing_paper_id": "W10-2906", 
    "citing_paper_authority": 14, 
    "citing_paper_authors": "David, Burkett | Slav, Petrov | John, Blitzer | Dan, Klein", 
    "raw_text": "Procedurally, our work is most closely related to that of Burkett and Klein (2008)", 
    "clean_text": "Procedurally, our work is most closely related to that of Burkett and Klein (2008).", 
    "keep_for_gold": 0
  }, 
  {
    "citance_No": 17, 
    "citing_paper_id": "W10-2906", 
    "citing_paper_authority": 14, 
    "citing_paper_authors": "David, Burkett | Slav, Petrov | John, Blitzer | Dan, Klein", 
    "raw_text": "We parameterize the bilingual view using at most one-to-one matchings between nodes of structured labels in each language (Burkett and Klein, 2008)", 
    "clean_text": "We parameterize the bilingual view using at most one-to-one matchings between nodes of structured labels in each language (Burkett and Klein, 2008).", 
    "keep_for_gold": 0
  }, 
  {
    "citance_No": 18, 
    "citing_paper_id": "W10-2906", 
    "citing_paper_authority": 14, 
    "citing_paper_authors": "David, Burkett | Slav, Petrov | John, Blitzer | Dan, Klein", 
    "raw_text": "We approximate this sum using the maximum-scoring matching (Burkett and Klein, 2008): A? (?; x)= log? y max a (exp [?& gt;? (y1, a ,y2)]). In order to compute the distribution on labels y, we must marginalize over hidden alignments between nodes, which we also approximate by using the maximum-scoring matching: q? (y|x) def= max a exp [?& gt;? (y1, a ,y2)? A? (?; x)]. 47 the reports of European Court ORG1 of Auditors die Berichtedes Europ ?ischen Rechnungshofes ORG1 the Figure 1: An example where English NER can be used to disambiguate German NER", 
    "clean_text": "We approximate this sum using the maximum-scoring matching (Burkett and Klein, 2008).", 
    "keep_for_gold": 0
  }, 
  {
    "citance_No": 19, 
    "citing_paper_id": "W10-2906", 
    "citing_paper_authority": 14, 
    "citing_paper_authors": "David, Burkett | Slav, Petrov | John, Blitzer | Dan, Klein", 
    "raw_text": "First, we use the word alignment density features from Burkett and Klein (2008), which measure how well the aligned entity pair matches up with alignments from an independent 48 Input: full and weakened monolingual models :p1 (y1|x1) ,p2 (y2|x2), p w 1 (y1|x1), p w 2 (y2|x2) unannotated bilingual data: U Output: bilingual parameters:??,?? 1,?? 2 1", 
    "clean_text": "First, we use the word alignment density features from Burkett and Klein (2008), which measure how well the aligned entity pair matches up with alignments from an independent word aligner.", 
    "keep_for_gold": 1
  }, 
  {
    "citance_No": 20, 
    "citing_paper_id": "W10-2906", 
    "citing_paper_authority": 14, 
    "citing_paper_authors": "David, Burkett | Slav, Petrov | John, Blitzer | Dan, Klein", 
    "raw_text": "Forthe bilingual model, we use the same bilingual feature set as Burkett and Klein (2008)", 
    "clean_text": "For the bilingual model, we use the same bilingual feature set as Burkett and Klein (2008).", 
    "keep_for_gold": 0
  }
]
