[
  {
    "citance_No": 1, 
    "citing_paper_id": "D09-1159", 
    "citing_paper_authority": 28, 
    "citing_paper_authors": "Yuanbin, Wu | Qi, Zhang | Xuangjing, Huang | Lide, Wu", 
    "raw_text": "Each candidate NP or VP chunk in the output of shallow parser is scored by the model, and cut off if its score is less than a threshold. Opinion expressions are spans of text that ex press a comment or attitude of the opinion holder, which are usually evaluative or subjective phrases. We also analyze the labeled corpus for opinion expressions and observe that many opinion expressions are used in multiple domains, which is identical with the conclusion presented by Kobayashiet al (2007)", 
    "clean_text": "We also analyze the labeled corpus for opinion expressions and observe that many opinion expressions are used in multiple domains, which is identical with the conclusion presented by Kobayashiet al (2007).", 
    "keep_for_gold": 1
  }, 
  {
    "citance_No": 2, 
    "citing_paper_id": "D09-1159", 
    "citing_paper_authority": 28, 
    "citing_paper_authors": "Yuanbin, Wu | Qi, Zhang | Xuangjing, Huang | Lide, Wu", 
    "raw_text": "4) Feature 2) for the node? s parent 5) Feature 3) for the node? s parent approaches, we evaluated an SVM 1 result with a set of manually selected features (Table 3), which are also used in (Kobayashi et al, 2007)", 
    "clean_text": "", 
    "keep_for_gold": 0
  }, 
  {
    "citance_No": 3, 
    "citing_paper_id": "D09-1159", 
    "citing_paper_authority": 28, 
    "citing_paper_authors": "Yuanbin, Wu | Qi, Zhang | Xuangjing, Huang | Lide, Wu", 
    "raw_text": "Kobayashi et al (2007) presented their work on extracting opinion units including: opinion holder, subject, aspect and evaluation", 
    "clean_text": "Kobayashi et al (2007) presented their work on extracting opinion units including: opinion holder, subject, aspect and evaluation.", 
    "keep_for_gold": 0
  }, 
  {
    "citance_No": 4, 
    "citing_paper_id": "P14-1033", 
    "citing_paper_authority": 0, 
    "citing_paper_authors": "Zhiyuan, Chen | Arjun, Mukherjee | Bing, Liu", 
    "raw_text": "Aspect extraction has been studied by many re searchers in sentiment analysis (Liu, 2012, Pang and Lee, 2008) ,e.g., using supervised sequence labeling or classification (Choi and Cardie, 2010, Jakob and Gurevych, 2010, Kobayashi et al, 2007, Li et al, 2010, Yang and Cardie, 2013) and using word frequency and syntactic patterns (Hu and Liu, 2004, Ku et al, 2006, Liu et al, 2013, Popescu and Etzioni, 2005, Qiu et al, 2011, Somasundaran and Wiebe, 2009, Wu et al, 2009, Xu et al, 2013, Yu et al, 2011, Zhao et al, 2012, Zhou et al, 2013, Zhuang et al, 2006)", 
    "clean_text": "", 
    "keep_for_gold": 0
  }, 
  {
    "citance_No": 5, 
    "citing_paper_id": "C10-2167", 
    "citing_paper_authority": 14, 
    "citing_paper_authors": "Lei, Zhang | Bing, Liu | Suk Hwan, Lim | Eamonn, O'Brien-Strain", 
    "raw_text": "There are several studies on feature extraction (e.g., Hu and Liu, 2004, Popescu and Etzioni, 2005, Kobayashi et al, 2007, Scaffidi et al, 2007, Stoyanov and Cardie", 
    "clean_text": "", 
    "keep_for_gold": 0
  }, 
  {
    "citance_No": 6, 
    "citing_paper_id": "C10-2167", 
    "citing_paper_authority": 14, 
    "citing_paper_authors": "Lei, Zhang | Bing, Liu | Suk Hwan, Lim | Eamonn, O'Brien-Strain", 
    "raw_text": "In (Kobayashi et al 2007), a pattern mining method was used", 
    "clean_text": "In (Kobayashi et al 2007), a pattern mining method was used.", 
    "keep_for_gold": 0
  }, 
  {
    "citance_No": 7, 
    "citing_paper_id": "P13-1173", 
    "citing_paper_authority": 6, 
    "citing_paper_authors": "Liheng, Xu | Kang, Liu | Siwei, Lai | Yubo, Chen | Jun, Zhao", 
    "raw_text": "Kobayashi et al (2007) adopted a supervised learning technique to search for useful syntactic patterns as contextual clues", 
    "clean_text": "Kobayashi et al (2007) adopted a supervised learning technique to search for useful syntactic patterns as contextual clues.", 
    "keep_for_gold": 1
  }, 
  {
    "citance_No": 8, 
    "citing_paper_id": "D11-1123", 
    "citing_paper_authority": 3, 
    "citing_paper_authors": "Yuanbin, Wu | Qi, Zhang | Xuanjing, Huang | Lide, Wu", 
    "raw_text": "Kobayashi et al (2007) presented their work on extracting opinion units including: opinion holder, subject, aspect and evaluation", 
    "clean_text": "Kobayashi et al (2007) presented their work on extracting opinion units including: opinion holder, subject, aspect and evaluation.", 
    "keep_for_gold": 0
  }
]
