[
  {
    "citance_No": 1, 
    "citing_paper_id": "W11-2507", 
    "citing_paper_authority": 8, 
    "citing_paper_authors": "Edward, Grefenstette | Mehrnoosh, Sadrzadeh", 
    "raw_text": "We discuss three ways of constructing such matrices, and evaluate each method in a disambiguation task developed by Grefenstette and Sadrzadeh (2011)", 
    "clean_text": "We discuss three ways of constructing such matrices, and evaluate each method in a disambiguation task developed by Grefenstette and Sadrzadeh (2011).", 
    "keep_for_gold": 0
  }, 
  {
    "citance_No": 2, 
    "citing_paper_id": "W11-2507", 
    "citing_paper_authority": 8, 
    "citing_paper_authors": "Edward, Grefenstette | Mehrnoosh, Sadrzadeh", 
    "raw_text": "In (Grefenstette and Sadrzadeh, 2011), we developed and implemented one such method on the data from the British National Corpus", 
    "clean_text": "In (Grefenstette and Sadrzadeh, 2011), we developed and implemented one such method on the data from the British National Corpus.", 
    "keep_for_gold": 0
  }, 
  {
    "citance_No": 3, 
    "citing_paper_id": "W11-2507", 
    "citing_paper_authority": 8, 
    "citing_paper_authors": "Edward, Grefenstette | Mehrnoosh, Sadrzadeh", 
    "raw_text": "The experiment is on the dataset developed in (Grefenstette and Sadrzadeh, 2011)", 
    "clean_text": "The experiment is on the dataset developed in (Grefenstette and Sadrzadeh, 2011).", 
    "keep_for_gold": 0
  }, 
  {
    "citance_No": 4, 
    "citing_paper_id": "W11-2507", 
    "citing_paper_authority": 8, 
    "citing_paper_authors": "Edward, Grefenstette | Mehrnoosh, Sadrzadeh", 
    "raw_text": "There is certainly room for improvement and empirical optimisation in both of these relation-matrix construction methods. Furthermore, the success of both of these methods relative to the others examined in Table 1 shows that it is the extra information provided in the matrix (rather than just the diagonal, representing the lexical vector) that encodes the relational nature of transitive verbs, thereby validating in part the requirement suggested in Coecke et al (2010) and Grefenstette and Sadrzadeh (2011) that relational word vectors live in a space the dimensionality of which be a function of the arity of the relation", 
    "clean_text": "Furthermore, the success of both of these methods relative to the others examined in Table 1 shows that it is the extra information provided in the matrix (rather than just the diagonal, representing the lexical vector) that encodes the relational nature of transitive verbs, thereby validating in part the requirement suggested in Coecke et al (2010) and Grefenstette and Sadrzadeh (2011) that relational word vectors live in a space the dimensionality of which be a function of the arity of the relation.", 
    "keep_for_gold": 1
  }, 
  {
    "citance_No": 5, 
    "citing_paper_id": "P14-1060", 
    "citing_paper_authority": 0, 
    "citing_paper_authors": "Shashank, Srivastava | Eduard, Hovy", 
    "raw_text": "While works such asthe SDSM model suffer from the problem of sparsity in composing structures beyond bi grams and trigrams, methods such as Mitchell and Lapata (2008) and (Socher et al, 2012) and Grefenstetteand Sadrzadeh (2011) are restricted by significant model biases in representing semantic com position by generic algebraic operations", 
    "clean_text": "While works such as the SDSM model suffer from the problem of sparsity in composing structures beyond bigrams and trigrams, methods such as Mitchell and Lapata (2008) and (Socher et al, 2012) and Grefenstette and Sadrzadeh (2011) are restricted by significant model biases in representing semantic composition by generic algebraic operations.", 
    "keep_for_gold": 0
  }, 
  {
    "citance_No": 6, 
    "citing_paper_id": "D12-1050", 
    "citing_paper_authority": 25, 
    "citing_paper_authors": "William, Blacoe | Mirella, Lapata", 
    "raw_text": "In fact, a variety of multiplication-based models can be derived from this framework; and comparisons against component-wise multiplication on phrase similarity tasks yield comparable results (Grefenstette and Sadrzadeh, 2011a; Grefenstette and Sadrzadeh,2011b)", 
    "clean_text": "", 
    "keep_for_gold": 0
  }, 
  {
    "citance_No": 7, 
    "citing_paper_id": "P13-2010", 
    "citing_paper_authority": 3, 
    "citing_paper_authors": "Raffaella, Bernardi | Georgiana, Dinu | Marco, Marelli | Marco, Baroni", 
    "raw_text": "Similarly, current compositional DSMs (cDSMs) focus almost entirely on phrases made of two or more content words (e.g., adjective-noun or verb-noun combinations) and completely ignore grammatical words, to the point that even the test set of transitive sentences proposed by Grefenstette and Sadrzadeh (2011) contains only Tarzan-style statements with determiner-less subjects and objects:? table show result?,? priest say mass?, etc. As these examples suggest, however, as soon as we set our sight on modeling phrases and sentences, grammatical words are hard to avoid", 
    "clean_text": "Similarly, current compositional DSMs (cDSMs) focus almost entirely on phrases made of two or more content words (e.g., adjective-noun or verb-noun combinations) and completely ignore grammatical words, to the point that even the test set of transitive sentences proposed by Grefenstette and Sadrzadeh (2011) contains only Tarzan-style statements with determiner-less subjects and objects: \"table show result\", \"priest say mass\", etc.", 
    "keep_for_gold": 0
  }, 
  {
    "citance_No": 8, 
    "citing_paper_id": "P13-1088", 
    "citing_paper_authority": 14, 
    "citing_paper_authors": "Karl Moritz, Hermann | Philip, Blunsom", 
    "raw_text": "Grefenstette and Sadrzadeh (2011) use a similar approach with matrices for relational words and vectors for arguments", 
    "clean_text": "Grefenstette and Sadrzadeh (2011) use a similar approach with matrices for relational words and vectors for arguments.", 
    "keep_for_gold": 0
  }, 
  {
    "citance_No": 9, 
    "citing_paper_id": "P14-1009", 
    "citing_paper_authority": 0, 
    "citing_paper_authors": "Denis, Paperno | Nghia The, Pham | Marco, Baroni", 
    "raw_text": "Baselines :anvan1/anvan2: verb vectors only ;tfds: word overlap ;msrvid/onwn: word overlap+ sentence length.reported by Grefenstette (2013) (an implementation of the lexical function ideas along the lines of Grefenstette and Sadrzadeh (2011a; 2011b))", 
    "clean_text": "", 
    "keep_for_gold": 0
  }, 
  {
    "citance_No": 10, 
    "citing_paper_id": "D12-1110", 
    "citing_paper_authority": 79, 
    "citing_paper_authors": "Brody, Huval | Richard, Socher | Christopher D., Manning | Andrew Y., Ng", 
    "raw_text": "Grefenstette and Sadrzadeh (2011) learn ma trices for verbs in a categorical model", 
    "clean_text": "Grefenstette and Sadrzadeh (2011) learn matrices for verbs in a categorical model.", 
    "keep_for_gold": 0
  }
]
