[
  {
    "citance_No": 1, 
    "citing_paper_id": "W02-1502", 
    "citing_paper_authority": 28, 
    "citing_paper_authors": "Emily M., Bender | Daniel P., Flickinger | Stephan, Oepen", 
    "raw_text": "These tools could use the type hierarchy to predict where conflicts are likely to arise and bring these to the engineer? s attention, possibly inspired by the approach under development at CSLI for the dynamic maintenance of the LinGO Redwoods tree bank (Oepen et al, 2002) .Finally, while initial development of the matrix has been and will continue to be highly centralized, we hope to provide support for proposed matrix improvements from the user community", 
    "clean_text": "These tools could use the type hierarchy to predict where conflicts are likely to arise and bring these to the engineer's attention, possibly inspired by the approach under development at CSLI for the dynamic maintenance of the LinGO Redwoods tree bank (Oepen et al, 2002).", 
    "keep_for_gold": 0
  }, 
  {
    "citance_No": 2, 
    "citing_paper_id": "S12-1022", 
    "citing_paper_authority": 0, 
    "citing_paper_authors": "Mehdi, Manshadi | James F., Allen", 
    "raw_text": "Fuchss et al (2004) supported the claim by investigating MRS structures in the Red woods corpus (Oepen et al, 2002)", 
    "clean_text": "Fuchss et al (2004) supported the claim by investigating MRS structures in the Redwoods corpus (Oepen et al, 2002).", 
    "keep_for_gold": 0
  }, 
  {
    "citance_No": 3, 
    "citing_paper_id": "W07-1220", 
    "citing_paper_authority": 0, 
    "citing_paper_authors": "Yi, Zhang | Timothy, Baldwin | Valia, Kordoni", 
    "raw_text": "Furthermore, to test the grammar precision and accuracy, we use two tree banks: Redwoods (Oepen et al, 2002) for English and Hinoki (Bond et al, 2004) for Japanese", 
    "clean_text": "Furthermore, to test the grammar precision and accuracy, we use two tree banks: Redwoods (Oepen et al, 2002) for English and Hinoki (Bond et al, 2004) for Japanese.", 
    "keep_for_gold": 0
  }, 
  {
    "citance_No": 4, 
    "citing_paper_id": "W04-3202", 
    "citing_paper_authority": 19, 
    "citing_paper_authors": "Jason, Baldridge | Miles, Osborne", 
    "raw_text": "We now briefly describe the Redwoodstreebankingenvironment (Oepen et al, 2002), our parse selection models and their performance", 
    "clean_text": "We now briefly describe the Redwoods treebanking environment (Oepen et al, 2002), our parse selection models and their performance.", 
    "keep_for_gold": 0
  }, 
  {
    "citance_No": 5, 
    "citing_paper_id": "P09-1059", 
    "citing_paper_authority": 21, 
    "citing_paper_authors": "Wenbin, Jiang | Liang, Huang | Qun, Liu", 
    "raw_text": "Penn Treebank (Marcus et al, 1993) the HPSG LinGo Redwoods Treebank (Oepen et al, 2002), and a smaller dependency tree bank (Buchholz and Marsi, 2006)", 
    "clean_text": "Penn Treebank (Marcus et al, 1993) the HPSG LinGo Redwoods Treebank (Oepen et al, 2002), and a smaller dependency tree bank (Buchholz and Marsi, 2006).", 
    "keep_for_gold": 1
  }, 
  {
    "citance_No": 6, 
    "citing_paper_id": "W03-0403", 
    "citing_paper_authority": 7, 
    "citing_paper_authors": "Jason, Baldridge | Miles, Osborne", 
    "raw_text": "We do so in the con text of Redwoods (Oepen et al, 2002), a tree bank that contains HPSG analyses for sentences from the Verbmobil appointment scheduling and travel planning domains. We show that sample selection metrics based on tree entropy (Hwa, 2000) and disagreement between two different parse selection models significantly reduce the number of annotated sentences necessary to match a given level of performance according to random selection", 
    "clean_text": "We do so in the context of Redwoods (Oepen et al, 2002), a tree bank that contains HPSG analyses for sentences from the Verbmobil appointment scheduling and travel planning domains. We show that sample selection metrics based on tree entropy (Hwa, 2000) and disagreement between two different parse selection models significantly reduce the number of annotated sentences necessary to match a given level of performance according to random selection.", 
    "keep_for_gold": 0
  }, 
  {
    "citance_No": 7, 
    "citing_paper_id": "W03-0403", 
    "citing_paper_authority": 7, 
    "citing_paper_authors": "Jason, Baldridge | Miles, Osborne", 
    "raw_text": "To address this limitation, the Red woods tree bank has been created to provide annotated training material to permit statistical models for ambiguity resolution to be combined with the precise interpretations produced by the ERG (Oepen et al, 2002)", 
    "clean_text": "To address this limitation, the Redwoods treebank has been created to provide annotated training material to permit statistical models for ambiguity resolution to be combined with the precise interpretations produced by the ERG (Oepen et al, 2002).", 
    "keep_for_gold": 1
  }, 
  {
    "citance_No": 8, 
    "citing_paper_id": "P06-4017", 
    "citing_paper_authority": 0, 
    "citing_paper_authors": "Sanae, Fujita | Takaaki, Tanaka | Francis, Bond | Hiromi, Nakaiwa", 
    "raw_text": "The structure of our tree bank is inspired by the Redwoods tree bank of English (Oepen et al,2002) in which utterances are parsed and the annotator selects the best parse from the full analyses derived by the grammar", 
    "clean_text": "The structure of our treebank is inspired by the Redwoods tree bank of English (Oepen et al,2002) in which utterances are parsed and the annotator selects the best parse from the full analyses derived by the grammar.", 
    "keep_for_gold": 0
  }, 
  {
    "citance_No": 9, 
    "citing_paper_id": "W04-3222", 
    "citing_paper_authority": 16, 
    "citing_paper_authors": "Kristina, Toutanova | Penka, Markova | Christopher D., Manning", 
    "raw_text": "We apply these ideas in the context of parse disambiguation for sentence analyses produced by a Head-driven Phrase Structure Grammar (HPSG), the grammar formalism underlying the Redwoods corpus (Oepen et al, 2002)", 
    "clean_text": "We apply these ideas in the context of parse disambiguation for sentence analyses produced by a Head-driven Phrase Structure Grammar (HPSG), the grammar formalism underlying the Redwoods corpus (Oepen et al, 2002).", 
    "keep_for_gold": 0
  }, 
  {
    "citance_No": 10, 
    "citing_paper_id": "N04-1012", 
    "citing_paper_authority": 13, 
    "citing_paper_authors": "Miles, Osborne | Jason, Baldridge", 
    "raw_text": "Although annotated corpora exist for HPSG, such corpora do not exist in significant volumes and are limited to a few small domains (Oepen et al, 2002)", 
    "clean_text": "Although annotated corpora exist for HPSG, such corpora do not exist in significant volumes and are limited to a few small domains (Oepen et al, 2002).", 
    "keep_for_gold": 0
  }, 
  {
    "citance_No": 11, 
    "citing_paper_id": "N04-1012", 
    "citing_paper_authority": 13, 
    "citing_paper_authors": "Miles, Osborne | Jason, Baldridge", 
    "raw_text": "To overcome this limitation for the HPSG English ResourceGrammar (ERG, Flickinger (2000)), the Redwoods tree bank has been created to provide annotated training material (Oepen et al, 2002)", 
    "clean_text": "To overcome this limitation for the HPSG English ResourceGrammar (ERG, Flickinger (2000)), the Redwoods treebank has been created to provide annotated training material (Oepen et al, 2002).", 
    "keep_for_gold": 0
  }, 
  {
    "citance_No": 12, 
    "citing_paper_id": "W07-1217", 
    "citing_paper_authority": 5, 
    "citing_paper_authors": "Yi, Zhang | Valia, Kordoni | Erin, Fitzgerald", 
    "raw_text": "With the evolution of the grammar, the tree bank as the output from the gram mar changes over time (Oepen et al, 2002)", 
    "clean_text": "With the evolution of the grammar, the treebank as the output from the grammar changes over time (Oepen et al, 2002).", 
    "keep_for_gold": 0
  }, 
  {
    "citance_No": 13, 
    "citing_paper_id": "P05-1041", 
    "citing_paper_authority": 2, 
    "citing_paper_authors": "Takaaki, Tanaka | Francis, Bond | Stephan, Oepen | Sanae, Fujita", 
    "raw_text": "This kind of dynamic ,discriminant-basedtreebanking was pioneered in the Redwoods tree bank of English (Oepen et al, 2002), so we refer to it as Redwoods-style tree banking", 
    "clean_text": "This kind of dynamic, discriminant-based treebanking was pioneered in the Redwoods treebank of English (Oepen et al, 2002), so we refer to it as Redwoods-style treebanking.", 
    "keep_for_gold": 1
  }, 
  {
    "citance_No": 14, 
    "citing_paper_id": "P05-1041", 
    "citing_paper_authority": 2, 
    "citing_paper_authors": "Takaaki, Tanaka | Francis, Bond | Stephan, Oepen | Sanae, Fujita", 
    "raw_text": "The system we used for tree banking was the [incr ts db ()] Redwoodsenvironment2 (Oepen et al, 2002)", 
    "clean_text": "", 
    "keep_for_gold": 0
  }, 
  {
    "citance_No": 15, 
    "citing_paper_id": "P05-1011", 
    "citing_paper_authority": 30, 
    "citing_paper_authors": "Yusuke, Miyao | Jun'ichi, Tsujii", 
    "raw_text": "However, despite research on HPSG processing efficiency (Oepen et al, 2002a), the application of HPSG parsing is still limited to specific domains and short sentences (Oepen et al, 2002b; Toutanova and Manning, 2002)", 
    "clean_text": "However, despite research on HPSG processing efficiency (Oepen et al, 2002a), the application of HPSG parsing is still limited to specific domains and short sentences (Oepen et al, 2002b; Toutanova and Manning, 2002).", 
    "keep_for_gold": 0
  }, 
  {
    "citance_No": 16, 
    "citing_paper_id": "P05-1011", 
    "citing_paper_authority": 30, 
    "citing_paper_authors": "Yusuke, Miyao | Jun'ichi, Tsujii", 
    "raw_text": "However, despite the development of methods to improve HPSG parsing efficiency (Oepen et al, 2002a), the exhaustive parsing of all sentences in a tree bank is still expensive", 
    "clean_text": "However, despite the development of methods to improve HPSG parsing efficiency (Oepen et al, 2002a), the exhaustive parsing of all sentences in a tree bank is still expensive.", 
    "keep_for_gold": 0
  }, 
  {
    "citance_No": 17, 
    "citing_paper_id": "D07-1110", 
    "citing_paper_authority": 11, 
    "citing_paper_authors": "Aline, Villavicencio | Valia, Kordoni | Yi, Zhang | Marco, Idiart | Carlos, Ramisch", 
    "raw_text": "The lexical acquisition model was trained with the Redwoods tree bank (Oepen et al, 2002), following Zhang et al (2006)", 
    "clean_text": "The lexical acquisition model was trained with the Redwoods treebank (Oepen et al, 2002), following Zhang et al (2006).", 
    "keep_for_gold": 0
  }, 
  {
    "citance_No": 18, 
    "citing_paper_id": "P04-1032", 
    "citing_paper_authority": 5, 
    "citing_paper_authors": "Ruth, Fuchss | Alexander, Koller | Joachim, Niehren | Stefan, Thater", 
    "raw_text": "This means that it is not obvious whether their result can be immediately applied to the output of practical grammars like the ERG.In this paper, we evaluate the truth of these assumptions on the MRS expressions which the ERGcomputes for the sentences in the Redwoods Tree bank (Oepen et al, 2002)", 
    "clean_text": "In this paper, we evaluate the truth of these assumptions on the MRS expressions which the ERGcomputes for the sentences in the Redwoods Treebank (Oepen et al, 2002).", 
    "keep_for_gold": 0
  }, 
  {
    "citance_No": 19, 
    "citing_paper_id": "P04-1032", 
    "citing_paper_authority": 5, 
    "citing_paper_authors": "Ruth, Fuchss | Alexander, Koller | Joachim, Niehren | Stefan, Thater", 
    "raw_text": "As a test corpus, we use the Redwoods Treebank (Oepen et al, 2002) which contains 6612 sentences", 
    "clean_text": "As a test corpus, we use the Redwoods Treebank (Oepen et al, 2002) which contains 6612 sentences.", 
    "keep_for_gold": 0
  }, 
  {
    "citance_No": 20, 
    "citing_paper_id": "W04-1901", 
    "citing_paper_authority": 6, 
    "citing_paper_authors": "Francis, Bond | Sanae, Fujita | Chikara, Hashimoto | Kaname, Kasahara | Shigeko, Nariyama | Eric, Nichols | Akira, Ohtani | Takaaki, Tanaka | Shigeaki, Amano", 
    "raw_text": "The structure of our tree bank is inspired by the Red woods tree bank of English in which utterances are parsed and the annotator selects the best parse from the full analyses derived by the grammar (Oepen et al., 2002)", 
    "clean_text": "The structure of our treebank is inspired by the Redwoods treebank of English in which utterances are parsed and the annotator selects the best parse from the full analyses derived by the grammar (Oepen et al., 2002).", 
    "keep_for_gold": 0
  }
]
