[
  {
    "citance_No": 1, 
    "citing_paper_id": "W11-0309", 
    "citing_paper_authority": 3, 
    "citing_paper_authors": "Robert, Munro", 
    "raw_text": "Eisenstein et al (Eisenstein et al, 2010) show promising results in identifying an author ?sgeographic location from micro-blogs, but the lo cations are course-grained and rely on a substantial message history per-source", 
    "clean_text": "Eisenstein et al (Eisenstein et al, 2010) show promising results in identifying an author's geographic location from micro-blogs, but the locations are coarse-grained and rely on a substantial message history per-source.", 
    "keep_for_gold": 0
  }, 
  {
    "citance_No": 2, 
    "citing_paper_id": "P14-2030", 
    "citing_paper_authority": 0, 
    "citing_paper_authors": "Charley, Beller | Rebecca, Knowles | Craig, Harman | Shane, Bergsma | Margaret, Mitchell | Benjamin, van Durme", 
    "raw_text": "For example, Eisenstein et al (2010) demonstrated a model that predicted where an author was located in order to analyze regional distinctions in communication", 
    "clean_text": "For example, Eisenstein et al (2010) demonstrated a model that predicted where an author was located in order to analyze regional distinctions in communication.", 
    "keep_for_gold": 0
  }, 
  {
    "citance_No": 3, 
    "citing_paper_id": "P11-1137", 
    "citing_paper_authority": 16, 
    "citing_paper_authors": "Jacob, Eisenstein | Noah A., Smith | Eric P., Xing", 
    "raw_text": "Our dataset is derived from prior work in which we gathered the text and geographical locations of 9,250microbloggers on the website twitter.com (Eisenstein et al, 2010)", 
    "clean_text": "Our dataset is derived from prior work in which we gathered the text and geographical locations of 9,250 microbloggers on the website twitter.com (Eisenstein et al, 2010).", 
    "keep_for_gold": 1
  }, 
  {
    "citance_No": 4, 
    "citing_paper_id": "P11-1137", 
    "citing_paper_authority": 16, 
    "citing_paper_authors": "Jacob, Eisenstein | Noah A., Smith | Eric P., Xing", 
    "raw_text": "Many of these terms are non-standard; while space does not permit a complete glossary, some are defined in Table 4 or in our earlier work (Eisenstein et al, 2010)", 
    "clean_text": "Many of these terms are non-standard; while space does not permit a complete glossary, some are defined in Table 4 or in our earlier work (Eisenstein et al, 2010).", 
    "keep_for_gold": 0
  }, 
  {
    "citance_No": 5, 
    "citing_paper_id": "P11-1137", 
    "citing_paper_authority": 16, 
    "citing_paper_authors": "Jacob, Eisenstein | Noah A., Smith | Eric P., Xing", 
    "raw_text": "Outside New York, we see that F4 combines a broad geographic area with attributes that select at least moderate levels of minorities and fewer renters (a proxy for areas that are less urban), while F15identifies West Coast communities with large num 5Mangoville and M2 are clubs in New York ;fasho and coo were previously found to be strongly associated with the West Coast (Eisenstein et al, 2010)", 
    "clean_text": "Mangoville and M2 are clubs in New York; fasho and coo were previously found to be strongly associated with the West Coast (Eisenstein et al., 2010).", 
    "keep_for_gold": 0
  }, 
  {
    "citance_No": 6, 
    "citing_paper_id": "S12-1033", 
    "citing_paper_authority": 10, 
    "citing_paper_authors": "Saif, Mohammad", 
    "raw_text": "Eisenstein et al (2010) collected about 380,000tweets2 from Twitter? s official API.3 Similarly, Go et al (2009) collected 1.6 million tweets.4 However, these datasets had less than 50 tweets that contained emotion-word hash tags", 
    "clean_text": "Eisenstein et al (2010) collected about 380,000 tweets from Twitter's official API.", 
    "keep_for_gold": 1
  }, 
  {
    "citance_No": 7, 
    "citing_paper_id": "D12-1137", 
    "citing_paper_authority": 7, 
    "citing_paper_authors": "Stephen, Roller | Sarat, Rallapalli | Michael, Speriosu | Benjamin, Wing | Jason, Baldridge", 
    "raw_text": "Sadilek et al (2012 )discretize by simply clustering data points within a small distance thresh old, but only perform geolocation within fixed city limits. While the above approaches discretize the continuous surface of the earth, Eisenstein et al (2010) predict locations based on Gaussian distributions over the earth? s surface as part of a hierarchical Bayesian model", 
    "clean_text": "While the above approaches discretize the continuous surface of the earth, Eisenstein et al (2010) predict locations based on Gaussian distributions over the earth's surface as part of a hierarchical Bayesian model.", 
    "keep_for_gold": 1
  }, 
  {
    "citance_No": 8, 
    "citing_paper_id": "D12-1137", 
    "citing_paper_authority": 7, 
    "citing_paper_authors": "Stephen, Roller | Sarat, Rallapalli | Michael, Speriosu | Benjamin, Wing | Jason, Baldridge", 
    "raw_text": "Following Eisenstein et al (2010), we consider all tweets of a user concatenated as a single document, and use the earliest collected GPS-assigned location as the gold location", 
    "clean_text": "Following Eisenstein et al (2010), we consider all tweets of a user concatenated as a single document, and use the earliest collected GPS-assigned location as the gold location.", 
    "keep_for_gold": 1
  }, 
  {
    "citance_No": 9, 
    "citing_paper_id": "P12-1078", 
    "citing_paper_authority": 5, 
    "citing_paper_authors": "Jeremiah, Dittmar | Suresh, Naidu | William Yang, Wang | Elijah, Mayfield", 
    "raw_text": "Eisenstein et al (2010) use alatent variable model to predict geolocation information of Twitter users, and investigate geographic variations of language use", 
    "clean_text": "Eisenstein et al (2010) use a latent variable model to predict geolocation information of Twitter users, and investigate geographic variations of language use.", 
    "keep_for_gold": 0
  }, 
  {
    "citance_No": 10, 
    "citing_paper_id": "P11-1096", 
    "citing_paper_authority": 10, 
    "citing_paper_authors": "Benjamin, Wing | Jason, Baldridge", 
    "raw_text": "Eisenstein et al (2010) investigate questions of dialectal differences and variation in regional interests in Twitter users using a collection of geotagged tweets. An intuitive and effective strategy for sum ma rizing geographically-based data is identification of the location? a specific latitude and longitude? that forms the primary focus of each document", 
    "clean_text": "Eisenstein et al (2010) investigate questions of dialectal differences and variation in regional interests in Twitter users using a collection of geotagged tweets.", 
    "keep_for_gold": 0
  }, 
  {
    "citance_No": 11, 
    "citing_paper_id": "P11-1096", 
    "citing_paper_authority": 10, 
    "citing_paper_authors": "Benjamin, Wing | Jason, Baldridge", 
    "raw_text": "Eisenstein et al (2010) evaluate their geographic topic model by geolocating USA-based Twitterusers based on their tweet content", 
    "clean_text": "Eisenstein et al (2010) evaluate their geographic topic model by geolocating USA-based Twitter users based on their tweet content.", 
    "keep_for_gold": 0
  }, 
  {
    "citance_No": 12, 
    "citing_paper_id": "P11-1096", 
    "citing_paper_authority": 10, 
    "citing_paper_authors": "Benjamin, Wing | Jason, Baldridge", 
    "raw_text": "Performance is measured both on geo tagged Wikipedia articles (Overell, 2009) and tweets (Eisenstein et al, 2010)", 
    "clean_text": "Performance is measured both on geo tagged Wikipedia articles (Overell, 2009) and tweets (Eisenstein et al, 2010).", 
    "keep_for_gold": 0
  }, 
  {
    "citance_No": 13, 
    "citing_paper_id": "P11-1096", 
    "citing_paper_authority": 10, 
    "citing_paper_authors": "Benjamin, Wing | Jason, Baldridge", 
    "raw_text": "A full run with all the six strategies described below (three baseline, three non-baseline) required about 4 months of computing time and about 10-16 GB of RAM when run on a 64 bit Intel Xeon E5540 CPU; we completed such jobs in under two days (wall clock) using the Longhorn cluster at the Texas Advanced Computing Center.Geo-tagged Microblog Corpus As a second evaluation corpus on a different domain, we use the corpus of geotagged tweets collected and used by Eisenstein et al (2010) .4 It contains 380,000 mes sages from 9,500 users tweeting within the 48 states of the continental USA", 
    "clean_text": "As a second evaluation corpus on a different domain, we use the corpus of geotagged tweets collected and used by Eisenstein et al (2010).", 
    "keep_for_gold": 0
  }, 
  {
    "citance_No": 14, 
    "citing_paper_id": "P11-1096", 
    "citing_paper_authority": 10, 
    "citing_paper_authors": "Benjamin, Wing | Jason, Baldridge", 
    "raw_text": "For example, Eisenstein et al (2010) use Gaussian distributions to model the locations of Twitter users in the United States of America", 
    "clean_text": "For example, Eisenstein et al (2010) use Gaussian distributions to model the locations of Twitter users in the United States of America.", 
    "keep_for_gold": 0
  }, 
  {
    "citance_No": 15, 
    "citing_paper_id": "P11-1096", 
    "citing_paper_authority": 10, 
    "citing_paper_authors": "Benjamin, Wing | Jason, Baldridge", 
    "raw_text": "For the Twitter dataset, an additional parameter is a thresh old on the number of feeds each word occurs in: in the preprocessed splits of Eisenstein et al (2010), all vocabulary items that appear in fewer than 40 feeds are ignored", 
    "clean_text": "For the Twitter dataset, an additional parameter is a threshold on the number of feeds each word occurs in: in the preprocessed splits of Eisenstein et al (2010), all vocabulary items that appear in fewer than 40 feeds are ignored.", 
    "keep_for_gold": 0
  }, 
  {
    "citance_No": 16, 
    "citing_paper_id": "P11-1096", 
    "citing_paper_authority": 10, 
    "citing_paper_authors": "Benjamin, Wing | Jason, Baldridge", 
    "raw_text": "Eisenstein et al (2010) used a fixed Twitter threshold of 40", 
    "clean_text": "Eisenstein et al (2010) used a fixed Twitter threshold of 40.", 
    "keep_for_gold": 0
  }, 
  {
    "citance_No": 17, 
    "citing_paper_id": "P14-1033", 
    "citing_paper_authority": 0, 
    "citing_paper_authors": "Zhiyuan, Chen | Arjun, Mukherjee | Bing, Liu", 
    "raw_text": "Geographical region knowledge has also been con side red in topic models (Eisenstein et al, 2010) .All of these models assume that the prior knowledge is correct", 
    "clean_text": "Geographical region knowledge has also been considered in topic models (Eisenstein et al, 2010).", 
    "keep_for_gold": 0
  }
]
