[
  {
    "citance_No": 1, 
    "citing_paper_id": "P14-1126", 
    "citing_paper_authority": 0, 
    "citing_paper_authors": "Xuezhe, Ma | Fei, Xia", 
    "raw_text": "is the weakly supervised system of Naseem et al (2010)", 
    "clean_text": "USR is the weakly supervised system of Naseem et al (2010).", 
    "keep_for_gold": 0
  }, 
  {
    "citance_No": 2, 
    "citing_paper_id": "P14-1126", 
    "citing_paper_authority": 0, 
    "citing_paper_authors": "Xuezhe, Ma | Fei, Xia", 
    "raw_text": "is the weakly supervised system of Naseem et al (2010)", 
    "clean_text": "", 
    "keep_for_gold": 0
  }, 
  {
    "citance_No": 3, 
    "citing_paper_id": "D12-1063", 
    "citing_paper_authority": 4, 
    "citing_paper_authors": "Valentin I., Spitkovsky | Hiyan, Alshawi | Daniel, Jurafsky", 
    "raw_text": "Other orthogonal dependency grammar induction techniques? including ones based on universal rules (Naseem et al2010)? may also benefit in combination with DBMs", 
    "clean_text": "Other orthogonal dependency grammar induction techniques - including ones based on universal rules (Naseem et al2010) - may also benefit in combination with DBMs.", 
    "keep_for_gold": 0
  }, 
  {
    "citance_No": 4, 
    "citing_paper_id": "D12-1063", 
    "citing_paper_authority": 4, 
    "citing_paper_authors": "Valentin I., Spitkovsky | Hiyan, Alshawi | Daniel, Jurafsky", 
    "raw_text": "The second class of techniques assumes knowledge about identities of part-of-speech tags (Naseem et al., 2010) ,i.e., which word tokens are verbs, which ones are nouns, etc. Such grammar inducers generally do better than the first kind ?e.g., by enc our aging verbocentricity (Gimpel and Smith, 2011)? though even here our results appear to be competitive", 
    "clean_text": "The second class of techniques assumes knowledge about identities of part-of-speech tags (Naseem et al., 2010), i.e., which word tokens are verbs, which ones are nouns, etc.", 
    "keep_for_gold": 0
  }, 
  {
    "citance_No": 5, 
    "citing_paper_id": "P11-5005", 
    "citing_paper_authority": 0, 
    "citing_paper_authors": "Gregory, Druck | Kuzman, Ganchev | Jo&atilde;o, Gra&ccedil;a", 
    "raw_text": "PR was first introduced in Graca et al [2008], and has been applied to dependency grammar induction [Ganchev et al, 2009, Gillenwater et al, 2009, 2011, Naseem et al, 2010], part of speech induction [Grac? a et al, 2009a], multi-view learning [Ganchev et al, 2008], word alignment [Graca et al, 2008, Ganchev et al, 2009, Grac? a et al, 2009b], and cross-lingual semantic alignment [Platt et al, 2010]", 
    "clean_text": "", 
    "keep_for_gold": 0
  }, 
  {
    "citance_No": 6, 
    "citing_paper_id": "N12-1052", 
    "citing_paper_authority": 32, 
    "citing_paper_authors": "Oscar, T&auml;ckstr&ouml;m | Ryan, McDonald | Jakob, Uszkoreit", 
    "raw_text": "Unsupervised methods attempt to infer linguistic structure without using any annotated data (Klein and Manning, 2004) or possibly by using a set of linguistically motivated rules (Naseem et al, 2010) or a linguistically informed model structure (Berg-Kirkpatrick and Klein, 2010) .The aim of transfer methods is instead to use knowledge induced from labeled resources in one or mo resource languages to construct systems for target languages in which no or few such resources are avail able (Hwa et al, 2005)", 
    "clean_text": "Unsupervised methods attempt to infer linguistic structure without using any annotated data (Klein and Manning, 2004) or possibly by using a set of linguistically motivated rules (Naseem et al, 2010) or a linguistically informed model structure (Berg-Kirkpatrick and Klein, 2010).", 
    "keep_for_gold": 0
  }, 
  {
    "citance_No": 7, 
    "citing_paper_id": "W12-1910", 
    "citing_paper_authority": 2, 
    "citing_paper_authors": "Anders, Nygaard", 
    "raw_text": "In particular it builds on the idea that unsupervised parsing can be informed by universal dependency rules (Naseem et al, 2010)", 
    "clean_text": "In particular it builds on the idea that unsupervised parsing can be informed by universal dependency rules (Naseem et al, 2010).", 
    "keep_for_gold": 0
  }, 
  {
    "citance_No": 8, 
    "citing_paper_id": "W12-1910", 
    "citing_paper_authority": 2, 
    "citing_paper_authors": "Anders, Nygaard", 
    "raw_text": "We reformulate the universal dependency rules used in Naseem et al (2010) in terms of the universal tags provided in the shared task (Figure 2), but unlike them, we do not engage in grammar induction", 
    "clean_text": "We reformulate the universal dependency rules used in Naseem et al (2010) in terms of the universal tags provided in the shared task (Figure 2), but unlike them, we do not engage in grammar induction.", 
    "keep_for_gold": 0
  }, 
  {
    "citance_No": 9, 
    "citing_paper_id": "W12-1910", 
    "citing_paper_authority": 2, 
    "citing_paper_authors": "Anders, Nygaard", 
    "raw_text": "Note that like RANK, RULES would give us VERB?? VERB NOUN?? ADJ VERB?? NOUN NOUN?? DET VERB?? ADV NOUN?? NOUN VERB?? ADP NOUN?? NUM VERB?? CONJ VERB?? DET VERB?? NUM VERB?? ADJ VERB?? X ADP?? NOUN ADJ?? ADV ADP?? ADV Figure 2: Universal dependency rules (Naseem et al, 2010 )wrt", 
    "clean_text": "", 
    "keep_for_gold": 0
  }, 
  {
    "citance_No": 10, 
    "citing_paper_id": "D11-1005", 
    "citing_paper_authority": 20, 
    "citing_paper_authors": "Shay B., Cohen | Dipanjan, Das | Noah A., Smith", 
    "raw_text": "Naseem et al (2010) used universal syntactic categories and rules to improve grammar induction, but their model required expert hand written rules as constraints", 
    "clean_text": "Naseem et al (2010) used universal syntactic categories and rules to improve grammar induction, but their model required expert hand written rules as constraints.", 
    "keep_for_gold": 0
  }, 
  {
    "citance_No": 11, 
    "citing_paper_id": "D11-1006", 
    "citing_paper_authority": 32, 
    "citing_paper_authors": "Ryan, McDonald | Slav, Petrov | Keith, Hall", 
    "raw_text": "We compare to the following three systems that do not augment the tree banks and report results for some of the languages that we considered:? USR: The weakly supervised system ofNaseem et al (2010), in which manually defined universal syntactic rules (USR) are used to constrain a probabilistic Bayesian model", 
    "clean_text": "We compare to the following three systems that do not augment the tree banks and report results for some of the languages that we considered: USR: The weakly supervised system of Naseem et al (2010), in which manually defined universal syntactic rules (USR) are used to constrain a probabilistic Bayesian model.", 
    "keep_for_gold": 1
  }, 
  {
    "citance_No": 12, 
    "citing_paper_id": "P12-1066", 
    "citing_paper_authority": 13, 
    "citing_paper_authors": "Tahira, Naseem | Regina, Barzilay | Amir, Globerson", 
    "raw_text": "For instance, Naseem et al (2010) explicitly encode these similarities in the form of universal rules which guide grammar induction in the target language", 
    "clean_text": "For instance, Naseem et al (2010) explicitly encode these similarities in the form of universal rules which guide grammar induction in the target language.", 
    "keep_for_gold": 0
  }, 
  {
    "citance_No": 13, 
    "citing_paper_id": "P12-1066", 
    "citing_paper_authority": 13, 
    "citing_paper_authors": "Tahira, Naseem | Regina, Barzilay | Amir, Globerson", 
    "raw_text": "Among several available fine to-coarse mapping schemes, we employ the one of Naseem et al (2010) that yields consistently better performance for our method and the baselines than the mapping proposed by Petrov et al (2011) .As the evaluation metric, we use directed dependency accuracy", 
    "clean_text": "Among several available fine-to-coarse mapping schemes, we employ the one of Naseem et al (2010) that yields consistently better performance for our method and the baselines than the mapping proposed by Petrov et al (2011).", 
    "keep_for_gold": 0
  }, 
  {
    "citance_No": 14, 
    "citing_paper_id": "W12-1909", 
    "citing_paper_authority": 2, 
    "citing_paper_authors": "Douwe, Gelling | Trevor, Cohn | Philip, Blunsom | Joao, Graca", 
    "raw_text": "The second approach takes the universal rules of Naseemet al (2010) but rather than estimating a probabilistic model with these rules, a rule based heuristic is used to select a parse rather", 
    "clean_text": "The second approach takes the universal rules of Naseem et al (2010) but rather than estimating a probabilistic model with these rules, a rule based heuristic is used to select a parse rather.", 
    "keep_for_gold": 0
  }, 
  {
    "citance_No": 15, 
    "citing_paper_id": "P11-2120", 
    "citing_paper_authority": 12, 
    "citing_paper_authors": "Anders, S&oslash;gaard", 
    "raw_text": "We will compare our results to the plain approach of Zeman and Resnik (2008), Ganchev et al (2009) without hand-written rules and two recent contributions to unsupervised dependency parsing, Gillenwater et al (2010) and Naseem et al (2010)", 
    "clean_text": "", 
    "keep_for_gold": 0
  }, 
  {
    "citance_No": 16, 
    "citing_paper_id": "P11-2120", 
    "citing_paper_authority": 12, 
    "citing_paper_authors": "Anders, S&oslash;gaard", 
    "raw_text": "Gillenwater et al (2010) is a fully unsupervised extension of the approach described in Klein and Manning (2004), whereas Naseem et al (2010) rely on hand-written cross-lingual rules", 
    "clean_text": "Gillenwater et al (2010) is a fully unsupervised extension of the approach described in Klein and Manning (2004), whereas Naseem et al (2010) rely on hand-written cross-lingual rules.", 
    "keep_for_gold": 0
  }, 
  {
    "citance_No": 17, 
    "citing_paper_id": "P11-2120", 
    "citing_paper_authority": 12, 
    "citing_paper_authors": "Anders, S&oslash;gaard", 
    "raw_text": "10? Ganchev et al (2009)- 67.8-- Gillenwater et al (2010)- 54.3 47.2 59.8 Naseem et al (2010)-- 51.9 71.5 100% (baseline) 45.5 44.5 51.7 37.1 90% 48.3 48.4 77.1 70.2 59.4 51.9 83.1 75.1 Held-out% 49.2 70.3 52.8 75.1 Figure 1: Main results", 
    "clean_text": "", 
    "keep_for_gold": 0
  }, 
  {
    "citance_No": 18, 
    "citing_paper_id": "D12-1125", 
    "citing_paper_authority": 3, 
    "citing_paper_authors": "Yuan, Zhang | Roi, Reichart | Regina, Barzilay | Amir, Globerson", 
    "raw_text": "In fact, the universal tag sets manually induced by Petrov et al (2011) and by Naseem et al (2010) disagree on 10% of the tags", 
    "clean_text": "In fact, the universal tag sets manually induced by Petrov et al (2011) and by Naseem et al (2010) disagree on 10% of the tags.", 
    "keep_for_gold": 0
  }, 
  {
    "citance_No": 19, 
    "citing_paper_id": "W11-1109", 
    "citing_paper_authority": 3, 
    "citing_paper_authors": "Anders, S&oslash;gaard", 
    "raw_text": "Each edge (i, j) is referred to as a dependency between a head word wi and a dependent word wj and sometimes 1Naseem et al (2010) obtain slightly better results, but only evaluate on six languages", 
    "clean_text": "Naseem et al (2010) obtain slightly better results, but only evaluate on six languages.", 
    "keep_for_gold": 0
  }, 
  {
    "citance_No": 20, 
    "citing_paper_id": "W11-1109", 
    "citing_paper_authority": 3, 
    "citing_paper_authors": "Anders, S&oslash;gaard", 
    "raw_text": "Naseemet al (2010) report better results than ours on Portuguese, Slovene, Spanish and Swedish, but worse on Danish", 
    "clean_text": "Naseem et al (2010) report better results than ours on Portuguese, Slovene, Spanish and Swedish, but worse on Danish.", 
    "keep_for_gold": 0
  }
]
