[
  {
    "citance_No": 1, 
    "citing_paper_id": "P04-1077", 
    "citing_paper_authority": 48, 
    "citing_paper_authors": "Chin-Yew, Lin | Franz Josef, Och", 
    "raw_text": "In Lin and Och (2004), we proposed a framework that automatically evaluated automatic MT evaluation metrics using only manual translations without further human involvement", 
    "clean_text": "In Lin and Och (2004), we proposed a framework that automatically evaluated automatic MT evaluation metrics using only manual translations without further human involvement.", 
    "keep_for_gold": 0
  }, 
  {
    "citance_No": 2, 
    "citing_paper_id": "P14-2090", 
    "citing_paper_authority": 0, 
    "citing_paper_authors": "Yusuke, Oda | Graham, Neubig | Sakriani, Sakti | Tomoki, Toda | Satoshi, Nakamura", 
    "raw_text": "This locality assumption eases efficient implementation of our algorithm, and can be realized using a sentence-level evaluation measure such as BLEU+1 (Lin and Och, 2004)", 
    "clean_text": "This locality assumption eases efficient implementation of our algorithm, and can be realized using a sentence-level evaluation measure such as BLEU+1 (Lin and Och, 2004).", 
    "keep_for_gold": 0
  }, 
  {
    "citance_No": 3, 
    "citing_paper_id": "P11-2027", 
    "citing_paper_authority": 0, 
    "citing_paper_authors": "Rafael E., Banches | Haizhou, Li", 
    "raw_text": "156 at the sentence level ,smoothed-bleu (Lin and Och, 2004) was used in this case", 
    "clean_text": "156 at the sentence levels moothed-bleu (Lin and Och, 2004) was used in this case.", 
    "keep_for_gold": 0
  }, 
  {
    "citance_No": 4, 
    "citing_paper_id": "P07-1038", 
    "citing_paper_authority": 20, 
    "citing_paper_authors": "Joshua, Albrecht | Rebecca, Hwa", 
    "raw_text": "ROUGE utilizes? skip n-grams?, which allow for matches of sequences of words that are not necessarily adjacent (Lin and Och, 2004a) .METEOR uses the Porterstemmer and synonym matching via WordNet to calculate recall and precision more accurately (Banerjee and Lavie, 2005) .The HWC metrics compare dependency and constituency trees for both reference and machine translations (Liu and Gildea, 2005)", 
    "clean_text": "ROUGE utilizes, skip n-grams, which allow for matches of sequences of words that are not necessarily adjacent (Lin and Och, 2004a).", 
    "keep_for_gold": 0
  }, 
  {
    "citance_No": 5, 
    "citing_paper_id": "P07-1038", 
    "citing_paper_authority": 20, 
    "citing_paper_authors": "Joshua, Albrecht | Rebecca, Hwa", 
    "raw_text": "BLEU is smoothed (Lin and Och, 2004b), and it considers only matching up to bi grams because this has higher correlations with human judgments than when higher-ordered n-grams are included", 
    "clean_text": "BLEU is smoothed (Lin and Och, 2004b), and it considers only matching up to bi grams because this has higher correlations with human judgments than when higher-ordered n-grams are included.", 
    "keep_for_gold": 1
  }, 
  {
    "citance_No": 6, 
    "citing_paper_id": "P13-2058", 
    "citing_paper_authority": 0, 
    "citing_paper_authors": "Felix, Hieber | Laura, Jehl | Stefan, Riezler", 
    "raw_text": "Smoothedper-sentenceBLEU (Lin and Och, 2004) was used as a similarity metric", 
    "clean_text": "Smoothed per-sentence BLEU (Lin and Och, 2004) was used as a similarity metric.", 
    "keep_for_gold": 1
  }, 
  {
    "citance_No": 7, 
    "citing_paper_id": "W07-0738", 
    "citing_paper_authority": 34, 
    "citing_paper_authors": "Jes&uacute;s, Gim&eacute;nez | Llu&iacute;s, M&agrave;rquez", 
    "raw_text": "Stemming is enabled (Lin and Och, 2004a)", 
    "clean_text": "Stemming is enabled (Lin and Och, 2004a).", 
    "keep_for_gold": 0
  }, 
  {
    "citance_No": 8, 
    "citing_paper_id": "P07-1111", 
    "citing_paper_authority": 14, 
    "citing_paper_authors": "Joshua, Albrecht | Rebecca, Hwa", 
    "raw_text": "Metrics in the Rouge family allow for skip n-grams (Lin and Och,2004a); Kauchak and Barzilay (2006) take para phrasing into account; metrics such as METEOR (Banerjee and Lavie, 2005) and GTM (Melamedetal., 2003) calculate both recall and precision; ME TEOR is also similar to SIA (Liu and Gildea, 2006) in that word class information is used", 
    "clean_text": "Metrics in the Rouge family allow for skip n-grams (Lin and Och,2004a); Kauchak and Barzilay (2006) take para phrasing into account; metrics such as METEOR (Banerjee and Lavie, 2005) and GTM (Melamedetal., 2003) calculate both recall and precision; ME TEOR is also similar to SIA (Liu and Gildea, 2006) in that word class information is used.", 
    "keep_for_gold": 0
  }, 
  {
    "citance_No": 9, 
    "citing_paper_id": "P07-1111", 
    "citing_paper_authority": 14, 
    "citing_paper_authors": "Joshua, Albrecht | Rebecca, Hwa", 
    "raw_text": "BLEUis smoothed to be more appropriate for sentence level evaluation (Lin and Och, 2004b), and the bi gram versions of BLEU and HWCM are reported because they have higher correlations than when longer n-grams are included", 
    "clean_text": "BLEU is smoothed to be more appropriate for sentence level evaluation (Lin and Och, 2004b), and the bi gram versions of BLEU and HWCM are reported because they have higher correlations than when longer n-grams are included.", 
    "keep_for_gold": 0
  }, 
  {
    "citance_No": 10, 
    "citing_paper_id": "D10-1055", 
    "citing_paper_authority": 3, 
    "citing_paper_authors": "Dominic, Espinosa | Rajakrishnan, Rajkumar | Michael, White | Shoshana, Berleant", 
    "raw_text": "We then used these coefficients to estimate the confidence interval, after excluding the top 25 and bottom 25 coefficients, following (Lin and Och, 2004)", 
    "clean_text": "We then used these coefficients to estimate the confidence interval, after excluding the top 25 and bottom 25 coefficients, following (Lin and Och, 2004).", 
    "keep_for_gold": 0
  }, 
  {
    "citance_No": 11, 
    "citing_paper_id": "N12-1047", 
    "citing_paper_authority": 59, 
    "citing_paper_authors": "Colin, Cherry | George, Foster", 
    "raw_text": "Unless otherwise stated, we will assume the use of sentence BLEU with add1 smoothing (Lin and Och, 2004)", 
    "clean_text": "Unless otherwise stated, we will assume the use of sentence BLEU with add1 smoothing (Lin and Och, 2004).", 
    "keep_for_gold": 0
  }, 
  {
    "citance_No": 12, 
    "citing_paper_id": "D12-1052", 
    "citing_paper_authority": 13, 
    "citing_paper_authors": "Daniel, Dahlmeier | Hwee Tou, Ng", 
    "raw_text": "As F1 score is not decomposable, we optimize sentence-level F1 score which serves as an approximation of the corpus-level F1 score. Similarly, Hopkins and May optimize a sentence level BLEU approximation (Lin and Och, 2004) in stead of the corpus-level BLEU score (Papinenietal., 2002)", 
    "clean_text": "As F1 score is not decomposable, we optimize sentence-level F1 score which serves as an approximation of the corpus-level F1 score. Similarly, Hopkins and May optimize a sentence level BLEU approximation (Lin and Och, 2004) in stead of the corpus-level BLEU score (Papinenietal., 2002).", 
    "keep_for_gold": 0
  }, 
  {
    "citance_No": 13, 
    "citing_paper_id": "D12-1052", 
    "citing_paper_authority": 13, 
    "citing_paper_authors": "Daniel, Dahlmeier | Hwee Tou, Ng", 
    "raw_text": "The optimization objective is sentence level BLEU (Lin and Och, 2004)", 
    "clean_text": "The optimization objective is sentence level BLEU (Lin and Och, 2004).", 
    "keep_for_gold": 0
  }, 
  {
    "citance_No": 14, 
    "citing_paper_id": "D07-1055", 
    "citing_paper_authority": 10, 
    "citing_paper_authors": "Richard, Zens | Sa&scaron;a, Hasan | Hermann, Ney", 
    "raw_text": "As we would like to avoid this problem, we use the smoothed sentence-level Bleuscoreas suggested in (Lin and Och, 2004)", 
    "clean_text": "As we would like to avoid this problem, we use the smoothed sentence-level Bleuscoreas suggested in (Lin and Och, 2004).", 
    "keep_for_gold": 0
  }, 
  {
    "citance_No": 15, 
    "citing_paper_id": "D11-1042", 
    "citing_paper_authority": 2, 
    "citing_paper_authors": "Enrique, Amig&oacute; | Julio, Gonzalo | Jes&uacute;s, Gim&eacute;nez | M. Felisa, Verdejo", 
    "raw_text": "They obtained similar results in both cases (Lin and Och, 2004a)", 
    "clean_text": "They obtained similar results in both cases (Lin and Och, 2004a).", 
    "keep_for_gold": 0
  }, 
  {
    "citance_No": 16, 
    "citing_paper_id": "D11-1042", 
    "citing_paper_authority": 2, 
    "citing_paper_authors": "Enrique, Amig&oacute; | Julio, Gonzalo | Jes&uacute;s, Gim&eacute;nez | M. Felisa, Verdejo", 
    "raw_text": "While the F measure over Precision and Recall satisfies these constraints1 ,precision and recall in isolation do not satisfy all of them: maximum recall can be achieved without resembling the gold standard text decomposition; and maximum precision can be achieved with only a few overlapped elements.BLEU (Papineni et al, 2001a) computes the n gram precision while the metric ROUGE (LinandOch, 2004a) computes the n-gram recall", 
    "clean_text": "While the F measure over Precision and Recall satisfies these constraints, precision and recall in isolation do not satisfy all of them: maximum recall can be achieved without resembling the gold standard text decomposition; and maximum precision can be achieved with only a few overlapped elements.BLEU (Papineni et al, 2001a) computes the n gram precision while the metric ROUGE (LinandOch, 2004a) computes the n-gram recall.", 
    "keep_for_gold": 0
  }, 
  {
    "citance_No": 17, 
    "citing_paper_id": "E06-1031", 
    "citing_paper_authority": 25, 
    "citing_paper_authors": "Gregor, Leusch | Nicola, Ueffing | Hermann, Ney", 
    "raw_text": "The introduction of smoothing (Lin and Och, 2004) solves this problem only partially", 
    "clean_text": "The introduction of smoothing (Lin and Och, 2004) solves this problem only partially.", 
    "keep_for_gold": 0
  }, 
  {
    "citance_No": 18, 
    "citing_paper_id": "E06-1031", 
    "citing_paper_authority": 25, 
    "citing_paper_authors": "Gregor, Leusch | Nicola, Ueffing | Hermann, Ney", 
    "raw_text": "As the BLEU score is unsuitable for sentence level evaluation in its original definition, BLEU-S smoothing as described by (Lin and Och, 2004) is performed", 
    "clean_text": "As the BLEU score is unsuitable for sentence level evaluation in its original definition, BLEU-S smoothing as described by (Lin and Och, 2004) is performed.", 
    "keep_for_gold": 0
  }, 
  {
    "citance_No": 19, 
    "citing_paper_id": "I08-1046", 
    "citing_paper_authority": 0, 
    "citing_paper_authors": "Yong Wai Keong, Stanley | Jian, Su", 
    "raw_text": "Skip-bigrams (Lin and Och, 2004) are pairs of words in sentence order allowing for gaps in be tween", 
    "clean_text": "Skip-bigrams (Lin and Och, 2004) are pairs of words in sentence order allowing for gaps in between.", 
    "keep_for_gold": 0
  }, 
  {
    "citance_No": 20, 
    "citing_paper_id": "I08-1046", 
    "citing_paper_authority": 0, 
    "citing_paper_authors": "Yong Wai Keong, Stanley | Jian, Su", 
    "raw_text": "Using the notation by (Lin and Och, 2004), we denote the skip bigram overlap between two sentences X and Y as Skip2 (X, Y)", 
    "clean_text": "Using the notation by (Lin and Och, 2004), we denote the skip bigram overlap between two sentences X and Y as Skip2 (X, Y).", 
    "keep_for_gold": 0
  }
]
