[
  {
    "citance_No": 1, 
    "citing_paper_id": "P06-1031", 
    "citing_paper_authority": 14, 
    "citing_paper_authors": "Ryo, Nagata | Atsuo, Kawai | Koichiro, Morihiro | Naoki, Isu", 
    "raw_text": "For in stance, Chodorow and Leacock (2000) point out that the word concentrate is usually used as a noun in a general corpus whereas it is a verb 91% of the time in essays written by non-native learners of English", 
    "clean_text": "For instance, Chodorow and Leacock (2000) point out that the word concentrate is usually used as a noun in a general corpus whereas it is a verb 91% of the time in essays written by non-native learners of English.", 
    "keep_for_gold": 0
  }, 
  {
    "citance_No": 2, 
    "citing_paper_id": "W07-1607", 
    "citing_paper_authority": 12, 
    "citing_paper_authors": "Rachele, De Felice | Stephen G., Pulman", 
    "raw_text": "With this in mind, all we can do is mention some work which we feel is closest in spirit to our approach, but stress that the figures are for reference only, and can not be com pared directly to ours. Chodorow and Leacock (2000) try to identify errors on the basis of context, as we do here, and more specifically a? 2 word window around the word of interest, from which they consider function words and POS tags", 
    "clean_text": "Chodorow and Leacock (2000) try to identify errors on the basis of context, as we do here, and more specifically a 2 word window around the word of interest, from which they consider function words and POS tags.", 
    "keep_for_gold": 1
  }, 
  {
    "citance_No": 3, 
    "citing_paper_id": "D07-1012", 
    "citing_paper_authority": 8, 
    "citing_paper_authors": "Joachim, Wagner | Jennifer, Foster | Josef, van Genabith", 
    "raw_text": "N-gram-based approaches to the problem of error detection have been proposed and implemented in various forms by Atwell (1987), Bigert and Knutsson (2002), and Chodorow and Leacock (2000) amongst others", 
    "clean_text": "N-gram-based approaches to the problem of error detection have been proposed and implemented in various forms by Atwell (1987), Bigert and Knutsson (2002), and Chodorow and Leacock (2000) amongst others.", 
    "keep_for_gold": 0
  }, 
  {
    "citance_No": 4, 
    "citing_paper_id": "D07-1012", 
    "citing_paper_authority": 8, 
    "citing_paper_authors": "Joachim, Wagner | Jennifer, Foster | Josef, van Genabith", 
    "raw_text": "Furthermore, n-grams crossing clause boundaries are not flagged and the similarity measure is adapted in the case of phrase boundaries that usually result in low frequency n-grams. Chodorow and Leacock (2000) use a mutual information measure in addition to raw frequency of n grams", 
    "clean_text": "Chodorow and Leacock (2000) use a mutual information measure in addition to raw frequency of n grams.", 
    "keep_for_gold": 1
  }, 
  {
    "citance_No": 5, 
    "citing_paper_id": "P11-4005", 
    "citing_paper_authority": 1, 
    "citing_paper_authors": "Chung-chi, Huang | Mei-hua, Chen | Shih-ting, Huang | Jason S., Chang", 
    "raw_text": "Amongun supervised checkers, Chodorow and Leacock (2000) exploits negative evidence from edited textual corpora achieving high precision but low re call, while Tsao and Wible (2009) uses general corpus only", 
    "clean_text": "Among unsupervised checkers, Chodorow and Leacock (2000) exploits negative evidence from edited textual corpora achieving high precision but low recall, while Tsao and Wible (2009) uses general corpus only.", 
    "keep_for_gold": 0
  }, 
  {
    "citance_No": 6, 
    "citing_paper_id": "P11-4005", 
    "citing_paper_authority": 1, 
    "citing_paper_authors": "Chung-chi, Huang | Mei-hua, Chen | Shih-ting, Huang | Jason S., Chang", 
    "raw_text": "For example, Chodorow and Leacock (2000) exploit bi grams and trigrams of function words and part of-speech (PoS) tags, while Sun et al (2007) use labeled sequential patterns of function, time expression, and part-of-speech tags", 
    "clean_text": "For example, Chodorow and Leacock (2000) exploit bigrams and trigrams of function words and part-of-speech (PoS) tags, while Sun et al (2007) use labeled sequential patterns of function, time expression, and part-of-speech tags.", 
    "keep_for_gold": 0
  }, 
  {
    "citance_No": 7, 
    "citing_paper_id": "W11-1412", 
    "citing_paper_authority": 2, 
    "citing_paper_authors": "Chung-chi, Huang | Mei-hua, Chen | Shih-ting, Huang | Hsien-Chin, Liou | Jason S., Chang", 
    "raw_text": "For example, unsupervised systems of (Chodorow and Leacock, 2000) and (Tsao and Wible, 2009) leverage word distributions in general and/or word-specific corpus for detecting erroneous usages while (Hermet et al, 2008) and (Gamon and Leacock, 2010) use Web as a corpus", 
    "clean_text": "For example, unsupervised systems of (Chodorow and Leacock, 2000) and (Tsao and Wible, 2009) leverage word distributions in general and/or word-specific corpus for detecting erroneous usages while (Hermet et al, 2008) and (Gamon and Leacock, 2010) use Web as a corpus.", 
    "keep_for_gold": 0
  }, 
  {
    "citance_No": 8, 
    "citing_paper_id": "C10-2103", 
    "citing_paper_authority": 5, 
    "citing_paper_authors": "Ryo, Nagata | Kazuhide, Nakatani", 
    "raw_text": "Chodorow and Leacock (2000) and Chodorow et al (2007) argue that precision-oriented is better, but they do not give any concrete reason", 
    "clean_text": "Chodorow and Leacock (2000) and Chodorow et al (2007) argue that precision-oriented is better, but they do not give any concrete reason.", 
    "keep_for_gold": 0
  }, 
  {
    "citance_No": 9, 
    "citing_paper_id": "W11-2111", 
    "citing_paper_authority": 5, 
    "citing_paper_authors": "Kristen, Parton | Joel R., Tetreault | Nitin, Madnani | Martin, Chodorow", 
    "raw_text": "The grammar feature covers errors such as sentence fragments, verb form errors and pronoun errors (Chodorow and Leacock, 2000)", 
    "clean_text": "The grammar feature covers errors such as sentence fragments, verb form errors and pronoun errors (Chodorow and Leacock, 2000).", 
    "keep_for_gold": 1
  }, 
  {
    "citance_No": 10, 
    "citing_paper_id": "P11-1121", 
    "citing_paper_authority": 9, 
    "citing_paper_authors": "Ryo, Nagata | Edward, Whittaker | Vera, Sheinman", 
    "raw_text": "An example is the error detection method (Chodorowand Leacock, 2000), which identifies unnatural sequences of POSs as grammatical errors in the writing of learners", 
    "clean_text": "An example is the error detection method (Chodorow and Leacock, 2000), which identifies unnatural sequences of POSs as grammatical errors in the writing of learners.", 
    "keep_for_gold": 0
  }, 
  {
    "citance_No": 11, 
    "citing_paper_id": "P07-1011", 
    "citing_paper_authority": 9, 
    "citing_paper_authors": "Guihua, Sun | Xiaohua, Liu | Gao, Cong | Ming, Zhou | Zhongyang, Xiong | John, Lee | Chin-Yew, Lin", 
    "raw_text": "Our method outperforms Microsoft Word03 and ALEK (Chodorow and Leacock, 2000) from Educational Testing Service (ETS) in some cases", 
    "clean_text": "Our method outperforms Microsoft Word03 and ALEK (Chodorow and Leacock, 2000) from Educational Testing Service (ETS) in some cases.", 
    "keep_for_gold": 0
  }, 
  {
    "citance_No": 12, 
    "citing_paper_id": "P07-1011", 
    "citing_paper_authority": 9, 
    "citing_paper_authors": "Guihua, Sun | Xiaohua, Liu | Gao, Cong | Ming, Zhou | Zhongyang, Xiong | John, Lee | Chin-Yew, Lin", 
    "raw_text": "An unsupervised method (Chodorow and Leacock, 2000) is em ployed to detect grammatical errors by inferring negative evidence from TOEFL administrated bye Ts", 
    "clean_text": "An unsupervised method (Chodorow and Leacock, 2000) is employed to detect grammatical errors by inferring negative evidence from TOEFL administrated by ETS.", 
    "keep_for_gold": 0
  }, 
  {
    "citance_No": 13, 
    "citing_paper_id": "P07-1011", 
    "citing_paper_authority": 9, 
    "citing_paper_authors": "Guihua, Sun | Xiaohua, Liu | Gao, Cong | Ming, Zhou | Zhongyang, Xiong | John, Lee | Chin-Yew, Lin", 
    "raw_text": "In addition, we compared our technique with two other methods of checking errors, Microsoft Word03andALEK method (Chodorow and Leacock, 2000)", 
    "clean_text": "In addition, we compared our technique with two other methods of checking errors, Microsoft Word03 and ALEK method (Chodorow and Leacock, 2000).", 
    "keep_for_gold": 0
  }, 
  {
    "citance_No": 14, 
    "citing_paper_id": "P07-1011", 
    "citing_paper_authority": 9, 
    "citing_paper_authors": "Guihua, Sun | Xiaohua, Liu | Gao, Cong | Ming, Zhou | Zhongyang, Xiong | John, Lee | Chin-Yew, Lin", 
    "raw_text": "In this paper, we compare our technique with the grammar checker of Microsoft Word03 and the ALEK (Chodorow and Leacock, 2000) method used by ETS", 
    "clean_text": "In this paper, we compare our technique with the grammar checker of Microsoft Word03 and the ALEK (Chodorow and Leacock, 2000) method used by ETS.", 
    "keep_for_gold": 0
  }, 
  {
    "citance_No": 15, 
    "citing_paper_id": "W11-1422", 
    "citing_paper_authority": 5, 
    "citing_paper_authors": "Michael, Gamon", 
    "raw_text": "Chodorow and Leacock (2000) utilized mutual information and chi-square statistics to identify typical contexts for a small set of targeted words from a large well-formed corpus", 
    "clean_text": "Chodorow and Leacock (2000) utilized mutual information and chi-square statistics to identify typical contexts for a small set of targeted words from a large well-formed corpus.", 
    "keep_for_gold": 1
  }, 
  {
    "citance_No": 16, 
    "citing_paper_id": "W12-2027", 
    "citing_paper_authority": 1, 
    "citing_paper_authors": "Joel R., Tetreault | Michael, Heilman | Aoife, Cahill", 
    "raw_text": "3.2.1 Filter-based system The filter-based system combines unsupervised detection of a set of possible errors (Chodorow and Leacock, 2000) with hand-crafted filters designed to reduce this set to the largest subset of correctly flagged errors and the smallest possible number of false positives", 
    "clean_text": "The filter-based system combines unsupervised detection of a set of possible errors (Chodorow and Leacock, 2000) with hand-crafted filters designed to reduce this set to the largest subset of correctly flagged errors and the smallest possible number of false positives.", 
    "keep_for_gold": 0
  }, 
  {
    "citance_No": 17, 
    "citing_paper_id": "W12-2027", 
    "citing_paper_authority": 1, 
    "citing_paper_authors": "Joel R., Tetreault | Michael, Heilman | Aoife, Cahill", 
    "raw_text": "Chodorow and Leacock (2000) found that low-frequency bi grams (sequences of two lexical categories with a negative log-likelihood) are quite reliable predictors of grammatical errors", 
    "clean_text": "Chodorow and Leacock (2000) found that low-frequency bigrams (sequences of two lexical categories with a negative log-likelihood) are quite reliable predictors of grammatical errors.", 
    "keep_for_gold": 0
  }
]
