[
  {
    "citance_No": 1, 
    "citing_paper_id": "D09-1127", 
    "citing_paper_authority": 32, 
    "citing_paper_authors": "Liang, Huang | Wenbin, Jiang | Qun, Liu", 
    "raw_text": "Following this idea, Ganchev et al (2009) and Smith and Eisner (2009) use constrained EM and parser adaptation techniques, respectively, to perform more principled projection, and both achieve encouraging results", 
    "clean_text": "Following this idea, Ganchev et al (2009) and Smith and Eisner (2009) use constrained EM and parser adaptation techniques, respectively, to perform more principled projection, and both achieve encouraging results.", 
    "keep_for_gold": 0
  }, 
  {
    "citance_No": 2, 
    "citing_paper_id": "P13-1105", 
    "citing_paper_authority": 2, 
    "citing_paper_authors": "Kai, Liu | Yajuan, L&uuml; | Wenbin, Jiang | Qun, Liu", 
    "raw_text": "Smith and Eisner (2009) propose an adaptation method founded on quasi-synchronous grammar features 1067 Type Feature Template Unigramwordiposiwordi ?posiwordjposjwordj ?posj Bigramwordi ?posjwordj ?posiposi ?posjwordi ?wordjwordi ?posi ?wordjwordi ?wordj ?posjwordi ?posi ?posjposi ?wordj ?posjwordi ?posi ?wordj ?posj Surroundingposi? 1 ?posi ?posjposi ?posi+1 ?posjposi ?posj? 1 ?posjposi ?posj ?posj+1posi? 1 ?posi ?posj? 1posi ?posi+1 ?posj+1posi? 1 ?posj? 1 ?posjposi+1 ?posj ?posj+1posi? 1 ?posi ?posj+1posi ?posi+1 ?posj? 1posi? 1 ?posj ?posj+1posi+1 ?posj? 1 ?posjposi? 1 ?posi ?posj? 1 ?posjposi ?posi+1 ?posj ?posj+1posi ?posi+1 ?posj? 1 ?posjposi? 1 ?posi ?posj ?posj+1 Table 1: Feature templates for dependency parsing", 
    "clean_text": "", 
    "keep_for_gold": 0
  }, 
  {
    "citance_No": 3, 
    "citing_paper_id": "C10-2157", 
    "citing_paper_authority": 1, 
    "citing_paper_authors": "Huichao, Xue | Rebecca, Hwa", 
    "raw_text": "QG has been applied to some NLP tasks other than MT, including answer selection for question-answering (Wang et al, 2007), para phrase identification (Das and Smith, 2009), and parser adaptation and projection (Smith and Eisner, 2009)", 
    "clean_text": "QG has been applied to some NLP tasks other than MT, including answer selection for question-answering (Wang et al, 2007), paraphrase identification (Das and Smith, 2009), and parser adaptation and projection (Smith and Eisner, 2009).", 
    "keep_for_gold": 0
  }, 
  {
    "citance_No": 4, 
    "citing_paper_id": "D11-1038", 
    "citing_paper_authority": 23, 
    "citing_paper_authors": "Kristian, Woodsend | Mirella, Lapata", 
    "raw_text": "Indeed, the QG formalism has been previously applied to parser adaptation and projection (Smith and Eisner, 2009), paraphrase identification (Das and Smith, 2009), question answering (Wang et al, 2007), and title generation (Woodsend et al, 2010)", 
    "clean_text": "Indeed, the QG formalism has been previously applied to parser adaptation and projection (Smith and Eisner, 2009), paraphrase identification (Das and Smith, 2009), question answering (Wang et al, 2007), and title generation (Woodsend et al, 2010).", 
    "keep_for_gold": 0
  }, 
  {
    "citance_No": 5, 
    "citing_paper_id": "D11-1006", 
    "citing_paper_authority": 32, 
    "citing_paper_authors": "Ryan, McDonald | Slav, Petrov | Keith, Hall", 
    "raw_text": "(2009), Smith and Eisner (2009) inter alia", 
    "clean_text": "", 
    "keep_for_gold": 0
  }, 
  {
    "citance_No": 6, 
    "citing_paper_id": "D11-1006", 
    "citing_paper_authority": 32, 
    "citing_paper_authors": "Ryan, McDonald | Slav, Petrov | Keith, Hall", 
    "raw_text": "Thus, under identical conditions the direct transfer model obtains accuracies comparable to PR.6 Another projection based system is that of Smith and Eisner (2009), who report results for German (68.5%) and Spanish (64.8%) on sentences of length15 and less inclusive of punctuation", 
    "clean_text": "Another projection based system is that of Smith and Eisner (2009), who report results for German (68.5%) and Spanish (64.8%) on sentences of length 15 and less inclusive of punctuation.", 
    "keep_for_gold": 0
  }, 
  {
    "citance_No": 7, 
    "citing_paper_id": "P13-2105", 
    "citing_paper_authority": 0, 
    "citing_paper_authors": "Xiang, Li | Wenbin, Jiang | Yajuan, L&uuml; | Qun, Liu", 
    "raw_text": "Smith and Eisner (2009) and Li et al (2012) generated rich quasi synchronous grammar features to improve parsing performance", 
    "clean_text": "Smith and Eisner (2009) and Li et al (2012) generated rich quasi synchronous grammar features to improve parsing performance.", 
    "keep_for_gold": 0
  }, 
  {
    "citance_No": 8, 
    "citing_paper_id": "P11-2120", 
    "citing_paper_authority": 12, 
    "citing_paper_authors": "Anders, S&oslash;gaard", 
    "raw_text": "Smith and Eisner (2009) think of cross-language adaptation as unsupervised projection using word aligned parallel text to construct training material for the target language", 
    "clean_text": "Smith and Eisner (2009) think of cross-language adaptation as unsupervised projection using word aligned parallel text to construct training material for the target language.", 
    "keep_for_gold": 1
  }, 
  {
    "citance_No": 9, 
    "citing_paper_id": "P12-1071", 
    "citing_paper_authority": 6, 
    "citing_paper_authors": "Zhenghua, Li | Ting, Liu | Wanxiang, Che", 
    "raw_text": "(2009) and Smith and Eisner (2009)", 
    "clean_text": "", 
    "keep_for_gold": 0
  }, 
  {
    "citance_No": 10, 
    "citing_paper_id": "P12-1071", 
    "citing_paper_authority": 6, 
    "citing_paper_authors": "Zhenghua, Li | Ting, Liu | Wanxiang, Che", 
    "raw_text": "Smith and Eisner (2009) propose effective QG features for parser adaptation and projection", 
    "clean_text": "Smith and Eisner (2009) propose effective QG features for parser adaptation and projection.", 
    "keep_for_gold": 0
  }, 
  {
    "citance_No": 11, 
    "citing_paper_id": "P10-1002", 
    "citing_paper_authority": 3, 
    "citing_paper_authors": "Wenbin, Jiang | Qun, Liu", 
    "raw_text": "Smith and Eisner (2009) perform dependency projection and annotation adaptation with quasi-synchronous grammar features", 
    "clean_text": "Smith and Eisner (2009) perform dependency projection and annotation adaptation with quasi-synchronous grammar features.", 
    "keep_for_gold": 0
  }, 
  {
    "citance_No": 12, 
    "citing_paper_id": "P10-1002", 
    "citing_paper_authority": 3, 
    "citing_paper_authors": "Wenbin, Jiang | Qun, Liu", 
    "raw_text": "Smith and Eisner (2009) perform dependency projection and annotation adaptation with Quasi-Synchronous Grammar features", 
    "clean_text": "", 
    "keep_for_gold": 0
  }
]
