[
  {
    "citance_No": 1, 
    "citing_paper_id": "D09-1122", 
    "citing_paper_authority": 10, 
    "citing_paper_authors": "Chikara, Hashimoto | Kentaro, Torisawa | Kow, Kuroda | Stijn, De Saeger | Masaki, Murata | Jun'ichi, Kazama", 
    "raw_text": "Since we acquire verb entailment pairs based on unary templates (Szpektor and Dagan, 2008) we used the Lin formula to acquire unary templates directly rather than using the DIRT formula, which is the arithmetic-geometric mean of Lin? s similarities for two slots in a binary template", 
    "clean_text": "Since we acquire verb entailment pairs based on unary templates (Szpektor and Dagan, 2008) we used the Lin formula to acquire unary templates directly rather than using the DIRT formula, which is the arithmetic-geometric mean of Lin's similarities for two slots in a binary template.", 
    "keep_for_gold": 0
  }, 
  {
    "citance_No": 2, 
    "citing_paper_id": "D09-1122", 
    "citing_paper_authority": 10, 
    "citing_paper_authors": "Chikara, Hashimoto | Kentaro, Torisawa | Kow, Kuroda | Stijn, De Saeger | Masaki, Murata | Jun'ichi, Kazama", 
    "raw_text": "Precision is a directional similarity measure that examines the coverage of l? s features by those of r? s, with more coverage indicating more simi larity. Szpektor and Dagan (2008) proposed a directional similarity measure called BInc (Balanced Inclusion) that consists of Lin and Precision, as BInc (l, r)=? Lin (l, r)? Precision (l, r) 1173where l and r are the target templates", 
    "clean_text": "Szpektor and Dagan (2008) proposed a directional similarity measure called BInc (Balanced Inclusion) that consists of Lin and Precision, as BInc (l, r)=? Lin (l, r)? Precision (l, r) 1173where l and r are the target templates.", 
    "keep_for_gold": 0
  }, 
  {
    "citance_No": 3, 
    "citing_paper_id": "D09-1122", 
    "citing_paper_authority": 10, 
    "citing_paper_authors": "Chikara, Hashimoto | Kentaro, Torisawa | Kow, Kuroda | Stijn, De Saeger | Masaki, Murata | Jun'ichi, Kazama", 
    "raw_text": "Szpektor and Dagan (2008) also proposed a unary template, which is defined as a template consisting of one argument slot and one predicate phrase", 
    "clean_text": "Szpektor and Dagan (2008) also proposed a unary template, which is defined as a template consisting of one argument slot and one predicate phrase.", 
    "keep_for_gold": 1
  }, 
  {
    "citance_No": 4, 
    "citing_paper_id": "D09-1122", 
    "citing_paper_authority": 10, 
    "citing_paper_authors": "Chikara, Hashimoto | Kentaro, Torisawa | Kow, Kuroda | Stijn, De Saeger | Masaki, Murata | Jun'ichi, Kazama", 
    "raw_text": "We define a unary template as a template consisting of one argument slot and one predicate, following Szpektor and Dagan (2008)", 
    "clean_text": "We define a unary template as a template consisting of one argument slot and one predicate, following Szpektor and Dagan (2008).", 
    "keep_for_gold": 0
  }, 
  {
    "citance_No": 5, 
    "citing_paper_id": "P13-1131", 
    "citing_paper_authority": 3, 
    "citing_paper_authors": "Oren, Melamud | Jonathan, Berant | Ido, Dagan | Jacob, Goldberger | Idan, Szpektor", 
    "raw_text": "DC follows the double conditioned contextualized similarity measure according to Equation 4, as implemented by (Ritter et al, 2010), while SC follows the single conditioned one at Equation 5, as implemented by (Dinu and Lapata, 2010b; Dinu and Lapata, 2010a) .Since our model can contextualize various distributional similarity measures, we evaluated the performance of all the above methods on several base similarity measures and their learned rule sets, namely Lin (Lin, 1998), BInc (Szpektor and Dagan, 2008) and vector Cosine similarity", 
    "clean_text": "DC follows the double conditioned contextualized similarity measure according to Equation 4, as implemented by (Ritter et al, 2010), while SC follows the single conditioned one at Equation 5, as implemented by (Dinu and Lapata, 2010b; Dinu and Lapata, 2010a). Since our model can contextualize various distributional similarity measures, we evaluated the performance of all the above methods on several base similarity measures and their learned rule sets, namely Lin (Lin, 1998), BInc (Szpektor and Dagan, 2008) and vector Cosine similarity.", 
    "keep_for_gold": 0
  }, 
  {
    "citance_No": 6, 
    "citing_paper_id": "P13-1131", 
    "citing_paper_authority": 3, 
    "citing_paper_authors": "Oren, Melamud | Jonathan, Berant | Ido, Dagan | Jacob, Goldberger | Idan, Szpektor", 
    "raw_text": "The Lin similarity measure is described in Equation 2. Binc (Szpektor and Dagan, 2008) is a directional similarity measure between word vectors, which outperformed Lin for predicate inference (Szpek tor and Dagan, 2008)", 
    "clean_text": "Binc (Szpektor and Dagan, 2008) is a directional similarity measure between word vectors, which outperformed Lin for predicate inference (Szpek tor and Dagan, 2008).", 
    "keep_for_gold": 0
  }, 
  {
    "citance_No": 7, 
    "citing_paper_id": "P10-2045", 
    "citing_paper_authority": 6, 
    "citing_paper_authors": "Roni, Ben Aharon | Idan, Szpektor | Ido, Dagan", 
    "raw_text": "gument mapping by decomposing templates with several arguments into unary ones (Szpektor and Dagan, 2008)", 
    "clean_text": "argument mapping by decomposing templates with several arguments into unary ones (Szpektor and Dagan, 2008).", 
    "keep_for_gold": 0
  }, 
  {
    "citance_No": 8, 
    "citing_paper_id": "D09-1110", 
    "citing_paper_authority": 2, 
    "citing_paper_authors": "Roy, Bar-Haim | Jonathan, Berant | Ido, Dagan", 
    "raw_text": "ArgumentMappedWordNet (AmWN): A resource for entailment rules between verbal and nominal predicates (Szpektor and Dagan, 2009), including their argument mapping, based on WordNet and NomLex plus (Meyers et al, 2004), verified statistically through intersection with the unary-DIRT algorithm (Szpektor and Dagan, 2008)", 
    "clean_text": "ArgumentMappedWordNet (AmWN): A resource for entailment rules between verbal and nominal predicates (Szpektor and Dagan, 2009), including their argument mapping, based on WordNet and NomLex plus (Meyers et al, 2004), verified statistically through intersection with the unary-DIRT algorithm (Szpektor and Dagan, 2008).", 
    "keep_for_gold": 0
  }, 
  {
    "citance_No": 9, 
    "citing_paper_id": "W11-0202", 
    "citing_paper_authority": 0, 
    "citing_paper_authors": "Marek, Rei | Ted, Briscoe", 
    "raw_text": "Szpektor and Dagan (2008) use the distributional similarity of arguments to detect unary template entailment, whilst Berant et al (2010) apply it to bi nary relations in focused entailment graphs", 
    "clean_text": "Szpektor and Dagan (2008) use the distributional similarity of arguments to detect unary template entailment, whilst Berant et al (2010) apply it to binary relations in focused entailment graphs.", 
    "keep_for_gold": 1
  }, 
  {
    "citance_No": 10, 
    "citing_paper_id": "W09-2504", 
    "citing_paper_authority": 5, 
    "citing_paper_authors": "Idan, Szpektor | Ido, Dagan", 
    "raw_text": "We acquired a rule-set containing the top 300 rules for every unary template in the Reuters RCV1 corpus 5 by implementing the unary-DIRT algorithm (Szpektor and Dagan, 2008), which was shown to have relatively high recall compared to other algorithms", 
    "clean_text": "", 
    "keep_for_gold": 0
  }, 
  {
    "citance_No": 11, 
    "citing_paper_id": "W09-2504", 
    "citing_paper_authority": 5, 
    "citing_paper_authors": "Idan, Szpektor | Ido, Dagan", 
    "raw_text": "We follow here the experimental setup presented in (Szpektor and Dagan, 2008), testing the generated rules on the ACE 2005 event dataset 6. This", 
    "clean_text": "We follow here the experimental setup presented in (Szpektor and Dagan, 2008), testing the generated rules on the ACE 2005 event dataset 6. This.", 
    "keep_for_gold": 0
  }, 
  {
    "citance_No": 12, 
    "citing_paper_id": "W09-2504", 
    "citing_paper_authority": 5, 
    "citing_paper_authors": "Idan, Szpektor | Ido, Dagan", 
    "raw_text": "Adjuncts (time and 6http: //projects.ldc.upenn.edu/ace/ 7 Only 26 frequent event types that correspond to a unique predicate were tested, following (Szpektor and Dagan, 2008)", 
    "clean_text": "Adjuncts (time and 6http: //projects.ldc.upenn.edu/ace/ 7 Only 26 frequent event types that correspond to a unique predicate were tested, following (Szpektor and Dagan, 2008).", 
    "keep_for_gold": 0
  }, 
  {
    "citance_No": 13, 
    "citing_paper_id": "S12-1082", 
    "citing_paper_authority": 2, 
    "citing_paper_authors": "Alexandros, Potamianos | Elias, Iosif | NIkos, Malandrakis", 
    "raw_text": "Algorithms for computing semantic textual similarity (STS) are relevant for a variety of applications, including in formation extraction (Szpektor and Dagan, 2008), question answering (Harabagiu and Hickl, 2006) and machine translation (Mirkin et al, 2009)", 
    "clean_text": "Algorithms for computing semantic textual similarity (STS) are relevant for a variety of applications, including in formation extraction (Szpektor and Dagan, 2008), question answering (Harabagiu and Hickl, 2006) and machine translation (Mirkin et al, 2009).", 
    "keep_for_gold": 0
  }, 
  {
    "citance_No": 14, 
    "citing_paper_id": "D12-1018", 
    "citing_paper_authority": 4, 
    "citing_paper_authors": "Hila, Weisman | Jonathan, Berant | Idan, Szpektor | Ido, Dagan", 
    "raw_text": "apply three state-of-the-art distributional similarity measures, Lin (Lin, 1998), Weeds precision (Weeds and Weir, 2003) and BInc (Szpektor and Dagan, 2008), to compute for every verb pair a similarity score between each of the five count vectors4", 
    "clean_text": "apply BInc (Szpektor and Dagan, 2008), to compute for every verb pair a similarity score between each of the five count vectors.", 
    "keep_for_gold": 0
  }, 
  {
    "citance_No": 15, 
    "citing_paper_id": "P10-1124", 
    "citing_paper_authority": 9, 
    "citing_paper_authors": "Jonathan, Berant | Ido, Dagan | Jacob, Goldberger", 
    "raw_text": "Similarity function We consider two similarity functions: The Lin (2001) similarity measure, and the Balanced Inclusion (BInc) similarity measure (Szpektor and Dagan, 2008)", 
    "clean_text": "We consider two similarity functions: The Lin (2001) similarity measure, and the Balanced Inclusion (BInc) similarity measure (Szpektor and Dagan, 2008).", 
    "keep_for_gold": 0
  }, 
  {
    "citance_No": 16, 
    "citing_paper_id": "P10-1124", 
    "citing_paper_authority": 9, 
    "citing_paper_authors": "Jonathan, Berant | Ido, Dagan | Jacob, Goldberger", 
    "raw_text": "In addition, we obtained similarity lists learned by Linand Pantel (2001), and replicated 3 similarity measures learned by Szpektor and Dagan (2008), over the RCV1corpus7", 
    "clean_text": "In addition, we obtained similarity lists learned by Linand Pantel (2001), and replicated 3 similarity measures learned by Szpektor and Dagan (2008), over the RCV1corpus7.", 
    "keep_for_gold": 0
  }, 
  {
    "citance_No": 17, 
    "citing_paper_id": "W12-4006", 
    "citing_paper_authority": 2, 
    "citing_paper_authors": "Angelina, Ivanova | Elena, Cabrio | Bernardo, Magnini", 
    "raw_text": "In (Szpektor and Dagan, 2008), two approaches for unsupervised learning of unary rules (i.e. between templates with a single variable) are investigated. In (Zhao et al, 2009), a pivot approach for extracting paraphrase patterns from bilingual parallel corpora is presented, while in (Callison-Burch,2008) the quality of paraphrase extraction from parallel corpora is improved by requiring that phrases and their paraphrases have the same syntactic type. Our approach is different from theirs in many respects: their goal is paraphrase extraction, while we are extracting directional entailment rules; as textual resources for pattern extraction they use parallel corpora (using patterns in another language as pivots), while we rely on monolingual Wikipedia revisions (taking benefit from its increasing size); the para phrases they extract are more similar to DIRT, while our approach allows to focus on the acquisition of rules for specific phenomena frequent in entailment pairs, and not covered by other resources", 
    "clean_text": "In (Szpektor and Dagan, 2008), two approaches for unsupervised learning of unary rules (i.e. between templates with a single variable) are investigated. In (Zhao et al, 2009), a pivot approach for extracting paraphrase patterns from bilingual parallel corpora is presented, while in (Callison-Burch,2008) the quality of paraphrase extraction from parallel corpora is improved by requiring that phrases and their paraphrases have the same syntactic type. Our approach is different from theirs in many respects: their goal is paraphrase extraction, while we are extracting directional entailment rules; as textual resources for pattern extraction they use parallel corpora (using patterns in another language as pivots), while we rely on monolingual Wikipedia revisions (taking benefit from its increasing size); the para phrases they extract are more similar to DIRT, while our approach allows to focus on the acquisition of rules for specific phenomena frequent in entailment pairs, and not covered by other resources.", 
    "keep_for_gold": 1
  }, 
  {
    "citance_No": 18, 
    "citing_paper_id": "P09-2018", 
    "citing_paper_authority": 13, 
    "citing_paper_authors": "Lili, Kotlerman | Ido, Dagan | Idan, Szpektor | Maayan, Zhitomirsky-Geffet", 
    "raw_text": "Recently, (Szpektor and Dagan, 2008) tried identifying the entailment relation between lexical-syntactic templates using WeedsPrec, but observed that it tends to promote unreliable relations involving infrequent templates", 
    "clean_text": "Recently, (Szpektor and Dagan, 2008) tried identifying the entailment relation between lexical-syntactic templates using WeedsPrec, but observed that it tends to promote unreliable relations involving infrequent templates.", 
    "keep_for_gold": 1
  }, 
  {
    "citance_No": 19, 
    "citing_paper_id": "P09-2018", 
    "citing_paper_authority": 13, 
    "citing_paper_authors": "Lili, Kotlerman | Ido, Dagan | Idan, Szpektor | Maayan, Zhitomirsky-Geffet", 
    "raw_text": "(f r)] |FV u| Finally, we adopt the balancing approach in (Szpektor and Dagan, 2008), which, as explained in Section 2, penalizes similarity for infrequent words having fewer features (4 th property) (in our version, we truncated LIN similarity lists after top 1000 words)", 
    "clean_text": "Finally, we adopt the balancing approach in (Szpektor and Dagan, 2008), which, as explained in Section 2, penalizes similarity for infrequent words having fewer features (4 th property) (in our version, we truncated LIN similarity lists after top 1000 words).", 
    "keep_for_gold": 0
  }, 
  {
    "citance_No": 20, 
    "citing_paper_id": "P11-1062", 
    "citing_paper_authority": 23, 
    "citing_paper_authors": "Jonathan, Berant | Ido, Dagan | Jacob, Goldberger", 
    "raw_text": "Last, a richer form of rep re sentation, termed unary, has been suggested where a different predicate is defined for each argument (Szpektor and Dagan, 2008)", 
    "clean_text": "Last, a richer form of representation, termed unary, has been suggested where a different predicate is defined for each argument (Szpektor and Dagan, 2008).", 
    "keep_for_gold": 0
  }
]
