[
  {
    "citance_No": 1, 
    "citing_paper_id": "N10-1061", 
    "citing_paper_authority": 33, 
    "citing_paper_authors": "Aria, Haghighi | Dan, Klein", 
    "raw_text": "In general, co reference errors in state-of-theart systems are frequently due to poor models of semantic compatibility (Haghighi and Klein, 2009) .In this work, we take a primarily unsupervised approach to co reference resolution, broadly similar toHaghighi and Klein (2007), which addresses this issue", 
    "clean_text": "In general, coreference errors in state-of-the art systems are frequently due to poor models of semantic compatibility (Haghighi and Klein, 2009).", 
    "keep_for_gold": 1
  }, 
  {
    "citance_No": 2, 
    "citing_paper_id": "N10-1061", 
    "citing_paper_authority": 33, 
    "citing_paper_authors": "Aria, Haghighi | Dan, Klein", 
    "raw_text": "Additionally, we disallow nominals from having direct pronoun antecedents. In addition to the above, if a mention is in a deterministic co reference configuration, as defined in Haghighi and Klein (2009), we force it to take the required antecedent", 
    "clean_text": "In addition to the above, if a mention is in a deterministic coreference configuration, as defined in Haghighi and Klein (2009), we force it to take the required antecedent.", 
    "keep_for_gold": 0
  }, 
  {
    "citance_No": 3, 
    "citing_paper_id": "N10-1061", 
    "citing_paper_authority": 33, 
    "citing_paper_authors": "Aria, Haghighi | Dan, Klein", 
    "raw_text": "For? r, we use a deterministic entity assignment Zr, similar to the Haghighiand Klein (2009)? s SYN-CONSTR setting: each referring mention is co referent with any past mention with the same head or in a deterministic syntactic configuration (appositives or predicative nominatives constructions) .6 The {ri} factors are heuristically set to place most of their mass on the closest antecedent by tree distance", 
    "clean_text": "For r, we use a deterministic entity assignment Zr, similar to the Haghighi and Klein (2009)'s SYN-CONSTR setting: each referring mention is coreferent with any past mention with the same head or in a deterministic syntactic configuration (appositives or predicative nominatives constructions).", 
    "keep_for_gold": 1
  }, 
  {
    "citance_No": 4, 
    "citing_paper_id": "N10-1061", 
    "citing_paper_authority": 33, 
    "citing_paper_authors": "Aria, Haghighi | Dan, Klein", 
    "raw_text": "390 MUC B3All B3None Pairwise F1 System P R F1 P R F1 P R F1 P R F1 ACE2004-STOYANOV-TESTStoyanov et al (2009)- 62.0- 76.5- 75.4- Haghighi and Klein (2009) 67.5 61.6 64.4 77.4 69.4 73.2 77.4 67.1 71.3 58.3 44.5 50.5 THIS WORK 67.4 66.6 67.0 81.2 73.3 77.0 80.6 75.2 77.3 59.2 50.3 54.4 ACE2005-STOYANOV-TESTStoyanov et al (2009)- 67.4- 73.7- 72.5- Haghighi and Klein (2009) 73.1 58.8 65.2 82.1 63.9 71.8 81.2 61.6 70.1 66.1 37.9 48.1 THIS WORK 74.6 62.7 68.1 83.2 68.4 75.1 82.7 66.3 73.6 64.3 41.4 50.4 ACE2005-RAHMAN-TESTRahman and Ng (2009) 75.4 64.1 69.3- 54.4 70.5 61.4- Haghighi and Klein (2009) 72.9 60.2 67.0 53.2 73.1 61.6 52.0 72.6 60.6 57.0 44.6 50.0 THIS WORK 77.0 66.9 71.6 55.4 74.8 63.8 54.0 74.7 62.7 60.1 47.7 53.0 Table 1: Experimental results with system mentions", 
    "clean_text": "", 
    "keep_for_gold": 0
  }, 
  {
    "citance_No": 5, 
    "citing_paper_id": "N10-1061", 
    "citing_paper_authority": 33, 
    "citing_paper_authors": "Aria, Haghighi | Dan, Klein", 
    "raw_text": "All systems except Haghighi and Klein (2009) and current workare fully supervised", 
    "clean_text": "All systems except Haghighi and Klein (2009) and current work are fully supervised.", 
    "keep_for_gold": 0
  }, 
  {
    "citance_No": 6, 
    "citing_paper_id": "N10-1061", 
    "citing_paper_authority": 33, 
    "citing_paper_authors": "Aria, Haghighi | Dan, Klein", 
    "raw_text": "We also com pared to the strong deterministic system of Haghighi and Klein (2009) .10 Across all data sets, our model, despite being largely unsupervised, consistently outperforms these systems, which are the best previously reported results on end-to-end co reference resolution (i.e. including mention detection)", 
    "clean_text": "We also compared to the strong deterministic system of Haghighi and Klein (2009).", 
    "keep_for_gold": 0
  }, 
  {
    "citance_No": 7, 
    "citing_paper_id": "N10-1061", 
    "citing_paper_authority": 33, 
    "citing_paper_authors": "Aria, Haghighi | Dan, Klein", 
    "raw_text": "10Haghighi and Klein (2009) reports on true mentions; here, we report performance on automatically detected mentions", 
    "clean_text": "Haghighi and Klein (2009) reports on true mentions; here, we report performance on automatically detected mentions.", 
    "keep_for_gold": 0
  }, 
  {
    "citance_No": 8, 
    "citing_paper_id": "N10-1061", 
    "citing_paper_authority": 33, 
    "citing_paper_authors": "Aria, Haghighi | Dan, Klein", 
    "raw_text": "Our model does not represent the negative covariance between these modifiers. We compared our output to the deterministic system of Haghighi and Klein (2009)", 
    "clean_text": "We compared our output to the deterministic system of Haghighi and Klein (2009).", 
    "keep_for_gold": 0
  }, 
  {
    "citance_No": 9, 
    "citing_paper_id": "P14-1084", 
    "citing_paper_authority": 0, 
    "citing_paper_authors": "Daniele, Pighin | Marco, Cornolti | Enrique, Alfonseca | Katja, Filippova", 
    "raw_text": "The news have been processed with a to kenizer, a sentence splitter (Gillick and Favre, 2009), a part-of-speech tagger and dependency parser (Nivre, 2006), a co-reference resolution module (Haghighi and Klein, 2009) and an entity linker based on Wikipedia and Freebase (Milneand Witten, 2008)", 
    "clean_text": "The news have been processed with a tokenizer, a sentence splitter (Gillick and Favre, 2009), a part-of-speech tagger and dependency parser (Nivre, 2006), a co-reference resolution module (Haghighi and Klein, 2009) and an entity linker based on Wikipedia and Freebase (Milneand Witten, 2008).", 
    "keep_for_gold": 0
  }, 
  {
    "citance_No": 10, 
    "citing_paper_id": "W12-4504", 
    "citing_paper_authority": 5, 
    "citing_paper_authors": "Chen, Chen | Vincent, Ng", 
    "raw_text": "Specifically, when searching for an antecedent formk, its candidate antecedents are visited in an order determined by their positions in the associated parse tree (Haghighi and Klein, 2009)", 
    "clean_text": "Specifically, when searching for an antecedent for mk, its candidate antecedents are visited in an order determined by their positions in the associated parse tree (Haghighi and Klein, 2009).", 
    "keep_for_gold": 1
  }, 
  {
    "citance_No": 11, 
    "citing_paper_id": "W12-4511", 
    "citing_paper_authority": 6, 
    "citing_paper_authors": "Sebastian, Martschat | Eva, Mujdricza-Maydt | Jie, Cai | Michael, Strube | Samuel, Broscheit", 
    "raw_text": "as introduced by Haghighi and Klein (2009) analogously", 
    "clean_text": "For Chinese, we handle role appositives as introduced by Haghighi and Klein (2009) analogously.", 
    "keep_for_gold": 0
  }, 
  {
    "citance_No": 12, 
    "citing_paper_id": "P11-1079", 
    "citing_paper_authority": 8, 
    "citing_paper_authors": "Hamidreza, Kobdani | Hinrich, Sch&uuml;tze | Michael, Schiehlen | Hans, Kamp", 
    "raw_text": "In this paper, we only compare with completely unsupervised approaches, 784 not with approaches that make some limited use of labeled data. Recent work by Haghighi and Klein (2009), Klenner and Ailloud (2009) and Raghunathan et al (2010) challenges the appropriateness of machine learning methods for CoRe", 
    "clean_text": "", 
    "keep_for_gold": 0
  }, 
  {
    "citance_No": 13, 
    "citing_paper_id": "P11-1117", 
    "citing_paper_authority": 0, 
    "citing_paper_authors": "Dingcheng, Li | Tim, Miller | William, Schuler", 
    "raw_text": "This was what (Haghighi and Klein, 2009) did and we did this in training with the REUTERScor pus (Hasler et al, 2006) in which syntactic roles are annotated", 
    "clean_text": "This was what (Haghighi and Klein, 2009) did and we did this in training with the REUTERS corpus (Hasler et al, 2006) in which syntactic roles are annotated.", 
    "keep_for_gold": 0
  }, 
  {
    "citance_No": 14, 
    "citing_paper_id": "P12-1041", 
    "citing_paper_authority": 9, 
    "citing_paper_authors": "Mohit, Bansal | Dan, Klein", 
    "raw_text": "394 MUC B3 System P R F1 P R F1 ACE04-TEST-RESULTS Stoyanov et al (2009)- 62.0- 76.5 Haghighi and Klein (2009) 67.5 61.6 64.4 77.4 69.4 73.2 Haghighi and Klein (2010) 67.4 66.6 67.0 81.2 73.3 77.0 This Work: Perceptron Baseline 65.5 61.9 63.7 84.1 70.9 77.0 This Work: DT Baseline 76.0 60.7 67.5 89.6 70.3 78.8 This Work: DT+ Web Features 74.8 64.2 69.1 87.5 73.7 80.0 This Work:? of DT+Web over DT (p &lt; 0.05) 1.7 (p &lt; 0.005) 1.3 ACE05-TEST-RESULTS Stoyanov et al (2009)- 67.4- 73.7 Haghighi and Klein (2009) 73.1 58.8 65.2 82.1 63.9 71.8 Haghighi and Klein (2010) 74.6 62.7 68.1 83.2 68.4 75.1 This Work: Perceptron Baseline 72.2 61.6 66.5 85.0 65.5 73.9 This Work: DT Baseline 79.6 59.7 68.2 89.4 64.2 74.7 This Work: DT+ Web Features 75.0 64.7 69.5 81.1 70.8 75.6 This Work:? of DT+Web over DT (p &lt; 0.12) 1.3 (p &lt; 0.1) 0.9 ACE05-ALL-TEST-RESULTS Rahman and Ng (2009) 75.4 64.1 69.3 54.4 70.5 61.4 Haghighi and Klein (2009) 72.9 60.2 67.0 53.2 73.1 61.6 Haghighi and Klein (2010) 77.0 66.9 71.6 55.4 74.8 63.8 This Work: Perceptron Baseline 68.9 60.4 64.4 80.6 60.5 69.1 This Work: DT Baseline 78.0 60.4 68.1 85.1 60.4 70.6 This Work: DT+ Web Features 77.6 64.0 70.2 80.7 65.9 72.5 This Work:? of DT+Web over DT (p &lt; 0.001) 2.1 (p &lt; 0.001) 1.9 Table 3: Primary test results on the ACE04, ACE05, and ACE05-ALL datasets", 
    "clean_text": "", 
    "keep_for_gold": 0
  }, 
  {
    "citance_No": 15, 
    "citing_paper_id": "P12-1041", 
    "citing_paper_authority": 9, 
    "citing_paper_authors": "Mohit, Bansal | Dan, Klein", 
    "raw_text": "The other systems we compare to and outperform are the perceptron-based Reconcile system of Stoyanov et al (2009), the strong deterministic system of Haghighi and Klein (2009), and the cluster-ranking model of Rahman and Ng (2009) .We develop our features and tune their hyper parameter values on the ACE04 development set and then use these on the ACE04 test set.12 OntheACE05 and ACE05-ALL datasets, we directly transfer our Web features and their hyper-parameter values from the ACE04dev-set, without any retuning", 
    "clean_text": "The other systems we compare to and outperform are the perceptron-based Reconcile system of Stoyanov et al (2009), the strong deterministic system of Haghighi and Klein (2009), and the cluster-ranking model of Rahman and Ng (2009).", 
    "keep_for_gold": 0
  }, 
  {
    "citance_No": 16, 
    "citing_paper_id": "P11-1082", 
    "citing_paper_authority": 19, 
    "citing_paper_authors": "Altaf, Rahman | Vincent, Ng", 
    "raw_text": "III and Marcu (2005), Ng (2007), Haghighi and Klein (2009))", 
    "clean_text": "", 
    "keep_for_gold": 0
  }, 
  {
    "citance_No": 17, 
    "citing_paper_id": "P13-1122", 
    "citing_paper_authority": 2, 
    "citing_paper_authors": "Enrique, Alfonseca | Daniele, Pighin | Guillermo, Garrido", 
    "raw_text": "The different steps are described below: PREPROCESSDATA: We start by preprocessing all the news in the news collections with a standard NLP pipeline :tokenization and sentence boundary detection (Gillick, 2009), part-of-speech tagging, dependency parsing (Nivre, 2006), co reference resolution (Haghighi and Klein, 2009) and entity linking based on Wikipedia and Free base", 
    "clean_text": "We start by preprocessing all the news in the news collections with a standard NLP pipeline: tokenization and sentence boundary detection (Gillick, 2009), part-of-speech tagging, dependency parsing (Nivre, 2006), coreference resolution (Haghighi and Klein, 2009) and entity linking based on Wikipedia and Freebase.", 
    "keep_for_gold": 0
  }, 
  {
    "citance_No": 18, 
    "citing_paper_id": "W12-2501", 
    "citing_paper_authority": 0, 
    "citing_paper_authors": "Karin, Stromswold | Choonkyu, Lee | Smaranda, Muresan", 
    "raw_text": "ARKref is a syntactically rich, rule-based within-document co reference system very similar to (the syntactic components of) Haghighi and Klein (2009)", 
    "clean_text": "ARKref is a syntactically rich, rule-based within-document coreference system very similar to (the syntactic components of) Haghighi and Klein (2009).", 
    "keep_for_gold": 0
  }, 
  {
    "citance_No": 19, 
    "citing_paper_id": "W12-2414", 
    "citing_paper_authority": 0, 
    "citing_paper_authors": "Pattanasak, Mongkolwat | Emilia, Apostolova | Dina, Demner-Fushman | Noriko, Tomuro", 
    "raw_text": "The National Electrical Manufacturers Association.We implemented an algorithm for the task described above which was inspired by the work ofHaghighi and Klein (2009)", 
    "clean_text": "We implemented an algorithm for the task described above which was inspired by the work of Haghighi and Klein (2009).", 
    "keep_for_gold": 0
  }, 
  {
    "citance_No": 20, 
    "citing_paper_id": "W12-2414", 
    "citing_paper_authority": 0, 
    "citing_paper_authors": "Pattanasak, Mongkolwat | Emilia, Apostolova | Dina, Demner-Fushman | Noriko, Tomuro", 
    "raw_text": "120 between 39.8 and 67.3 for various methods and test sets (Haghighi and Klein, 2009)", 
    "clean_text": "F1-scores could range between 39.8 and 67.3 for various methods and test sets (Haghighi and Klein, 2009).", 
    "keep_for_gold": 0
  }
]
