[
  {
    "citance_No": 1, 
    "citing_paper_id": "E99-1016", 
    "citing_paper_authority": 13, 
    "citing_paper_authors": "Thorsten, Brants", 
    "raw_text": "This type of model is used to facilitate the syntactic annotation of the NEGRA corpus of German newspaper texts (Skut et al, 1997)", 
    "clean_text": "This type of model is used to facilitate the syntactic annotation of the NEGRA corpus of German newspaper texts (Skut et al, 1997).", 
    "keep_for_gold": 0
  }, 
  {
    "citance_No": 2, 
    "citing_paper_id": "E99-1016", 
    "citing_paper_authority": 13, 
    "citing_paper_authors": "Thorsten, Brants", 
    "raw_text": "For our experiments, we use the NEGRA corpus (Skut et al, 1997)", 
    "clean_text": "For our experiments, we use the NEGRA corpus (Skut et al, 1997).", 
    "keep_for_gold": 0
  }, 
  {
    "citance_No": 3, 
    "citing_paper_id": "E12-1047", 
    "citing_paper_authority": 3, 
    "citing_paper_authors": "Andreas, Cranenburgh", 
    "raw_text": "As data we use version 2 of the Negra (Skut et al1997) tree bank, with the common training ,devel 1 10 100 1000 10000 100000 3 4 5 6 7 8 9 Frequenc y Parsing complexity head-driven optimal head-driven Figure 6: The distribution of parsing complexity among productions in Markovized, head-driven grammars read off from NEGRA-25", 
    "clean_text": "As data we use version 2 of the Negra (Skut et al1997) tree bank, with the common training.", 
    "keep_for_gold": 0
  }, 
  {
    "citance_No": 4, 
    "citing_paper_id": "C04-1020", 
    "citing_paper_authority": 3, 
    "citing_paper_authors": "Florian, Wolf | Edward, Gibson", 
    "raw_text": "Skut et al., 1997)", 
    "clean_text": "", 
    "keep_for_gold": 0
  }, 
  {
    "citance_No": 5, 
    "citing_paper_id": "I05-6010", 
    "citing_paper_authority": 0, 
    "citing_paper_authors": "Kristina, Spranger", 
    "raw_text": "According to Skut et al (1997) tree banks have to meet the following requirements: 1", 
    "clean_text": "According to Skut et al (1997) tree banks have to meet the following requirements: 1.", 
    "keep_for_gold": 0
  }, 
  {
    "citance_No": 6, 
    "citing_paper_id": "W04-1506", 
    "citing_paper_authority": 1, 
    "citing_paper_authors": "Maxux J., Aranzabe | Jose Maria, Arriola | Arantza, D&iacute;az de Ilarraza", 
    "raw_text": "that could best deal with the free word order displayed by Basque syntax (Skut et al, 1997)", 
    "clean_text": "that could best deal with the free word order displayed by Basque syntax (Skut et al, 1997).", 
    "keep_for_gold": 0
  }, 
  {
    "citance_No": 7, 
    "citing_paper_id": "C10-1061", 
    "citing_paper_authority": 4, 
    "citing_paper_authors": "Laura, Kallmeyer | Wolfgang, Maier", 
    "raw_text": "In contrast, some other tree banks, such as the German NeGra and TIGER tree banks allow annotation with crossing branches (Skut et al, 1997) .Non-local dependencies can then be expressed directly by grouping all dependent elements under a single node", 
    "clean_text": "In contrast, some other tree banks, such as the German NeGra and TIGER tree banks allow annotation with crossing branches (Skut et al, 1997). Non-local dependencies can then be expressed directly by grouping all dependent elements under a single node.", 
    "keep_for_gold": 0
  }, 
  {
    "citance_No": 8, 
    "citing_paper_id": "C10-1061", 
    "citing_paper_authority": 4, 
    "citing_paper_authors": "Laura, Kallmeyer | Wolfgang, Maier", 
    "raw_text": "Our data source is the German NeGra tree bank (Skut et al, 1997)", 
    "clean_text": "Our data source is the German NeGra tree bank (Skut et al, 1997).", 
    "keep_for_gold": 0
  }, 
  {
    "citance_No": 9, 
    "citing_paper_id": "P05-1039", 
    "citing_paper_authority": 15, 
    "citing_paper_authors": "Amit, Dubey", 
    "raw_text": "The parsing models we present are trained and tested on the NEGRA corpus (Skut et al, 1997), a hand parsed corpus of German newspaper text containing approximately 20,000 sentences", 
    "clean_text": "The parsing models we present are trained and tested on the NEGRA corpus (Skut et al, 1997), a hand parsed corpus of German newspaper text containing approximately 20,000 sentences.", 
    "keep_for_gold": 1
  }, 
  {
    "citance_No": 10, 
    "citing_paper_id": "P03-1013", 
    "citing_paper_authority": 35, 
    "citing_paper_authors": "Amit, Dubey | Frank, Keller", 
    "raw_text": "The present paper addresses this question by proposing a probabilistic parsing model trained on Negra (Skut et al, 1997), a syntactically annotated corpus for German", 
    "clean_text": "The present paper addresses this question by proposing a probabilistic parsing model trained on Negra (Skut et al, 1997), a syntactically annotated corpus for German.", 
    "keep_for_gold": 0
  }, 
  {
    "citance_No": 11, 
    "citing_paper_id": "P03-1013", 
    "citing_paper_authority": 35, 
    "citing_paper_authors": "Amit, Dubey | Frank, Keller", 
    "raw_text": "The annotation scheme (Skut et al, 1997) is modeled to a certain extent on that of the Penn Treebank (Marcuset al, 1993), with crucial differences", 
    "clean_text": "The annotation scheme (Skut et al, 1997) is modeled to a certain extent on that of the Penn Treebank (Marcuset al, 1993), with crucial differences.", 
    "keep_for_gold": 0
  }, 
  {
    "citance_No": 12, 
    "citing_paper_id": "C04-1140", 
    "citing_paper_authority": 2, 
    "citing_paper_authors": "Udo, Hahn | Joachim, Wermter", 
    "raw_text": "(Skut et al, 1997))", 
    "clean_text": "", 
    "keep_for_gold": 0
  }, 
  {
    "citance_No": 13, 
    "citing_paper_id": "W04-1505", 
    "citing_paper_authority": 0, 
    "citing_paper_authors": "Gerold, Schneider | Fabio, Rinaldi | James, Dowdall", 
    "raw_text": "German is con sider ably more in ectional which means that discarding functional information is more harmful, and which explains why the NEGRA an notation has been conceived to be quite at (Skut et al, 1997)", 
    "clean_text": "German is considerably more in ectional which means that discarding functional information is more harmful, and which explains why the NEGRA an notation has been conceived to be quite at (Skut et al, 1997).", 
    "keep_for_gold": 0
  }, 
  {
    "citance_No": 14, 
    "citing_paper_id": "C04-1074", 
    "citing_paper_authority": 0, 
    "citing_paper_authors": "Michael, Schiehlen", 
    "raw_text": "The factors used in the algorithms and the algorithms themselves are evaluated on a Germancorpus annotated with syntactic and co reference in formation (Negra) (Skut et al, 1997)", 
    "clean_text": "The factors used in the algorithms and the algorithms themselves are evaluated on a German corpus annotated with syntactic and co reference in formation (Negra) (Skut et al, 1997).", 
    "keep_for_gold": 0
  }, 
  {
    "citance_No": 15, 
    "citing_paper_id": "N07-1051", 
    "citing_paper_authority": 188, 
    "citing_paper_authors": "Slav, Petrov | Dan, Klein", 
    "raw_text": "ENGLISH GERMAN CHINESE (Marcus et al, 1993) (Skut et al, 1997) (Xue et al, 2002) TrainSet Section 2-21 Sentences 1-18,602 Articles 26-270 DevSet Section 22 18,603-19,602 Articles 1-25 TestSet Section 23 19,603-20,602 Articles 271-300 Table 3: Experimentalsetup.believe that their performance will generalize better across languages than the performance of parsers that have been hand tailored to English", 
    "clean_text": "", 
    "keep_for_gold": 0
  }, 
  {
    "citance_No": 16, 
    "citing_paper_id": "P11-2067", 
    "citing_paper_authority": 0, 
    "citing_paper_authors": "Susan, Howlett | Mark, Dras", 
    "raw_text": "CKK uses the Dubey and Keller (2003) parser, which is trained on the Negra corpus (Skut et al, 1997)", 
    "clean_text": "CKK uses the Dubey and Keller (2003) parser, which is trained on the Negra corpus (Skut et al, 1997).", 
    "keep_for_gold": 0
  }, 
  {
    "citance_No": 17, 
    "citing_paper_id": "W08-1007", 
    "citing_paper_authority": 7, 
    "citing_paper_authors": "Johan, Hall | Joakim, Nivre", 
    "raw_text": "Earlier studies by Dubey and Keller (2003) and Dubey (2005) using the Negratreebank (Skut et al, 1997) reports that lexicaliza tion of PCFGs decrease the parsing accuracy when parsing Negra? s flat constituent structures", 
    "clean_text": "Earlier studies by Dubey and Keller (2003) and Dubey (2005) using the Negra treebank (Skut et al, 1997) reports that lexicalization of PCFGs decrease the parsing accuracy when parsing Negra's flat constituent structures.", 
    "keep_for_gold": 0
  }, 
  {
    "citance_No": 18, 
    "citing_paper_id": "P06-1109", 
    "citing_paper_authority": 21, 
    "citing_paper_authors": "Rens, Bod", 
    "raw_text": "We next tested UML-DOP on two additional domains which were also used in Klein and Manning (2004) and Bod (2006): the German NEGRA10 (Skut et al 1997) and the Chinese CTB10 (Xue et al 2002) both containing 2200+ sentences? 10 words after removing punctuation", 
    "clean_text": "We next tested UML-DOP on two additional domains which were also used in Klein and Manning (2004) and Bod (2006): the German NEGRA 10 (Skut et al 1997) and the Chinese CTB10 (Xue et al 2002) both containing 2200+ sentences 10 words after removing punctuation.", 
    "keep_for_gold": 0
  }, 
  {
    "citance_No": 19, 
    "citing_paper_id": "D07-1066", 
    "citing_paper_authority": 15, 
    "citing_paper_authors": "Ines, Rehbein | Josef, van Genabith", 
    "raw_text": "A comparison of unlexicalised PCFG parsing (Ku ?bler, 2005) trained and evaluated on the German NEGRA (Skut et al, 1997) and the Tu? Ba D/Z (Telljohann et al, 2004) tree banks using LoPar (Schmid, 2000) shows a difference in parsing results of about 16%, using the PARSEVAL metric (Black et al, 1991)", 
    "clean_text": "A comparison of unlexicalised PCFG parsing (Kubler, 2005) trained and evaluated on the German NEGRA (Skut et al, 1997) and the Tu? Ba D/Z (Telljohann et al, 2004) tree banks using LoPar (Schmid, 2000) shows a difference in parsing results of about 16%, using the PARSEVAL metric (Black et al, 1991).", 
    "keep_for_gold": 0
  }, 
  {
    "citance_No": 20, 
    "citing_paper_id": "C02-1021", 
    "citing_paper_authority": 1, 
    "citing_paper_authors": "Pavel, Kveton | Karel, Oliva", 
    "raw_text": "Skut et al (1997))", 
    "clean_text": "", 
    "keep_for_gold": 0
  }
]
