[
  {
    "citance_No": 1, 
    "citing_paper_id": "N04-1038", 
    "citing_paper_authority": 20, 
    "citing_paper_authors": "David L., Bean | Ellen, Riloff", 
    "raw_text": "Dagan and Itai (Dagan and Itai, 1990) experimented with co-occurrence statistics that are similar to our lexical case frame expectations", 
    "clean_text": "Dagan and Itai (Dagan and Itai, 1990) experimented with co-occurrence statistics that are similar to our lexical case frame expectations.", 
    "keep_for_gold": 0
  }, 
  {
    "citance_No": 2, 
    "citing_paper_id": "P06-1005", 
    "citing_paper_authority": 28, 
    "citing_paper_authors": "Shane, Bergsma | Dekang, Lin", 
    "raw_text": "Researchers since Dagan and Itai (1990) have variously argued for and against the utility of col location statistics between nouns and parents for improving the performance of pronoun resolution", 
    "clean_text": "Researchers since Dagan and Itai (1990) have variously argued for and against the utility of collocation statistics between nouns and parents for improving the performance of pronoun resolution.", 
    "keep_for_gold": 0
  }, 
  {
    "citance_No": 3, 
    "citing_paper_id": "P08-1002", 
    "citing_paper_authority": 7, 
    "citing_paper_authors": "Shane, Bergsma | Dekang, Lin | Randy, Goebel", 
    "raw_text": "DaganandItai (1990) use the distribution of a pronoun? s con text to determine which candidate antecedents can fit the context", 
    "clean_text": "Dagan an dItai (1990) use the distribution of a pronoun's context to determine which candidate antecedents can fit the context.", 
    "keep_for_gold": 1
  }, 
  {
    "citance_No": 4, 
    "citing_paper_id": "P00-1022", 
    "citing_paper_authority": 8, 
    "citing_paper_authors": "Antonio, Ferrandez | Jesus, Peral", 
    "raw_text": "Dagan and Itai (1990), for example, developed a statistical approach for pronominal anaphora, but the information they used was simply the patterns obtained from the previous analysis of the text", 
    "clean_text": "Dagan and Itai (1990), for example, developed a statistical approach for pronominal anaphora, but the information they used was simply the patterns obtained from the previous analysis of the text.", 
    "keep_for_gold": 0
  }, 
  {
    "citance_No": 5, 
    "citing_paper_id": "P05-1021", 
    "citing_paper_authority": 14, 
    "citing_paper_authors": "Xiaofeng, Yang | Jian, Su | Chew Lim, Tan", 
    "raw_text": "Consider the example given in the work of Dagan and Itai (1990): (1) They know full well that companies held tax money aside for collection later on the basis that the government said it1 was going to collect it2", 
    "clean_text": "Consider the example given in the work of Dagan and Itai (1990): (1) They know full well that companies held tax money aside for collection later on the basis that the government said it was going to collect it2.", 
    "keep_for_gold": 0
  }, 
  {
    "citance_No": 6, 
    "citing_paper_id": "P05-1021", 
    "citing_paper_authority": 14, 
    "citing_paper_authors": "Xiaofeng, Yang | Jian, Su | Chew Lim, Tan", 
    "raw_text": "Dagan and Itai (1990 )proposeda heuristics-based approach to pronoun resolution", 
    "clean_text": "Dagan and Itai (1990 )proposed a heuristics-based approach to pronoun resolution.", 
    "keep_for_gold": 0
  }, 
  {
    "citance_No": 7, 
    "citing_paper_id": "S12-1002", 
    "citing_paper_authority": 0, 
    "citing_paper_authors": "Razvan C., Bunescu", 
    "raw_text": "One of the earliest methods for using predicate-argument frequencies in pronoun resolution is that of Dagan and Itai (1990)", 
    "clean_text": "One of the earliest methods for using predicate-argument frequencies in pronoun resolution is that of Dagan and Itai (1990).", 
    "keep_for_gold": 1
  }
]
