[
  {
    "citance_No": 1, 
    "citing_paper_id": "W03-0412", 
    "citing_paper_authority": 0, 
    "citing_paper_authors": "Xin, Li | Dan, Roth | Yuancheng, Tu", 
    "raw_text": "Our approach to QC follows that of (Li and Roth, 2002)", 
    "clean_text": "Our approach to QC follows that of (Li and Roth, 2002).", 
    "keep_for_gold": 0
  }, 
  {
    "citance_No": 2, 
    "citing_paper_id": "P14-3001", 
    "citing_paper_authority": 0, 
    "citing_paper_authors": "Daniel Emilio, Beck", 
    "raw_text": "We will use the TREC dataset provided by Li and Roth (2002), which assigns 6000 questions with both a coarse and a fine-grained label", 
    "clean_text": "We will use the TREC dataset provided by Li and Roth (2002), which assigns 6000 questions with both a coarse and a fine-grained label.", 
    "keep_for_gold": 0
  }, 
  {
    "citance_No": 3, 
    "citing_paper_id": "W11-2401", 
    "citing_paper_authority": 4, 
    "citing_paper_authors": "Detmar, Meurers | Ramon, Ziai | Niels, Ott | Janina, Kopp", 
    "raw_text": "This scheme is more suitable here than other common answer-typing schemata such as the one in Li and Roth (2002), which tend to focus on questions asking for factual knowledge", 
    "clean_text": "This scheme is more suitable here than other common answer-typing schemata such as the one in Li and Roth (2002), which tend to focus on questions asking for factual knowledge.", 
    "keep_for_gold": 0
  }, 
  {
    "citance_No": 4, 
    "citing_paper_id": "N07-1065", 
    "citing_paper_authority": 0, 
    "citing_paper_authors": "Christopher, Pinchak | Shane, Bergsma", 
    "raw_text": "This is important be cause while large sets of existing questions can be obtained (Li and Roth, 2002), there are many fewer questions with available answers. Our experiments demonstrate that how-question specific unit lists consistently achieve higher answer identification performance than fixed-type, general purpose answer typing (which propose all numerical entities as answer candidates)", 
    "clean_text": "This is important because while large sets of existing questions can be obtained (Li and Roth, 2002), there are many fewer questions with available answers. Our experiments demonstrate that how-question specific unit lists consistently achieve higher answer identification performance than fixed-type, general purpose answer typing (which propose all numerical entities as answer candidates).", 
    "keep_for_gold": 0
  }, 
  {
    "citance_No": 5, 
    "citing_paper_id": "N07-1065", 
    "citing_paper_authority": 0, 
    "citing_paper_authors": "Christopher, Pinchak | Shane, Bergsma", 
    "raw_text": "For example, Li and Roth (2002) assign one of fifty possible types to a question based on features present in the question", 
    "clean_text": "For example, Li and Roth (2002) assign one of fifty possible types to a question based on features present in the question.", 
    "keep_for_gold": 1
  }, 
  {
    "citance_No": 6, 
    "citing_paper_id": "W06-1906", 
    "citing_paper_authority": 1, 
    "citing_paper_authors": "Miguel Angel, Garcia Cumbreras | L. Alfonso, Urena-Lopez | Fernando, Martinez Santiago", 
    "raw_text": "(Li and Roth, 2002) propose a system based on SNoW", 
    "clean_text": "(Li and Roth, 2002) propose a system based on SNoW.", 
    "keep_for_gold": 0
  }, 
  {
    "citance_No": 7, 
    "citing_paper_id": "W06-1906", 
    "citing_paper_authority": 1, 
    "citing_paper_authors": "Miguel Angel, Garcia Cumbreras | L. Alfonso, Urena-Lopez | Fernando, Martinez Santiago", 
    "raw_text": "2LingPipe is a suite of Java tools designed to perform linguistic analysis on natural language data, available in http: //www.alias-i.com/lingpipe 3http: //trec.nist.gov EACL 2006 Workshop on Multilingual Question Answering MLQA06 41The same dataset has been used in other investigations, such as in (Li and Roth, 2002) .The distribution of these 5500 training questions, with respect to its interrogative pronoun or the initial word is showed in Table 1", 
    "clean_text": "The same dataset has been used in other investigations, such as in (Li and Roth, 2002). The distribution of these 5500 training questions, with respect to its interrogative pronoun or the initial word is showed in Table 1.", 
    "keep_for_gold": 0
  }, 
  {
    "citance_No": 8, 
    "citing_paper_id": "W06-1906", 
    "citing_paper_authority": 1, 
    "citing_paper_authors": "Miguel Angel, Garcia Cumbreras | L. Alfonso, Urena-Lopez | Fernando, Martinez Santiago", 
    "raw_text": "(Li and Roth, 2002) obtain a better performance for English, around a 92.5% in terms of accuracy", 
    "clean_text": "(Li and Roth, 2002) obtain a better performance for English, around a 92.5% in terms of accuracy.", 
    "keep_for_gold": 0
  }, 
  {
    "citance_No": 9, 
    "citing_paper_id": "W06-1906", 
    "citing_paper_authority": 1, 
    "citing_paper_authors": "Miguel Angel, Garcia Cumbreras | L. Alfonso, Urena-Lopez | Fernando, Martinez Santiago", 
    "raw_text": "are related to a person) .It could be also interested to test the combination between a better QC system, the current one by Li and Roths for instance (Li and Roth, 2002), and our machine translation method", 
    "clean_text": "It could be also interested to test the combination between a better QC system, the current one by Li and Roth's for instance (Li and Roth, 2002), and our machine translation method.", 
    "keep_for_gold": 0
  }, 
  {
    "citance_No": 10, 
    "citing_paper_id": "D09-1057", 
    "citing_paper_authority": 1, 
    "citing_paper_authors": "Zhiheng, Huang | Marcus, Thint | Asli, Celikyilmaz", 
    "raw_text": "Li and Roth (2002) have developed a machine learning approach which uses the SNoW learning architecture", 
    "clean_text": "Li and Roth (2002) have developed a machine learning approach which uses the SNoW learning architecture.", 
    "keep_for_gold": 1
  }, 
  {
    "citance_No": 11, 
    "citing_paper_id": "D09-1057", 
    "citing_paper_authority": 1, 
    "citing_paper_authors": "Zhiheng, Huang | Marcus, Thint | Asli, Celikyilmaz", 
    "raw_text": "Compared to the over feature size of 200? 000 in Li and Roth (2002), our feature space is much more compact, yet turned out to be more informative as suggested by the experiments", 
    "clean_text": "Compared to the over feature size of 200000 in Li and Roth (2002), our feature space is much more compact, yet turned out to be more informative as suggested by the experiments.", 
    "keep_for_gold": 0
  }, 
  {
    "citance_No": 12, 
    "citing_paper_id": "H05-1040", 
    "citing_paper_authority": 5, 
    "citing_paper_authors": "Vijay, Krishnan | Sujatha, Das | Soumen, Chakrabarti", 
    "raw_text": "With the increasing popularity of statistical NLP, Li and Roth (2002), Hacioglu and Ward (2003) and Zhang and Lee (2003) used supervised learning for question classification on a data set from UIUC that is now standard1", 
    "clean_text": "With the increasing popularity of statistical NLP, Li and Roth (2002), Hacioglu and Ward (2003) and Zhang and Lee (2003) used supervised learning for question classification on a data set from UIUC that is now standard1.", 
    "keep_for_gold": 0
  }, 
  {
    "citance_No": 13, 
    "citing_paper_id": "H05-1040", 
    "citing_paper_authority": 5, 
    "citing_paper_authors": "Vijay, Krishnan | Sujatha, Das | Soumen, Chakrabarti", 
    "raw_text": "Li and Roth (2002) used a Sparse Network of Winnows (SNoW) (Khardon et al, 1999)", 
    "clean_text": "Li and Roth (2002) used a Sparse Network of Winnows (SNoW) (Khardon et al, 1999).", 
    "keep_for_gold": 0
  }, 
  {
    "citance_No": 14, 
    "citing_paper_id": "H05-1040", 
    "citing_paper_authority": 5, 
    "citing_paper_authors": "Vijay, Krishnan | Sujatha, Das | Soumen, Chakrabarti", 
    "raw_text": "Our findings corroborate Li and Roth (2002), who report little benefit from adding head chunk features for the fine classification task", 
    "clean_text": "Our findings corroborate Li and Roth (2002), who report little benefit from adding head chunk features for the fine classification task.", 
    "keep_for_gold": 0
  }, 
  {
    "citance_No": 15, 
    "citing_paper_id": "P08-2029", 
    "citing_paper_authority": 8, 
    "citing_paper_authors": "Alessandro, Moschitti | Silvia, Quarteroni", 
    "raw_text": "in (Li and Roth, 2002) to our basic QA system, YourQA (Quarteroni and Manandhar, 2008) and by gathering the top 20 answer paragraphs.YourQA was run on two sources: Webdocuments by exploiting Google (code.google.com/apis/) and the AQUAINT data used for TREC? 07 (trec.nist.gov/data/qa) by exploiting Lucene (lucene.apache.org), yielding two different corpora: WEB-QA and TREC-QA", 
    "clean_text": "in (Li and Roth, 2002) to our basic QA system, YourQA (Quarteroni and Manandhar, 2008) and by gathering the top 20 answer paragraphs.", 
    "keep_for_gold": 0
  }, 
  {
    "citance_No": 16, 
    "citing_paper_id": "W09-0204", 
    "citing_paper_authority": 0, 
    "citing_paper_authors": "Lidan, Zhang | Kwok-Ping, Chan", 
    "raw_text": "In 3http: //search.cpan.org/dist/WordNet-Similarity 30 Accuracy (%) 1000 2000 3000 4000 5500 BOW 77.1 83.3 87.2 87.3 89.2 TK 80.2 86.2 87.4 88.6 91.2 LATK 80.4 86.5 87.5 88.8 91.6?= 1 WUP 81.3 87.3 88.0 89.8 92.5 RES 81.0 87.1 87.9 89.5 92.2 LIN 81.1 87.0 88.0 89.3 92.4 LSA (k= 50) 80.8 86.9 87.8 89.3 91.7 Table 5: Classification accuracy of different kernels on different data sets this paper we use the same dataset as introduced in (Li and Roth, 2002)", 
    "clean_text": "", 
    "keep_for_gold": 0
  }, 
  {
    "citance_No": 17, 
    "citing_paper_id": "D07-1002", 
    "citing_paper_authority": 31, 
    "citing_paper_authors": "Dan, Shen | Mirella, Lapata", 
    "raw_text": "Answer types are determined using classification rules similar to Li and Roth (2002)", 
    "clean_text": "Answer types are determined using classification rules similar to Li and Roth (2002).", 
    "keep_for_gold": 0
  }, 
  {
    "citance_No": 18, 
    "citing_paper_id": "P09-2082", 
    "citing_paper_authority": 2, 
    "citing_paper_authors": "Alexander, Mikhailian | Tiphaine, Dalmas | Rani, Pinchuk", 
    "raw_text": "Theclassification scheme we propose is based on one dynamic 1 ISO/IEC 13250:2003 ,http: //www.isotopicmaps.org/sam/ and one static layer, contrasting with previous work that uses static taxonomies (Li and Roth, 2002)", 
    "clean_text": "The classification scheme we propose is based on one dynamic 1 and one static layer, contrasting with previous work that uses static taxonomies (Li and Roth, 2002).", 
    "keep_for_gold": 0
  }, 
  {
    "citance_No": 19, 
    "citing_paper_id": "P09-2082", 
    "citing_paper_authority": 2, 
    "citing_paper_authors": "Alexander, Mikhailian | Tiphaine, Dalmas | Rani, Pinchuk", 
    "raw_text": "1500of those questions come from the Li& amp; Rothcor pus (Li and Roth, 2002), 500 questions were taken from the TREC-10 questions and 100 questions were asked over the Italian Opera topic map", 
    "clean_text": "1500 of those questions come from the Li and Roth corpus (Li and Roth, 2002), 500 questions were taken from the TREC-10 questions and 100 questions were asked over the Italian Opera topic map.", 
    "keep_for_gold": 0
  }, 
  {
    "citance_No": 20, 
    "citing_paper_id": "P09-2082", 
    "citing_paper_authority": 2, 
    "citing_paper_authors": "Alexander, Mikhailian | Tiphaine, Dalmas | Rani, Pinchuk", 
    "raw_text": "We followed Li& amp; Roth (Li and Roth, 2002) to implement the features for the EAT classifier", 
    "clean_text": "We followed Li and Roth (Li and Roth, 2002) to implement the features for the EAT classifier.", 
    "keep_for_gold": 0
  }
]
