[
  {
    "citance_No": 1, 
    "citing_paper_id": "C90-3063", 
    "citing_paper_authority": 28, 
    "citing_paper_authors": "Ido, Dagan | Alon, Itai", 
    "raw_text": "Consider, for exampie, the following sentence, taken from the Hansard corpus of the proceedings of the Canadian parliament [Brown et al 1988]: (1) They know full well that the companies held tax money aside for collection later on the b~sis that the government said it was going to collect it", 
    "clean_text": "Consider, for example, the following sentence, taken from the Hansard corpus of the proceedings of the Canadian parliament [Brown et al 1988]: (1) They know full well that the companies held tax money aside for collection later on the b~sis that the government said it was going to collect it.", 
    "keep_for_gold": 0
  }, 
  {
    "citance_No": 2, 
    "citing_paper_id": "W12-0209", 
    "citing_paper_authority": 0, 
    "citing_paper_authors": "Thomas, Mayer | Michael, Cysouw", 
    "raw_text": "Parallel corpora have received a lot of attention since the advent of statistical machine translation (Brown et al, 1988) where they serve as training material for the underlying alignment models", 
    "clean_text": "Parallel corpora have received a lot of attention since the advent of statistical machine translation (Brown et al, 1988) where they serve as training material for the underlying alignment models.", 
    "keep_for_gold": 0
  }, 
  {
    "citance_No": 3, 
    "citing_paper_id": "H05-1101", 
    "citing_paper_authority": 22, 
    "citing_paper_authors": "Giorgio, Satta | Enoch, Peserico", 
    "raw_text": "The most successful translation models that are found in the literature exploit finite-state machinery. The approach started with the so-called IBM models (Brown et al, 1988), implementing a set of elementary operations, such as movement, duplication and translation, that independently act on individual words in the source sentence", 
    "clean_text": "The most successful translation models that are found in the literature exploit finite-state machinery. The approach started with the so-called IBM models (Brown et al, 1988), implementing a set of elementary operations, such as movement, duplication and translation, that independently act on individual words in the source sentence.", 
    "keep_for_gold": 1
  }, 
  {
    "citance_No": 4, 
    "citing_paper_id": "P01-1067", 
    "citing_paper_authority": 183, 
    "citing_paper_authors": "Kenji, Yamada | Kevin, Knight", 
    "raw_text": "Developing a better TM is a fundamental issue for those applica tions. Researchers at IBM first described such a statistical TM in (Brown et al, 1988)", 
    "clean_text": "Developing a better TM is a fundamental issue for those applica tions. Researchers at IBM first described such a statistical TM in (Brown et al, 1988).", 
    "keep_for_gold": 0
  }, 
  {
    "citance_No": 5, 
    "citing_paper_id": "P98-1004", 
    "citing_paper_authority": 9, 
    "citing_paper_authors": "Lars, Ahrenberg | Mikael, Andersson | Magnus, Merkel", 
    "raw_text": "Most algorithms for bilingual word alignment o date have been based on the probabilistic translation models first proposed by Brown et al (1988, 1990), especially Model I and Model 2", 
    "clean_text": "Most algorithms for bilingual word alignment to date have been based on the probabilistic translation models first proposed by Brown et al (1988, 1990), especially Model I and Model 2.", 
    "keep_for_gold": 0
  }, 
  {
    "citance_No": 6, 
    "citing_paper_id": "P06-2037", 
    "citing_paper_authority": 0, 
    "citing_paper_authors": "Jes&uacute;s, Gim&eacute;nez | Llu&iacute;s, M&agrave;rquez", 
    "raw_text": "Brown et al (1988) suggested that MT can be statistically approximated to the transmission of information through a noisy channel", 
    "clean_text": "Brown et al (1988) suggested that MT can be statistically approximated to the transmission of information through a noisy channel.", 
    "keep_for_gold": 0
  }, 
  {
    "citance_No": 7, 
    "citing_paper_id": "W04-3225", 
    "citing_paper_authority": 14, 
    "citing_paper_authors": "Laurent, Nepveu | Guy, Lapalme | Philippe, Langlais | George, Foster", 
    "raw_text": "As mentioned above, the MDI2B model is closely related to the IBM2 model (Brown et al, 1988)", 
    "clean_text": "As mentioned above, the MDI2B model is closely related to the IBM2 model (Brown et al, 1988).", 
    "keep_for_gold": 0
  }, 
  {
    "citance_No": 8, 
    "citing_paper_id": "C94-1084", 
    "citing_paper_authority": 21, 
    "citing_paper_authors": "B&eacute;atrice, Daille | Eric, Gaussier | Jean-Marc, Lange", 
    "raw_text": "In the field of eomputationa.1 linguistics, mutual information [Brown et al, 1988],? 2 [Church and Hanks, 1990], or a likelihood ratio test [Dunning, 199a] are suggested", 
    "clean_text": "In the field of eomputationa.1 linguistics, mutual information [Brown et al, 1988],  2 [Church and Hanks, 1990], or a likelihood ratio test [Dunning, 199a] are suggested.", 
    "keep_for_gold": 0
  }, 
  {
    "citance_No": 9, 
    "citing_paper_id": "W03-0309", 
    "citing_paper_authority": 1, 
    "citing_paper_authors": "Bridget T., McInnes | Ted, Pedersen", 
    "raw_text": "In general a statistical machine translation system is composed of three components: a language model, a translation model, and a decoder (Brown et al, 1988) .The language model tells how probable a given sentence is in the source language, the translation model indicates how likely it is that a particular target sentence is a translation of a given source sentence, and the decoderis what actually takes a source sentence as input and produces its translation as output", 
    "clean_text": "In general a statistical machine translation system is composed of three components: a language model, a translation model, and a decoder (Brown et al, 1988). The language model tells how probable a given sentence is in the source language, the translation model indicates how likely it is that a particular target sentence is a translation of a given source sentence, and the decoder is what actually takes a source sentence as input and produces its translation as output.", 
    "keep_for_gold": 1
  }, 
  {
    "citance_No": 10, 
    "citing_paper_id": "W06-1654", 
    "citing_paper_authority": 0, 
    "citing_paper_authors": "James, Gorman | James R., Curran", 
    "raw_text": "This is the task of finding for a word in one language words of a similar meaning in a second language. The results of this can be used to aid manual con st ruction of resources or directly aid translation. This task was first approached as a distributional similarity-like problem by Brown et al (1988)", 
    "clean_text": "This is the task of finding for a word in one language words of a similar meaning in a second language. The results of this can be used to aid manual construction of resources or directly aid translation. This task was first approached as a distributional similarity-like problem by Brown et al (1988).", 
    "keep_for_gold": 0
  }
]
