[
  {
    "citance_No": 1, 
    "citing_paper_id": "P14-2124", 
    "citing_paper_authority": 0, 
    "citing_paper_authors": "Chi-kiu, Lo | Meriem, Beloucif | Markus, Saers | Dekai, Wu", 
    "raw_text": "Incontrast, Blatz et al (2004) introduced a sentence level QE system where an arbitrary threshold is used to classify the MT output as good or bad", 
    "clean_text": "In contrast, Blatz et al (2004) introduced a sentence level QE system where an arbitrary threshold is used to classify the MT output as good or bad.", 
    "keep_for_gold": 1
  }, 
  {
    "citance_No": 2, 
    "citing_paper_id": "P10-1064", 
    "citing_paper_authority": 12, 
    "citing_paper_authors": "Yifan, He | Yanjun, Ma | Josef, van Genabith | Andy, Way", 
    "raw_text": "The idea is explored more comprehensively in (Blatz et al, 2004)", 
    "clean_text": "The idea is explored more comprehensively in (Blatz et al, 2004).", 
    "keep_for_gold": 0
  }, 
  {
    "citance_No": 3, 
    "citing_paper_id": "W12-3121", 
    "citing_paper_authority": 1, 
    "citing_paper_authors": "Radu, Soricut | Sushant, Narsale", 
    "raw_text": "In this respect, the goal is more related to the area of confidence estimation for MT (Blatz et al, 2004)", 
    "clean_text": "In this respect, the goal is more related to the area of confidence estimation for MT (Blatz et al, 2004).", 
    "keep_for_gold": 0
  }, 
  {
    "citance_No": 4, 
    "citing_paper_id": "P10-2032", 
    "citing_paper_authority": 1, 
    "citing_paper_authors": "Jes&uacute;s, Gonz&aacute;lez-Rubio | Daniel, Ortiz-Mart&iacute;nez | Francisco, Casacuberta", 
    "raw_text": "We compute sentence CMs by combining the scores given by a word CM based on the IBM model 1 (Brown et al, 1993), similar to the one described in (Blatz et al, 2004)", 
    "clean_text": "We compute sentence CMs by combining the scores given by a word CM based on the IBM model 1 (Brown et al, 1993), similar to the one described in (Blatz et al, 2004).", 
    "keep_for_gold": 0
  }, 
  {
    "citance_No": 5, 
    "citing_paper_id": "P14-1081", 
    "citing_paper_authority": 0, 
    "citing_paper_authors": "Fei, Huang | Jian-ming, Xu | Abraham, Ittycheriah | Salim, Roukos", 
    "raw_text": "The work of (Blatz et al, 2004) is among the best known study of sentence and word level features for translation error prediction", 
    "clean_text": "The work of (Blatz et al, 2004) is among the best known study of sentence and word level features for translation error prediction.", 
    "keep_for_gold": 1
  }, 
  {
    "citance_No": 6, 
    "citing_paper_id": "D12-1118", 
    "citing_paper_authority": 2, 
    "citing_paper_authors": "He, He | Jordan, Boyd-Graber | Brianna, Satinoff | Hal, Daum&eacute; III", 
    "raw_text": "This resembles approaches that merge different classifiers (Riedel et al 2011) or attempt to estimate confidence of models (Blatz et al 2004)", 
    "clean_text": "This resembles approaches that merge different classifiers (Riedel et al 2011) or attempt to estimate confidence of models (Blatz et al 2004).", 
    "keep_for_gold": 0
  }, 
  {
    "citance_No": 7, 
    "citing_paper_id": "W12-3111", 
    "citing_paper_authority": 1, 
    "citing_paper_authors": "Jes&uacute;s, Gonz&aacute;lez-Rubio | Alberto, Sanchis | Francisco, Casacuberta", 
    "raw_text": "We used two different methods to combine subsequence features:? Average value of subsequence-level scores, as done in (Blatz et al, 2004)", 
    "clean_text": "We used two different methods to combine subsequence features: Average value of subsequence-level scores, as done in (Blatz et al, 2004).", 
    "keep_for_gold": 0
  }, 
  {
    "citance_No": 8, 
    "citing_paper_id": "W10-2916", 
    "citing_paper_authority": 0, 
    "citing_paper_authors": "Sankaranarayanan, Ananthakrishnan | Rohit, Prasad | David G., Stallard | Premkumar, Natarajan", 
    "raw_text": "To this end, we estimate a confidence score for each SMT hypothesis ,usinga discriminative classification framework reminiscent of Blatz et al (2004)", 
    "clean_text": "To this end, we estimate a confidence score for each SMT hypothesis, using a discriminative classification framework reminiscent of Blatz et al (2004).", 
    "keep_for_gold": 0
  }, 
  {
    "citance_No": 9, 
    "citing_paper_id": "P10-1063", 
    "citing_paper_authority": 23, 
    "citing_paper_authors": "Radu, Soricut | Abdessamad, Echihabi", 
    "raw_text": "A considerable amount of work has been done in the related area of confidence estimation for MT, for which Blatz et al (2004) provide a good overview", 
    "clean_text": "A considerable amount of work has been done in the related area of confidence estimation for MT, for which Blatz et al (2004) provide a good overview.", 
    "keep_for_gold": 0
  }, 
  {
    "citance_No": 10, 
    "citing_paper_id": "P10-1063", 
    "citing_paper_authority": 23, 
    "citing_paper_authors": "Radu, Soricut | Abdessamad, Echihabi", 
    "raw_text": "In contrast to most of the work on confidence estimation (Blatz et al, 2004), the features we use are not internal features of the MT system", 
    "clean_text": "In contrast to most of the work on confidence estimation (Blatz et al, 2004), the features we use are not internal features of the MT system.", 
    "keep_for_gold": 0
  }, 
  {
    "citance_No": 11, 
    "citing_paper_id": "P13-1004", 
    "citing_paper_authority": 11, 
    "citing_paper_authors": "Trevor, Cohn | Lucia, Specia", 
    "raw_text": "33 from automatic MT evaluation metrics (Blatz et al., 2004) such as BLEU (Papineni et al, 2002) at training time, it soon became clear that human labels result in significantly better models (Quirk, 2004)", 
    "clean_text": "33 from automatic MT evaluation metrics (Blatz et al., 2004) such as BLEU (Papineni et al, 2002) at training time, it soon became clear that human labels result in significantly better models (Quirk, 2004).", 
    "keep_for_gold": 0
  }, 
  {
    "citance_No": 12, 
    "citing_paper_id": "P09-1105", 
    "citing_paper_authority": 8, 
    "citing_paper_authors": "Fei, Huang", 
    "raw_text": "(Blatz et al, 2004) conducted extensive study incorporating various sentence-level and word-level features thru multi layer perceptron and naive Bayes algorithms for sentence and word confidence estimation", 
    "clean_text": "(Blatz et al, 2004) conducted extensive study incorporating various sentence-level and word-level features thru multi layer perceptron and naive Bayes algorithms for sentence and word confidence estimation.", 
    "keep_for_gold": 0
  }, 
  {
    "citance_No": 13, 
    "citing_paper_id": "W12-3110", 
    "citing_paper_authority": 4, 
    "citing_paper_authors": "Mariano, Felice | Lucia, Specia", 
    "raw_text": "Blatz et al (2004) attempted sentence-level assessment using a set of 91 features (from the SMT system input and translation texts) and automatic annotations such as NIST and WER", 
    "clean_text": "Blatz et al (2004) attempted sentence-level assessment using a set of 91 features (from the SMT system input and translation texts) and automatic annotations such as NIST and WER.", 
    "keep_for_gold": 0
  }, 
  {
    "citance_No": 14, 
    "citing_paper_id": "W08-2006", 
    "citing_paper_authority": 3, 
    "citing_paper_authors": "Delip, Rao | David, Yarowsky | Chris, Callison-Burch", 
    "raw_text": "Deriving lexical relatedness between terms has been a topic of interest with applications in word sense disambiguation (Patwardhan et al, 2005), paraphrasing (Kauchak and Barzilay, 2006), question answering (Prager et al, 2001), and machine translation (Blatz et al, 2004) to name a few", 
    "clean_text": "Deriving lexical relatedness between terms has been a topic of interest with applications in word sense disambiguation (Patwardhan et al, 2005), paraphrasing (Kauchak and Barzilay, 2006), question answering (Prager et al, 2001), and machine translation (Blatz et al, 2004) to name a few.", 
    "keep_for_gold": 0
  }, 
  {
    "citance_No": 15, 
    "citing_paper_id": "W11-2104", 
    "citing_paper_authority": 5, 
    "citing_paper_authors": "Eleftherios, Avramidis | Maja, Popovi&#x107; | David, Vilar | Aljoscha, Burchardt", 
    "raw_text": "Previous work (Blatzet al, 2004b; Ueffing and Ney, 2005) has used features based on word alignment, such as IBM Mod els, which would be a meaningful addition from this aspect", 
    "clean_text": "", 
    "keep_for_gold": 0
  }, 
  {
    "citance_No": 16, 
    "citing_paper_id": "W12-3109", 
    "citing_paper_authority": 1, 
    "citing_paper_authors": "Christian, Buck", 
    "raw_text": "The organizers have made available a baseline QE system that consists of a number of well established features (Blatz et al, 2004) and serves as a starting point for development", 
    "clean_text": "The organizers have made available a baseline QE system that consists of a number of well established features (Blatz et al, 2004) and serves as a starting point for development.", 
    "keep_for_gold": 0
  }, 
  {
    "citance_No": 17, 
    "citing_paper_id": "P11-1022", 
    "citing_paper_authority": 14, 
    "citing_paper_authors": "Nguyen, Bach | Fei, Huang | Yaser, Al-Onaizan", 
    "raw_text": "Blatz et al (2004) only investigated source n gram frequency statistics and source language model features, while other work mainly focused on target side features", 
    "clean_text": "Blatz et al (2004) only investigated source n gram frequency statistics and source language model features, while other work mainly focused on target side features.", 
    "keep_for_gold": 0
  }
]
