[
  {
    "citance_No": 1, 
    "citing_paper_id": "P09-1076", 
    "citing_paper_authority": 5, 
    "citing_paper_authors": "Bonnie Lynn, Webber", 
    "raw_text": "In any case, this aspect of readability may be worth further investigation (Pitler and Nenkova, 2008)", 
    "clean_text": "In any case, this aspect of readability may be worth further investigation (Pitler and Nenkova, 2008).", 
    "keep_for_gold": 0
  }, 
  {
    "citance_No": 2, 
    "citing_paper_id": "N10-3002", 
    "citing_paper_authority": 0, 
    "citing_paper_authors": "Ravikiran, Vadlapudi | Rahul, Katragadda", 
    "raw_text": "In another related work, (Pitler and Nenkova, 2008) investigated the impact of certain surface linguistic features, syntactic, entity coherence and discourse features on the readability of Wall Street Journal (WSJ) Corpus", 
    "clean_text": "In another related work, (Pitler and Nenkova, 2008) investigated the impact of certain surface linguistic features, syntactic, entity coherence and discourse features on the readability of Wall Street Journal (WSJ) Corpus.", 
    "keep_for_gold": 0
  }, 
  {
    "citance_No": 3, 
    "citing_paper_id": "N10-3002", 
    "citing_paper_authority": 0, 
    "citing_paper_authors": "Ravikiran, Vadlapudi | Rahul, Katragadda", 
    "raw_text": "We use the syntactic features used in (Pitler and Nenkova, 2008) as baselines for our experiments on grammaticality in this paper", 
    "clean_text": "We use the syntactic features used in (Pitler and Nenkova, 2008) as baselines for our experiments on grammaticality in this paper.", 
    "keep_for_gold": 0
  }, 
  {
    "citance_No": 4, 
    "citing_paper_id": "C10-1062", 
    "citing_paper_authority": 5, 
    "citing_paper_authors": "Rohit J., Kate | Xiaoqiang, Luo | Siddharth, Patwardhan | Martin, Franz | Radu, Florian | Raymond J., Mooney | Salim, Roukos | Chris, Welty", 
    "raw_text": "In addition to language models, Heilman et al (2007) and Schwarm and Ostendorf (2005) also use some syntactic features to estimate the grade level of texts. Pitler and Nenkova (2008) consider a different task of predicting text quality for an educated adult audience", 
    "clean_text": "Pitler and Nenkova (2008) consider a different task of predicting text quality for an educated adult audience.", 
    "keep_for_gold": 0
  }, 
  {
    "citance_No": 5, 
    "citing_paper_id": "W10-1001", 
    "citing_paper_authority": 12, 
    "citing_paper_authors": "Sandra, Alu&iacute;sio | Lucia, Specia | Caroline, Gasperin | Carolina, Scarton", 
    "raw_text": "Pitler and Nenkova (2008) propose a unified framework composed of vocabulary, syntactic, elements of lexical cohesion, entity coherence and discourse relations to measure text quality, which resembles the composition of rubrics in the area of essay scoring (Burstein et al, 2003)", 
    "clean_text": "Pitler and Nenkova (2008) propose a unified framework composed of vocabulary, syntactic, elements of lexical cohesion, entity coherence and discourse relations to measure text quality, which resembles the composition of rubrics in the area of essay scoring (Burstein et al, 2003).", 
    "keep_for_gold": 1
  }, 
  {
    "citance_No": 6, 
    "citing_paper_id": "W11-2308", 
    "citing_paper_authority": 8, 
    "citing_paper_authors": "Felice, Dell'Orletta | Simonetta, Montemagni | Giulia, Venturi", 
    "raw_text": "The last few years have been characterised by approaches based on the com bi nation of features ranging over different linguistic levels, namely lexical, syntactic and discourse (see e.g. Pitler and Nenkova (2008), Kate (2010)) .Another important factor determining the typology of features to be considered for assessing read ability has to do with the intended audience of readers: it is commonly agreed that reading ease does not follow from intrinsic text properties alone, but it is also affected by the expected audience. Among the studies addressing readability with respect to specific audiences, it is worth mentioning here: Schwarm and Ostendorf (2005) and Heilman et al (2007) dealing with language learners, or Feng (2009 )focussing on people with mild intellectual disabilities", 
    "clean_text": "", 
    "keep_for_gold": 0
  }, 
  {
    "citance_No": 7, 
    "citing_paper_id": "W11-2308", 
    "citing_paper_authority": 8, 
    "citing_paper_authors": "Felice, Dell'Orletta | Simonetta, Montemagni | Giulia, Venturi", 
    "raw_text": "Feng (2009) propose a set of cognitively motivated features operating at the discourse level specifically addressing the cognitive characteristics of the expected users. When readability is targeted towards adult competent language users a more prominent role is played by discourse features (Pitler and Nenkova, 2008)", 
    "clean_text": "When readability is targeted towards adult competent language users a more prominent role is played by discourse features (Pitler and Nenkova, 2008).", 
    "keep_for_gold": 1
  }, 
  {
    "citance_No": 8, 
    "citing_paper_id": "W11-2308", 
    "citing_paper_authority": 8, 
    "citing_paper_authors": "Felice, Dell'Orletta | Simonetta, Montemagni | Giulia, Venturi", 
    "raw_text": "This feature has already been shown to be a reliable indicator for automatic readability assessment (see, for example, Pitler and Nenkova (2008) and Aluisio et al (2010))", 
    "clean_text": "", 
    "keep_for_gold": 0
  }, 
  {
    "citance_No": 9, 
    "citing_paper_id": "C10-2032", 
    "citing_paper_authority": 11, 
    "citing_paper_authors": "Lijun, Feng | Martin, Jansche | Matt, Huenerfauth | No&eacute;mie, Elhadad", 
    "raw_text": "Pitler and Nenkova (2008) used the Penn Discourse Treebank (Prasad et al, 2008) to examine discourse relations", 
    "clean_text": "Pitler and Nenkova (2008) used the Penn Discourse Treebank (Prasad et al, 2008) to examine discourse relations.", 
    "keep_for_gold": 0
  }, 
  {
    "citance_No": 10, 
    "citing_paper_id": "C10-2032", 
    "citing_paper_authority": 11, 
    "citing_paper_authors": "Lijun, Feng | Martin, Jansche | Matt, Huenerfauth | No&eacute;mie, Elhadad", 
    "raw_text": "Pitler and Nenkova (2008) used the same features to evaluate how well a text is written", 
    "clean_text": "Pitler and Nenkova (2008) used the same features to evaluate how well a text is written.", 
    "keep_for_gold": 0
  }, 
  {
    "citance_No": 11, 
    "citing_paper_id": "C10-2032", 
    "citing_paper_authority": 11, 
    "citing_paper_authors": "Lijun, Feng | Martin, Jansche | Matt, Huenerfauth | No&eacute;mie, Elhadad", 
    "raw_text": "This approach was subsequently pursued by Pitler and Nenkova (2008) in their readability study", 
    "clean_text": "This approach was subsequently pursued by Pitler and Nenkova (2008) in their readability study.", 
    "keep_for_gold": 0
  }, 
  {
    "citance_No": 12, 
    "citing_paper_id": "W11-1417", 
    "citing_paper_authority": 1, 
    "citing_paper_authors": "Arthur, Ward | Diane J., Litman | Maxine, Eskenazi", 
    "raw_text": "(Pitler and Nenkova, 2008)), measuring stylistic differences in text (Mccarthy et al, 2006), and for topic segmentation in tutorial dialog (Olney and Cai, 2005)", 
    "clean_text": "Measures of cohesion have also been used in a variety of NLP tasks such as measuring text readability (e.g. (Pitler and Nenkova, 2008)), measuring stylistic differences in text (Mccarthy et al, 2006), and for topic segmentation in tutorial dialog (Olney and Cai, 2005).", 
    "keep_for_gold": 0
  }, 
  {
    "citance_No": 13, 
    "citing_paper_id": "E09-1017", 
    "citing_paper_authority": 5, 
    "citing_paper_authors": "Jieun, Chae | Ani, Nenkova", 
    "raw_text": "But will the models conveniently trained on data from MT evaluation be at all capable to identify sentences in human-written text that are not fluent and are difficult to under stand? To answer this question, we performed an additional experiment on 30 Wall Street Journal articles from the Penn Treebank that were previously used in experiments for assessing overall text quality (Pitler and Nenkova, 2008)", 
    "clean_text": "To answer this question, we performed an additional experiment on Wall Street Journal articles from the Penn Treebank that were previously used in experiments for assessing overall text quality (Pitler and Nenkova, 2008).", 
    "keep_for_gold": 0
  }, 
  {
    "citance_No": 14, 
    "citing_paper_id": "E09-1017", 
    "citing_paper_authority": 5, 
    "citing_paper_authors": "Jieun, Chae | Ani, Nenkova", 
    "raw_text": "Five annotators had previously assess the overall text quality of each article on a scale from 1 to 5 (Pitler and Nenkova, 2008)", 
    "clean_text": "Five annotators had previously assess the overall text quality of each article on a scale from 1 to 5 (Pitler and Nenkova, 2008).", 
    "keep_for_gold": 1
  }, 
  {
    "citance_No": 15, 
    "citing_paper_id": "E09-1017", 
    "citing_paper_authority": 5, 
    "citing_paper_authors": "Jieun, Chae | Ani, Nenkova", 
    "raw_text": "Dis course apects and language model features that have been extensively studied in prior work are in deed much more indicative of overall text quality (Pitler and Nenkova, 2008)", 
    "clean_text": "Discourse apects and language model features that have been extensively studied in prior work are indeed much more indicative of overall text quality (Pitler and Nenkova, 2008).", 
    "keep_for_gold": 0
  }, 
  {
    "citance_No": 16, 
    "citing_paper_id": "W11-1415", 
    "citing_paper_authority": 0, 
    "citing_paper_authors": "Philip, van Oosten | V&eacute;ronique, Hoste", 
    "raw_text": "Pitler and Nenkova (2008) and Kate et al (2010), for example, average out results collected from different readers", 
    "clean_text": "Pitler and Nenkova (2008) and Kate et al (2010), for example, average out results collected from different readers.", 
    "keep_for_gold": 0
  }, 
  {
    "citance_No": 17, 
    "citing_paper_id": "W12-2206", 
    "citing_paper_authority": 0, 
    "citing_paper_authors": "Ke, Tran Manh | Sara, Tonelli | Emanuele, Pianta", 
    "raw_text": "Nevertheless, recent works in the NLP community investigating the impact of entity grids (Barzilay and Lapata, 2008) or of discourse relations (Pitler and Nenkova, 2008) on text coherence and readability go in the same direction as research onCoh-Metrix, in that they aim at identifying the linguistic features that best express readability at syn tactic, semantic and discourse level", 
    "clean_text": "Nevertheless, recent works in the NLP community investigating the impact of entity grids (Barzilay and Lapata, 2008) or of discourse relations (Pitler and Nenkova, 2008) on text coherence and readability go in the same direction as research on Coh-Metrix, in that they aim at identifying the linguistic features that best express readability at syntactic, semantic and discourse level.", 
    "keep_for_gold": 0
  }, 
  {
    "citance_No": 18, 
    "citing_paper_id": "D12-1139", 
    "citing_paper_authority": 2, 
    "citing_paper_authors": "Ritwik, Banerjee | Song, Feng | Yejin, Choi", 
    "raw_text": "Syntactic features from PCFG parse trees have also been used for gender attribution (Sarawgi et al 2011), genre identification (Stamatatos et al 2000), native language identification (Wong and Dras, 2011) and readability assessment (Pitler and Nenkova, 2008)", 
    "clean_text": "Syntactic features from PCFG parse trees have also been used for gender attribution (Sarawgi et al 2011), genre identification (Stamatatos et al 2000), native language identification (Wong and Dras, 2011) and readability assessment (Pitler and Nenkova, 2008).", 
    "keep_for_gold": 0
  }, 
  {
    "citance_No": 19, 
    "citing_paper_id": "N12-2010", 
    "citing_paper_authority": 1, 
    "citing_paper_authors": "Annie, Louis", 
    "raw_text": "These methods identify regularities in words (Barzilay and Lee, 2004), entity co reference (Barzi lay and Lapata, 2008) and discourse relations (Pitlerand Nenkova, 2008) from a large collection of articles and use these patterns to predict the coherence", 
    "clean_text": "These methods identify regularities in words (Barzilay and Lee, 2004), entity coreference (Barzi lay and Lapata, 2008) and discourse relations (Pitler and Nenkova, 2008) from a large collection of articles and use these patterns to predict the coherence.", 
    "keep_for_gold": 0
  }, 
  {
    "citance_No": 20, 
    "citing_paper_id": "W12-2207", 
    "citing_paper_authority": 0, 
    "citing_paper_authors": "Thomas, Fran&ccedil;ois | Eleni, Miltsakaki", 
    "raw_text": "An exception to this trendis the work of Pitler and Nenkova (2008) who reported non-significant correlation for the mean number of words per sentence (r= 0.1637, p= 0.3874) and the mean number of characters per word (r=? 0.0859, p= 0.6519)", 
    "clean_text": "An exception to this trend is the work of Pitler and Nenkova (2008) who reported non-significant correlation for the mean number of words per sentence (r= 0.1637, p= 0.3874) and the mean number of characters per word (r= 0.0859, p= 0.6519).", 
    "keep_for_gold": 1
  }
]
