[
  {
    "citance_No": 1, 
    "citing_paper_id": "W05-1512", 
    "citing_paper_authority": 5, 
    "citing_paper_authors": "Detlef, Prescher", 
    "raw_text": "For parsing, we mapped all unknown words to unknown word symbols, and applied the Viterbi algorithm as implemented in Schmid (2004), exploiting its ability to deal with highly-ambiguous grammars", 
    "clean_text": "For parsing, we mapped all unknown words to unknown word symbols, and applied the Viterbi algorithm as implemented in Schmid (2004), exploiting its ability to deal with highly-ambiguous grammars.", 
    "keep_for_gold": 1
  }, 
  {
    "citance_No": 2, 
    "citing_paper_id": "P13-1080", 
    "citing_paper_authority": 0, 
    "citing_paper_authors": "Fabienne, Braune | Nina, Seemann | Daniel, Quernheim | Andreas, Maletti", 
    "raw_text": "The starred results are statistically significant improvements over the Baseline (at confidence p &lt; 0.05) .English side of the bilingual data was parsed using the Charniak parser of Charniak and Johnson (2005), and the German side was parsed using BitPar (Schmid, 2004) without the function and morphological annotations", 
    "clean_text": "The starred results are statistically significant improvements over the Baseline (at confidence p > 0.05). English side of the bilingual data was parsed using the Charniak parser of Charniak and Johnson (2005), and the German side was parsed using BitPar (Schmid, 2004) without the function and morphological annotations.", 
    "keep_for_gold": 0
  }, 
  {
    "citance_No": 3, 
    "citing_paper_id": "E12-1068", 
    "citing_paper_authority": 11, 
    "citing_paper_authors": "Fabienne, Cap | Alexander, Fraser | Marion, Weller | Aoife, Cahill", 
    "raw_text": "The key linguistic knowledge sources that we use are morphological analysis and generation of German based on SMOR, a morphological ana lyzer/generator of German (Schmid et al 2004) and the BitPar parser, which is a state-of-the-art parser of German (Schmid, 2004)", 
    "clean_text": "The key linguistic knowledge sources that we use are morphological analysis and generation of German based on SMOR, a morphological analyzer/generator of German (Schmid et al 2004) and the BitPar parser, which is a state-of-the-art parser of German (Schmid, 2004).", 
    "keep_for_gold": 0
  }, 
  {
    "citance_No": 4, 
    "citing_paper_id": "C08-1025", 
    "citing_paper_authority": 2, 
    "citing_paper_authors": "Tejaswini, Deoskar", 
    "raw_text": "the re-estimated model c iand the smoothed tree4We use a frequency-based notation because we use out of-the-box software Bitpar (Schmid, 2004) which implements inside-outside estimation? Bitpar reads in frequency models and converts them to relative frequency models", 
    "clean_text": "We use a frequency-based notation because we use out of-the-box software Bitpar (Schmid, 2004) which implements inside-outside estimation Bitpar reads in frequency models and converts them to relative frequency models.", 
    "keep_for_gold": 0
  }, 
  {
    "citance_No": 5, 
    "citing_paper_id": "C08-1025", 
    "citing_paper_authority": 2, 
    "citing_paper_authors": "Tejaswini, Deoskar", 
    "raw_text": "The re estimation was carried out using Bitpar (Schmid,2004) for inside-outside estimation", 
    "clean_text": "The reestimation was carried out using Bitpar (Schmid,2004) for inside-outside estimation.", 
    "keep_for_gold": 0
  }, 
  {
    "citance_No": 6, 
    "citing_paper_id": "D07-1058", 
    "citing_paper_authority": 8, 
    "citing_paper_authors": "Willem, Zuidema", 
    "raw_text": "For our parsing results we use BitPar, a fast and freely available general PCFG parser (Schmid, 2004)", 
    "clean_text": "For our parsing results we use BitPar, a fast and freely available general PCFG parser (Schmid, 2004).", 
    "keep_for_gold": 0
  }, 
  {
    "citance_No": 7, 
    "citing_paper_id": "W09-0212", 
    "citing_paper_authority": 4, 
    "citing_paper_authors": "Beate, Dorow | Florian, Laws | Lukas, Michelbacher | Christian, Scheible | Jason, Utt", 
    "raw_text": "The German V-O pairs were extracted from a syntactic analysis of the HGC carried out using the BitPar parser (Schmid, 2004) .We used only V-O pairs because they cons ti tute far more sense-discriminative contexts than, for example, verb-subject pairs, but we plan to examine these and other grammatical relationships in future work", 
    "clean_text": "The German V-O pairs were extracted from a syntactic analysis of the HGC carried out using the BitPar parser (Schmid, 2004). We used only V-O pairs because they cons ti tute far more sense-discriminative contexts than, for example, verb-subject pairs, but we plan to examine these and other grammatical relationships in future work.", 
    "keep_for_gold": 0
  }, 
  {
    "citance_No": 8, 
    "citing_paper_id": "W06-2905", 
    "citing_paper_authority": 2, 
    "citing_paper_authors": "Willem, Zuidema", 
    "raw_text": "An existing SCFG parser (Schmid, 2004) was then used, with a simple unknown word heuristic, to generate the Viterbi n-best parses with n= 100, and, after removing the address labels, all equal parses and their probabilities were summed, and the one with highest probability chosen", 
    "clean_text": "An existing SCFG parser (Schmid, 2004) was then used, with a simple unknown word heuristic, to generate the Viterbi n-best parses with n= 100, and, after removing the address labels, all equal parses and their probabilities were summed, and the one with highest probability chosen.", 
    "keep_for_gold": 0
  }, 
  {
    "citance_No": 9, 
    "citing_paper_id": "D08-1018", 
    "citing_paper_authority": 5, 
    "citing_paper_authors": "Xinying, Song | Shilin, Ding | Chin-Yew, Lin", 
    "raw_text": "Compactbinarization (Schmid, 2004) tries to minimize the size of the binarized grammar", 
    "clean_text": "Compact binarization (Schmid, 2004) tries to minimize the size of the binarized grammar.", 
    "keep_for_gold": 0
  }, 
  {
    "citance_No": 10, 
    "citing_paper_id": "D08-1018", 
    "citing_paper_authority": 5, 
    "citing_paper_authors": "Xinying, Song | Shilin, Ding | Chin-Yew, Lin", 
    "raw_text": "Compactbinarization was introduced in Schmid (2004), based on the intuition that a more compact grammar will help acheive ahighly efficient CKY parser, though from our experiment it is not always true", 
    "clean_text": "Compact binarization was introduced in Schmid (2004), based on the intuition that a more compact grammar will help achieve a highly efficient CKY parser, though from our experiment it is not always true.", 
    "keep_for_gold": 0
  }, 
  {
    "citance_No": 11, 
    "citing_paper_id": "D09-1088", 
    "citing_paper_authority": 3, 
    "citing_paper_authors": "Reut, Tsarfaty | Khalil, Sima'an | Remko J. H., Scha", 
    "raw_text": "We use a general-purpose CKY parser (Schmid, 2004) to exhaustively parse the sentences, and we strip off all model-specific information prior to evaluation", 
    "clean_text": "We use a general-purpose CKY parser (Schmid, 2004) to exhaustively parse the sentences, and we strip off all model-specific information prior to evaluation.", 
    "keep_for_gold": 0
  }, 
  {
    "citance_No": 12, 
    "citing_paper_id": "P08-1043", 
    "citing_paper_authority": 26, 
    "citing_paper_authors": "Yoav, Goldberg | Reut, Tsarfaty", 
    "raw_text": "Thisanalyzer setting is similar to that of (Cohen and Smith, 2007), and models using it are denoted nohsp, Parser and Grammar We used BitPar (Schmid, 2004), an efficient general purpose parser,10 together with various tree bank grammars to parse the input sentences and propose compatible morphological segmentation and syntactic analysis. We experimented with increasingly rich gram mars read off of the tree bank", 
    "clean_text": "This analyzer setting is similar to that of (Cohen and Smith, 2007), and models using it are denoted nohsp, Parser and Grammar We used BitPar (Schmid, 2004), an efficient general purpose parser,10 together with various tree bank grammars to parse the input sentences and propose compatible morphological segmentation and syntactic analysis. We experimented with increasingly rich grammars read off of the tree bank.", 
    "keep_for_gold": 0
  }, 
  {
    "citance_No": 13, 
    "citing_paper_id": "N10-1113", 
    "citing_paper_authority": 0, 
    "citing_paper_authors": "Florian, Schwarck | Alexander, Fraser | Hinrich, Sch&uuml;tze", 
    "raw_text": "We also present a re ranking of the N -best parses produced by BitPar (Schmid, 2004), a state of the art statistical parser (bottom of the graphic)", 
    "clean_text": "", 
    "keep_for_gold": 0
  }, 
  {
    "citance_No": 14, 
    "citing_paper_id": "W10-1825", 
    "citing_paper_authority": 0, 
    "citing_paper_authors": "Christian, Chiarcos | Kerstin, Eckart | Julia, Ritz", 
    "raw_text": "BitPar (Schmid, 2006) is a probabilistic context free parser using bit-vector operations (Schmid, 2004)", 
    "clean_text": "BitPar (Schmid, 2006) is a probabilistic context free parser using bit-vector operations (Schmid, 2004).", 
    "keep_for_gold": 0
  }, 
  {
    "citance_No": 15, 
    "citing_paper_id": "D07-1066", 
    "citing_paper_authority": 15, 
    "citing_paper_authors": "Ines, Rehbein | Josef, van Genabith", 
    "raw_text": "For Experiment II we trained BitPar (Schmid, 2004), a parser for highly ambiguous PCFG grammars ,onthe two tree banks", 
    "clean_text": "For Experiment II we trained BitPar (Schmid, 2004), a parser for highly ambiguous PCFG grammars, on the two tree banks.", 
    "keep_for_gold": 0
  }, 
  {
    "citance_No": 16, 
    "citing_paper_id": "W06-2935", 
    "citing_paper_authority": 2, 
    "citing_paper_authors": "Michael, Schiehlen | Kristina, Spranger", 
    "raw_text": "BitPar (Schmid, 2004)", 
    "clean_text": "", 
    "keep_for_gold": 0
  }, 
  {
    "citance_No": 17, 
    "citing_paper_id": "E12-1054", 
    "citing_paper_authority": 3, 
    "citing_paper_authors": "Torsten, Zesch", 
    "raw_text": "The remaining sentences are part-of speech tagged and lemmatized using TreeTagger (Schmid, 2004)", 
    "clean_text": "The remaining sentences are part-of speech tagged and lemmatized using TreeTagger (Schmid, 2004).", 
    "keep_for_gold": 0
  }, 
  {
    "citance_No": 18, 
    "citing_paper_id": "W12-2036", 
    "citing_paper_authority": 0, 
    "citing_paper_authors": "Jens, Haase | Torsten, Zesch", 
    "raw_text": "Wetokenize and sentence split the data with the default DKProsegmenter, and then use TreeTagger (Schmid, 2004) to POS-tag and chunk the sentences", 
    "clean_text": "We tokenize and sentence split the data with the default DKProsegmenter, and then use TreeTagger (Schmid, 2004) to POS-tag and chunk the sentences.", 
    "keep_for_gold": 0
  }, 
  {
    "citance_No": 19, 
    "citing_paper_id": "P06-1023", 
    "citing_paper_authority": 8, 
    "citing_paper_authors": "Helmut, Schmid", 
    "raw_text": "In our experiments, we used the BitParparser (Schmid, 2004) and a PCFG which was extracted from a version of the PENN tree bank that was automatically annotated with features in the style of (Klein and Manning, 2003)", 
    "clean_text": "In our experiments, we used the BitParparser (Schmid, 2004) and a PCFG which was extracted from a version of the PENN tree bank that was automatically annotated with features in the style of (Klein and Manning, 2003).", 
    "keep_for_gold": 0
  }, 
  {
    "citance_No": 20, 
    "citing_paper_id": "C10-2070", 
    "citing_paper_authority": 4, 
    "citing_paper_authors": "Florian, Laws | Lukas, Michelbacher | Beate, Dorow | Christian, Scheible | Ulrich, Heid | Hinrich, Sch&uuml;tze", 
    "raw_text": "We parse all German and English articles with BitPar (Schmid, 2004) to extract verb-argument relations", 
    "clean_text": "We parse all German and English articles with BitPar (Schmid, 2004) to extract verb-argument relations.", 
    "keep_for_gold": 0
  }
]
