[
  {
    "citance_No": 1, 
    "citing_paper_id": "W96-0401", 
    "citing_paper_authority": 13, 
    "citing_paper_authors": "Leo, Wanner | Eduard, Hovy", 
    "raw_text": "Following [Rambow and Korelsky, 1992], we call this additional planning task sentence planning (even though some operations may cross sentence boundaries)", 
    "clean_text": "Following [Rambow and Korelsky, 1992], we call this additional planning task sentence planning (even though some operations may cross sentence boundaries).", 
    "keep_for_gold": 0
  }, 
  {
    "citance_No": 2, 
    "citing_paper_id": "P01-1038", 
    "citing_paper_authority": 1, 
    "citing_paper_authors": "Daniel, Hardt | Owen, Rambow", 
    "raw_text": "Tasks in the generation process have been divided into three stages (Rambow and Korelsky,1992): the text planner has access only to information about communicative goals, the dis course context, and semantics, and generates a non-linguistic representation of text structure and content", 
    "clean_text": "Tasks in the generation process have been divided into three stages (Rambow and Korelsky,1992): the text planner has access only to information about communicative goals, the dis course context, and semantics, and generates a non-linguistic representation of text structure and content.", 
    "keep_for_gold": 1
  }, 
  {
    "citance_No": 3, 
    "citing_paper_id": "W98-1406", 
    "citing_paper_authority": 3, 
    "citing_paper_authors": "Stephen, Beale | Sergei, Nirenburg | Evelyne, Viegas | Leo, Wanner", 
    "raw_text": "This paper addresses the area of text generation known as micro planning [Levelt1989, Panaget1994, Huang and Fiedler1996], or sentence planning [Rambow and Korelsky1992]; [Wanner and Hovy1996]", 
    "clean_text": "This paper addresses the area of text generation known as micro planning [Levelt 1989, Panaget 1994, Huang and Fiedler 1996], or sentence planning [Rambow and Korelsky 1992].", 
    "keep_for_gold": 0
  }, 
  {
    "citance_No": 4, 
    "citing_paper_id": "A00-1009", 
    "citing_paper_authority": 5, 
    "citing_paper_authors": "Benoit, Lavoie | Richard, Kittredge | Tanya, Korelsky | Owen, Rambow", 
    "raw_text": "with Other Systems The framework represents a generalization of several predecessor NLG systems based on Meaning-Text Theory: FoG (Kittredge and Polgu~re, 1991), LFS (Iordanskaja et al, 1992), and JOYCE (Rambow and Korelsky, 1992)", 
    "clean_text": "The framework represents a generalization of several predecessor NLG systems based on Meaning-Text Theory: FoG (Kittredge and Polgu~re, 1991), LFS (Iordanskaja et al, 1992), and JOYCE (Rambow and Korelsky, 1992).", 
    "keep_for_gold": 0
  }, 
  {
    "citance_No": 5, 
    "citing_paper_id": "P01-1056", 
    "citing_paper_authority": 6, 
    "citing_paper_authors": "Owen, Rambow | Monica, Rogati | Marilyn A., Walker", 
    "raw_text": "Furthermore, maintenance of the collection of templates becomes a software engineering problem as the complexity of the dialog system increases.1The second approach is natural language generation (NLG), which customarily divides the generation process into three modules (Rambowand Korelsky, 1992): (1) Text Planning, (2) Sentence Planning, and (3) Surface Realization", 
    "clean_text": "The second approach is natural language generation (NLG), which customarily divides the generation process into three modules (Rambow and Korelsky, 1992): (1) Text Planning, (2) Sentence Planning, and (3) Surface Realization.", 
    "keep_for_gold": 0
  }
]
