[
  {
    "citance_No": 1, 
    "citing_paper_id": "W97-1314", 
    "citing_paper_authority": 2, 
    "citing_paper_authors": "Andrei, Popescu-Belis | Isabelle, Robba", 
    "raw_text": "But (Kennedy and Boguraev, 1996a) show that the lappin and Leass algorithm still provides good results (75%) even without complete parse", 
    "clean_text": "But (Kennedy and Boguraev, 1996a) show that the Lappin and Leass algorithm still provides good results (75%) even without complete parse.", 
    "keep_for_gold": 0
  }, 
  {
    "citance_No": 2, 
    "citing_paper_id": "W97-1314", 
    "citing_paper_authority": 2, 
    "citing_paper_authors": "Andrei, Popescu-Belis | Isabelle, Robba", 
    "raw_text": "They suggest also (Kennedy and Boguraev, 1996b) that anaphora resolution is part of the discourse referents resolution", 
    "clean_text": "They suggest also (Kennedy and Boguraev, 1996b) that anaphora resolution is part of the discourse referents resolution.", 
    "keep_for_gold": 1
  }, 
  {
    "citance_No": 3, 
    "citing_paper_id": "W10-2707", 
    "citing_paper_authority": 0, 
    "citing_paper_authors": "Stephen G., Pulman | Johan, Boye | Marc, Cavazza | Cameron, Smith | Ra&uacute;l, Santos de la C&aacute;mara", 
    "raw_text": "This module is based partly on the system described by Kennedy and Boguraev 1996, with the various weighting factors based on theirs, but designed so that the weights can be trained given appropriate data", 
    "clean_text": "This module is based partly on the system described by Kennedy and Boguraev 1996, with the various weighting factors based on theirs, but designed so that the weights can be trained given appropriate data.", 
    "keep_for_gold": 0
  }, 
  {
    "citance_No": 4, 
    "citing_paper_id": "P01-1006", 
    "citing_paper_authority": 3, 
    "citing_paper_authors": "Catalina, Barbu | Ruslan, Mitkov", 
    "raw_text": "2In addition, Dagan and Itai (1991) undertook additional pre-editing such as the removal of sentences for which the parser failed to produce a reasonable parse, cases where the antecedent was not an NP etc.; Kennedy and Boguraev (1996) manually removed 30 occurrences of pleonastic pronouns (which could not be recognised by their pleonastic recogniser) as well as 6 occurrences of it which referred to a VP or prepositional constituent", 
    "clean_text": "In addition, Dagan and Itai (1991) undertook additional pre-editing such as the removal of sentences for which the parser failed to produce a reasonable parse, cases where the antecedent was not an NP etc.; Kennedy and Boguraev (1996) manually removed 30 occurrences of pleonastic pronouns (which could not be recognised by their pleonastic recogniser) as well as 6 occurrences of it which referred to a VP or prepositional constituent.", 
    "keep_for_gold": 0
  }, 
  {
    "citance_No": 5, 
    "citing_paper_id": "P01-1006", 
    "citing_paper_authority": 3, 
    "citing_paper_authors": "Catalina, Barbu | Ruslan, Mitkov", 
    "raw_text": "Kennedy and Boguraev (1996), for example, need additional information about whether a certain discourse referent is embedded or not, plus a pointer to the COREF class associated to the referent, while Mitkov? s approach needs a score associated to each noun phrase", 
    "clean_text": "Kennedy and Boguraev (1996), for example, need additional information about whether a certain discourse referent is embedded or not, plus a pointer to the COREF class associated to the referent, while Mitkov's approach needs a score associated to each noun phrase.", 
    "keep_for_gold": 0
  }, 
  {
    "citance_No": 6, 
    "citing_paper_id": "P01-1006", 
    "citing_paper_authority": 3, 
    "citing_paper_authors": "Catalina, Barbu | Ruslan, Mitkov", 
    "raw_text": "RAP (Kennedy and Boguraev, 1996), Baldwin? s pronoun resolution method (Baldwin, 1997) and Mitkov? s knowledge-poor pronoun resolution approach (Mitkov, 1998b)", 
    "clean_text": "RAP (Kennedy and Boguraev, 1996), Baldwin's pronoun resolution method (Baldwin, 1997) and Mitkov's knowledge-poor pronoun resolution approach (Mitkov, 1998b).", 
    "keep_for_gold": 0
  }, 
  {
    "citance_No": 7, 
    "citing_paper_id": "P01-1006", 
    "citing_paper_authority": 3, 
    "citing_paper_authors": "Catalina, Barbu | Ruslan, Mitkov", 
    "raw_text": "pronouns, referential distance, average number of candidates for antecedent per pronoun and types of anaphors.7 As expected, the results reported in Table 1 do not match the original results published by Kennedy and Boguraev (1996), Baldwin (1997) and Mitkov (1998b) where the algorithms were tested on different data, employed different pre-processing tools, resorted to different degrees of manual intervention and thus provided no common ground for any reliable comparison", 
    "clean_text": "As expected, the results reported in Table 1 do not match the original results published by Kennedy and Boguraev (1996), Baldwin (1997) and Mitkov (1998b) where the algorithms were tested on different data, employed different pre-processing tools, resorted to different degrees of manual intervention and thus provided no common ground for any reliable comparison.", 
    "keep_for_gold": 0
  }, 
  {
    "citance_No": 8, 
    "citing_paper_id": "P98-1064", 
    "citing_paper_authority": 7, 
    "citing_paper_authors": "Antonio, Ferrandez | Manuel, Palomar | Lidia, Moreno", 
    "raw_text": "In Kennedy and Boguraev (1996) it is proposed an algorithm for anaphor resolution which is a modified and extended version of that developed by Lappin and Leass (1994)", 
    "clean_text": "In Kennedy and Boguraev (1996) it is proposed an algorithm for anaphor resolution which is a modified and extended version of that developed by Lappin and Leass (1994).", 
    "keep_for_gold": 0
  }, 
  {
    "citance_No": 9, 
    "citing_paper_id": "P98-1064", 
    "citing_paper_authority": 7, 
    "citing_paper_authors": "Antonio, Ferrandez | Manuel, Palomar | Lidia, Moreno", 
    "raw_text": "Our framework will allow us a similar approach to that of Kennedy and Boguraev (1996), but we will automatically get syntactic information from partial parsing", 
    "clean_text": "Our framework will allow us a similar approach to that of Kennedy and Boguraev (1996), but we will automatically get syntactic information from partial parsing.", 
    "keep_for_gold": 0
  }, 
  {
    "citance_No": 10, 
    "citing_paper_id": "P98-1064", 
    "citing_paper_authority": 7, 
    "citing_paper_authors": "Antonio, Ferrandez | Manuel, Palomar | Lidia, Moreno", 
    "raw_text": "The grammar in Figure 4 will only parse coordinated prepositional phrases (pp), coordinated noun phrases (np), pronouns (p), conjunctions (conj) and verbs (verb) in whatever order that they appear in the text and it will allow us to work in a similar way that the algorithm mentioned in Kennedy and Boguraev (1996)", 
    "clean_text": "The grammar in Figure 4 will only parse coordinated prepositional phrases (pp), coordinated noun phrases (np), pronouns (p), conjunctions (conj) and verbs (verb) in whatever order that they appear in the text and it will allow us to work in a similar way that the algorithm mentioned in Kennedy and Boguraev (1996).", 
    "keep_for_gold": 0
  }, 
  {
    "citance_No": 11, 
    "citing_paper_id": "P98-1064", 
    "citing_paper_authority": 7, 
    "citing_paper_authors": "Antonio, Ferrandez | Manuel, Palomar | Lidia, Moreno", 
    "raw_text": "improved the accuracy (83%) in pronominal references to the work of Kennedy and Boguraev (1996) (75%), but we have also improved that approach since we automatically 7 It is obvious that we will probably need more", 
    "clean_text": "improved the accuracy (83%) in pronominal references to the work of Kennedy and Boguraev (1996) (75%), but we have also improved that approach since we automatically.", 
    "keep_for_gold": 0
  }, 
  {
    "citance_No": 12, 
    "citing_paper_id": "C00-1012", 
    "citing_paper_authority": 1, 
    "citing_paper_authors": "Branimir K., Boguraev | Mary S., Neff", 
    "raw_text": "It presupposes fine grained methods for the identification of cohesive ties 76 between (sentence) units in a text; describing the computational basis for developing such methods is outside of the scope of this paper (howeveb see (Kennedy and Boguraev, 1996), (Fellbaum, 1999), (Kelleb 1994)), as is the complete framework for lexical cohesion analysis we have developed", 
    "clean_text": "It presupposes fine grained methods for the identification of cohesive ties 76 between (sentence) units in a text; describing the computational basis for developing such methods is outside of the scope of this paper (howeveb see (Kennedy and Boguraev, 1996), (Fellbaum, 1999), (Kelleb 1994)), as is the complete framework for lexical cohesion analysis we have developed.", 
    "keep_for_gold": 0
  }, 
  {
    "citance_No": 13, 
    "citing_paper_id": "P00-1022", 
    "citing_paper_authority": 8, 
    "citing_paper_authors": "Antonio, Ferrandez | Jesus, Peral", 
    "raw_text": "More recently, Kennedy and Boguraev (1996) propose an algorithm for anaphora resolution that is actually a modified and extended version of the one developed by Lappin and Leass (1994)", 
    "clean_text": "More recently, Kennedy and Boguraev (1996) propose an algorithm for anaphora resolution that is actually a modified and extended version of the one developed by Lappin and Leass (1994).", 
    "keep_for_gold": 0
  }, 
  {
    "citance_No": 14, 
    "citing_paper_id": "N04-1037", 
    "citing_paper_authority": 16, 
    "citing_paper_authors": "Andrew, Kehler | Douglas E., Appelt | Lara, Taylor | Aleksandr, Simma", 
    "raw_text": "L& amp; L demonstrated with a system called RAP that a (manually-tuned) weight-based scheme for integrating pronoun interpretation preferences can achieve high performance on real data, in their case, 86% accuracy on a corpus of computer training manuals.1 Dagan et al (1995) then developed a post pro cessor based on predicate-argument statistics that was used to override RAP? s decision when it failed to express a clear preference between two or more antecedents, which resulted in a modest rise in per 1Kennedy and Boguraev (1996, henceforth, K& amp; B) adapted L& amp; L? s algorithm to rely on far less syntactic analysis (noun phrase identification and rudimentary grammatical role marking), with performance in the 75% range on mixed genres", 
    "clean_text": "L&L demonstrated with a system called RAP that a (manually-tuned) weight-based scheme for integrating pronoun interpretation preferences can achieve high performance on real data, in their case, 86% accuracy on a corpus of computer training manuals. Dagan et al (1995) then developed a post processor based on predicate-argument statistics that was used to override RAP's decision when it failed to express a clear preference between two or more antecedents, which resulted in a modest rise in per Kennedy and Boguraev (1996, henceforth, K&B) adapted L&L's algorithm to rely on far less syntactic analysis (noun phrase identification and rudimentary grammatical role marking), with performance in the 75% range on mixed genres.", 
    "keep_for_gold": 0
  }, 
  {
    "citance_No": 15, 
    "citing_paper_id": "W97-1307", 
    "citing_paper_authority": 17, 
    "citing_paper_authors": "Megumi, Kameyama", 
    "raw_text": "Kennedy and Boguraev (1996) then report a 75% accuracy for an algorithm that approximates Lappin and Leass &apos; s with more robust and coarse-grained syntactic input", 
    "clean_text": "Kennedy and Boguraev (1996) then report a 75% accuracy for an algorithm that approximates Lappin and Leass's with more robust and coarse-grained syntactic input.", 
    "keep_for_gold": 0
  }, 
  {
    "citance_No": 16, 
    "citing_paper_id": "W97-1307", 
    "citing_paper_authority": 17, 
    "citing_paper_authors": "Megumi, Kameyama", 
    "raw_text": "Part of the pronoun resolution performance here enables a preliminary comparison with the results reported in (1) Lappin and Leass (1994) and (2) Kennedy and Boguraev (1996)", 
    "clean_text": "Part of the pronoun resolution performance here enables a preliminary comparison with the results reported in (1) Lappin and Leass (1994) and (2) Kennedy and Boguraev (1996).", 
    "keep_for_gold": 0
  }, 
  {
    "citance_No": 17, 
    "citing_paper_id": "W97-1307", 
    "citing_paper_authority": 17, 
    "citing_paper_authors": "Megumi, Kameyama", 
    "raw_text": "preferred candidate antecedents Kennedy and Boguraev (1996) approximated the above components with a poorer syntactic input, which is an output of a part-of-speech tagger with grammatical function information, plus NPs recognized by finite-state patterns and NPs &apos; adjunct and subordination contexts recognized by heuristics", 
    "clean_text": "preferred candidate antecedents Kennedy and Boguraev (1996) approximated the above components with a poorer syntactic input, which is an output of a part-of-speech tagger with grammatical function information, plus NPs recognized by finite-state patterns and NPs &apos; adjunct and subordination contexts recognized by heuristics.", 
    "keep_for_gold": 0
  }, 
  {
    "citance_No": 18, 
    "citing_paper_id": "W05-0612", 
    "citing_paper_authority": 11, 
    "citing_paper_authors": "Colin, Cherry | Shane, Bergsma", 
    "raw_text": "For example, we anticipate that sentences with quotation marks will be problematic, as other researchers have observed that quoted text requires special handling for pronoun resolution (Kennedy and Boguraev, 1996)", 
    "clean_text": "For example, we anticipate that sentences with quotation marks will be problematic, as other researchers have observed that quoted text requires special handling for pronoun resolution (Kennedy and Boguraev, 1996).", 
    "keep_for_gold": 0
  }, 
  {
    "citance_No": 19, 
    "citing_paper_id": "D09-1102", 
    "citing_paper_authority": 4, 
    "citing_paper_authors": "Guodong, Zhou | Fang, Kong", 
    "raw_text": "For the heuristic rule-based approaches, Paice and Husk (1987), Lappin and Leass (1994), Kennedy and Boguraev (1996), Denber (1998), and Cherry and Bergsma (2005) looked for particular constructions using certain trigger words to identify pleonastic pronouns while Vieira and Poesio (2000) recognized non-anaphoric definite NPs through the use of syntactic cues and case sensitive rules and found that nearly 50% of definite NPs are non-anaphoric", 
    "clean_text": "", 
    "keep_for_gold": 0
  }, 
  {
    "citance_No": 20, 
    "citing_paper_id": "N09-1065", 
    "citing_paper_authority": 8, 
    "citing_paper_authors": "Vincent, Ng", 
    "raw_text": "Research in the first category aims to identify specific types of non anaphoric phrases, with some identifying pleonas tic it (using heuristics [e.g., Paice and Husk (1987), Lappin and Leass (1994), Kennedy and Boguraev (1996)], supervised approaches [e.g., Evans (2001), Mu ?ller (2006), Versley et al (2008)], and distributional methods [e.g., Bergsma et al (2008)]), and others identifying non-anaphoric definite descriptions (using rule-based techniques [e.g., Vieira and Poesio (2000)] and unsupervised techniques [e.g., Bean and Riloff (1999)]) .On the other hand, research in the second category focuses on (1) determining the anaphoricityof all types of mentions, and (2) using the resulting anaphoricity information to improve co reference resolution", 
    "clean_text": "", 
    "keep_for_gold": 0
  }
]
