[
  {
    "citance_No": 1, 
    "citing_paper_id": "D11-1050", 
    "citing_paper_authority": 2, 
    "citing_paper_authors": "Matthias, Hartung | Anette, Frank", 
    "raw_text": "Compositionality of adjective-noun phrases and how it can be adequately modeled in VSMs is the main concern in Baroni and Zamparelli (2010) and Guevara (2010), who are in search of the best composition operator for combining adjective with noun meanings", 
    "clean_text": "Compositionality of adjective-noun phrases and how it can be adequately modeled in VSMs is the main concern in Baroni and Zamparelli (2010) and Guevara (2010), who are in search of the best composition operator for combining adjective with noun meanings.", 
    "keep_for_gold": 0
  }, 
  {
    "citance_No": 2, 
    "citing_paper_id": "W11-1301", 
    "citing_paper_authority": 3, 
    "citing_paper_authors": "Eva Maria, Vecchi | Marco, Baroni | Roberto, Zamparelli", 
    "raw_text": "We evaluate four different com positionality models shown to have various levels of success in representing the meaning of AN pairs: the simple additive and multiplicative models of Mitchell and Lapata (2008), and the linear-map-based models of Guevara (2010) and Baroni and Zamparelli (2010)", 
    "clean_text": "We evaluate four different compositionality models shown to have various levels of success in representing the meaning of AN pairs: the simple additive and multiplicative models of Mitchell and Lapata (2008), and the linear-map-based models of Guevara (2010) and Baroni and Zamparelli (2010).", 
    "keep_for_gold": 0
  }, 
  {
    "citance_No": 3, 
    "citing_paper_id": "W11-1301", 
    "citing_paper_authority": 3, 
    "citing_paper_authors": "Eva Maria, Vecchi | Marco, Baroni | Roberto, Zamparelli", 
    "raw_text": "The final approach we re-implement is the one proposed by Baroni and Zamparelli (2010), who treat attributive adjectives as functions from noun meanings to noun meanings", 
    "clean_text": "The final approach we re-implement is the one proposed by Baroni and Zamparelli (2010), who treat attributive adjectives as functions from noun meanings to noun meanings.", 
    "keep_for_gold": 0
  }, 
  {
    "citance_No": 4, 
    "citing_paper_id": "W11-1301", 
    "citing_paper_authority": 3, 
    "citing_paper_authors": "Eva Maria, Vecchi | Marco, Baroni | Roberto, Zamparelli", 
    "raw_text": "Baroni and Zamparelli (2010) show that their model significantly outperforms other vector composition methods, including addition, multiplication and Guevara? s approach ,inthe task of approximating the correct vectors for previously unseen (but corpus-attested) ANs", 
    "clean_text": "Baroni and Zamparelli (2010) show that their model significantly outperforms other vector composition methods, including addition, multiplication and Guevara's approach, in the task of approximating the correct vectors for previously unseen (but corpus-attested) ANs.", 
    "keep_for_gold": 0
  }, 
  {
    "citance_No": 5, 
    "citing_paper_id": "W11-1301", 
    "citing_paper_authority": 3, 
    "citing_paper_authors": "Eva Maria, Vecchi | Marco, Baroni | Roberto, Zamparelli", 
    "raw_text": "Note that they follow very closely the procedure of Baroni and Zamparelli (2010), including choices of source corpus and parameter values, so that we expect their results on the quality of the various models in predicting ANs to also hold for our re-implementations", 
    "clean_text": "Note that they follow very closely the procedure of Baroni and Zamparelli (2010), including choices of source corpus and parameter values, so that we expect their results on the quality of the various models in predicting ANs to also hold for our re-implementations.", 
    "keep_for_gold": 0
  }, 
  {
    "citance_No": 6, 
    "citing_paper_id": "W11-1301", 
    "citing_paper_authority": 3, 
    "citing_paper_authors": "Eva Maria, Vecchi | Marco, Baroni | Roberto, Zamparelli", 
    "raw_text": "Confirming the results of Baroni and Zamparelli (2010), non-normalized versions of add and mult were also tested, but did not produce significant results (in the case of multiplication, normalization amounts to multiplying the composite vector by a scalar, so it only affects the length-dependent vector length measure)", 
    "clean_text": "Confirming the results of Baroni and Zamparelli (2010), non-normalized versions of add and mult were also tested, but did not produce significant results (in the case of multiplication, normalization amounts to multiplying the composite vector by a scalar, so it only affects the length-dependent vector length measure).", 
    "keep_for_gold": 0
  }, 
  {
    "citance_No": 7, 
    "citing_paper_id": "W11-1301", 
    "citing_paper_authority": 3, 
    "citing_paper_authors": "Eva Maria, Vecchi | Marco, Baroni | Roberto, Zamparelli", 
    "raw_text": "It is important to note that, as reported in Baroni and Zamparelli (2010), the mult method canbe expected to perform better in the original, non reduced semantic space because the SVD dimensions can have negative values, leading to counter intuitive results with component-wise multiplication (multiplying large opposite-sign values results in large negative values instead of being cancelled out)", 
    "clean_text": "It is important to note that, as reported in Baroni and Zamparelli (2010), the mult method can be expected to perform better in the original, non reduced semantic space because the SVD dimensions can have negative values, leading to counter intuitive results with component-wise multiplication (multiplying large opposite-sign values results in large negative values instead of being cancelled out).", 
    "keep_for_gold": 1
  }, 
  {
    "citance_No": 8, 
    "citing_paper_id": "W11-1301", 
    "citing_paper_authority": 3, 
    "citing_paper_authors": "Eva Maria, Vecchi | Marco, Baroni | Roberto, Zamparelli", 
    "raw_text": "Following Guevara ,weestimate the coefficients of the equation using (multivariate) partial least squares regression (PLSR) as implemented in the Rpls package (MevikandWehrens, 2007), with the latent dimension parameter of PLSR set to 50, the same value used by Baroni and Zamparelli (2010)", 
    "clean_text": "Following Guevara, we estimate the coefficients of the equation using (multivariate) partial least squares regression (PLSR) as implemented in the Rpls package (MevikandWehrens, 2007), with the latent dimension parameter of PLSR set to 50, the same value used by Baroni and Zamparelli (2010).", 
    "keep_for_gold": 0
  }, 
  {
    "citance_No": 9, 
    "citing_paper_id": "W11-1301", 
    "citing_paper_authority": 3, 
    "citing_paper_authors": "Eva Maria, Vecchi | Marco, Baroni | Roberto, Zamparelli", 
    "raw_text": "Finally, in the adjective-specific linear map (alm) method of Baroni and Zamparelli (2010), an AN is generated by multiplying an adjective weight matrix with a noun vector", 
    "clean_text": "Finally, in the adjective-specific linear map (alm) method of Baroni and Zamparelli (2010), an AN is generated by multiplying an adjective weight matrix with a noun vector.", 
    "keep_for_gold": 0
  }, 
  {
    "citance_No": 10, 
    "citing_paper_id": "W11-1301", 
    "citing_paper_authority": 3, 
    "citing_paper_authors": "Eva Maria, Vecchi | Marco, Baroni | Roberto, Zamparelli", 
    "raw_text": "In Baroni and Zamparelli (2010), the alm model performed far better than add and mult in approximating the correct vectors for unseen ANs, while on this (in a sense, more meta linguistic) task add and mult work better, while alm is successful only in the more sophisticated measure of neighbor density. The lack of significant results for the cosine measure is disappointing, but not entirely surprising", 
    "clean_text": "In Baroni and Zamparelli (2010), the alm model performed far better than add and mult in approximating the correct vectors for unseen ANs, while on this (in a sense, more meta linguistic) task add and mult work better, while alm is successful only in the more sophisticated measure of neighbor density.", 
    "keep_for_gold": 1
  }, 
  {
    "citance_No": 11, 
    "citing_paper_id": "W11-1301", 
    "citing_paper_authority": 3, 
    "citing_paper_authors": "Eva Maria, Vecchi | Marco, Baroni | Roberto, Zamparelli", 
    "raw_text": "Al though, somewhat disappointingly, the model that has been shown in a previous study (BaroniandZamparelli, 2010) to be the best at capturing these mantics of well-formed ANs turns out to be worse than simple addition and multiplication", 
    "clean_text": "Although, somewhat disappointingly, the model that has been shown in a previous study (Baroni and Zamparelli, 2010) to be the best at capturing the semantics of well-formed ANs turns out to be worse than simple addition and multiplication.", 
    "keep_for_gold": 0
  }, 
  {
    "citance_No": 12, 
    "citing_paper_id": "D11-1016", 
    "citing_paper_authority": 14, 
    "citing_paper_authors": "Ainur, Yessenalina | Claire, Cardie", 
    "raw_text": "In particular, Baroni and Zamparelli (2010) tackle adjective-noun compositions using a vector representation for nouns and learning a matrix representation for each adjective", 
    "clean_text": "In particular, Baroni and Zamparelli (2010) tackle adjective-noun compositions using a vector representation for nouns and learning a matrix representation for each adjective.", 
    "keep_for_gold": 0
  }, 
  {
    "citance_No": 13, 
    "citing_paper_id": "D11-1016", 
    "citing_paper_authority": 14, 
    "citing_paper_authors": "Ainur, Yessenalina | Claire, Cardie", 
    "raw_text": "Work by Baroni and Zamparelli (2010) models nouns as vectors in some semantic space and adjectives as matrices", 
    "clean_text": "Work by Baroni and Zamparelli (2010) models nouns as vectors in some semantic space and adjectives as matrices.", 
    "keep_for_gold": 0
  }, 
  {
    "citance_No": 14, 
    "citing_paper_id": "E12-1004", 
    "citing_paper_authority": 9, 
    "citing_paper_authors": "Ngoc-Quynh, Do | Chung-chieh, Shan | Marco, Baroni | Raffaella, Bernardi", 
    "raw_text": "Baroni and Zamparelli (2010) and Guevara (2010) look at corpus-harvested phrase vectors to learn composition functions that should derive such composite vectors automatically", 
    "clean_text": "Baroni and Zamparelli (2010) and Guevara (2010) look at corpus-harvested phrase vectors to learn composition functions that should derive such composite vectors automatically.", 
    "keep_for_gold": 0
  }, 
  {
    "citance_No": 15, 
    "citing_paper_id": "W11-2506", 
    "citing_paper_authority": 0, 
    "citing_paper_authors": "Matthias, Hartung | Anette, Frank", 
    "raw_text": "Baroni and Zamparelli (2010) and Guevara (2010) focus on how best to represent compositionality in adjective-noun phrases considering different types of composition operators", 
    "clean_text": "Baroni and Zamparelli (2010) and Guevara (2010) focus on how best to represent compositionality in adjective-noun phrases considering different types of composition operators.", 
    "keep_for_gold": 0
  }, 
  {
    "citance_No": 16, 
    "citing_paper_id": "D12-1110", 
    "citing_paper_authority": 79, 
    "citing_paper_authors": "Brody, Huval | Richard, Socher | Christopher D., Manning | Andrew Y., Ng", 
    "raw_text": "Baroni and Zamparelli (2010) computed the parent vector of adjective-noun pairs by p= Ab, where A is an adjective matrix and b is a vector for a noun", 
    "clean_text": "Baroni and Zamparelli (2010) computed the parent vector of adjective-noun pairs by p= Ab, where A is an adjective matrix and b is a vector for a noun.", 
    "keep_for_gold": 0
  }, 
  {
    "citance_No": 17, 
    "citing_paper_id": "S12-1011", 
    "citing_paper_authority": 0, 
    "citing_paper_authors": "Karl Moritz, Hermann | Chris, Dyer | Stephen G., Pulman | Philip, Blunsom", 
    "raw_text": "Se ?aghdha (2010), who evaluates several topic models adapted to learning selectional preference using co-occurence and Baroni and Zamparelli (2010), who represent nouns as vectors and adjectives as matrices, thus treating them as functions over noun meaning", 
    "clean_text": "Relevant papers include O Seaghdha (2010), who evaluates several topic models adapted to learning selectional preference using co-occurence and Baroni and Zamparelli (2010), who represent nouns as vectors and adjectives as matrices, thus treating them as functions over noun meaning.", 
    "keep_for_gold": 0
  }, 
  {
    "citance_No": 18, 
    "citing_paper_id": "D12-1112", 
    "citing_paper_authority": 3, 
    "citing_paper_authors": "Louise, McNally | Miquel, Cornudella | Gemma, Boleda | Eva Maria, Vecchi", 
    "raw_text": "The model by Baroni and Zamparelli (2010) emerges as a suitable model of adjectival composition, while multiplication and addition shed mixed results. The paper is structured as follows", 
    "clean_text": "The model by Baroni and Zamparelli (2010) emerges as a suitable model of adjectival composition, while multiplication and addition shed mixed results.", 
    "keep_for_gold": 0
  }, 
  {
    "citance_No": 19, 
    "citing_paper_id": "D12-1112", 
    "citing_paper_authority": 3, 
    "citing_paper_authors": "Louise, McNally | Miquel, Cornudella | Gemma, Boleda | Eva Maria, Vecchi", 
    "raw_text": "Interestingly, recent approaches to the semantic composition of adjectives with nouns such as Baroni and Zamparelli (2010) and Guevara (2010) draw onthe classical analysis of adjectives within the Montagovian tradition of formal semantic theory (Montague, 1974), on which they are treated as higher order predicates, and model adjectives as matrices of weights that are applied to noun vectors", 
    "clean_text": "Interestingly, recent approaches to the semantic composition of adjectives with nouns such as Baroni and Zamparelli (2010) and Guevara (2010) draw on the classical analysis of adjectives within the Montagovian tradition of formal semantic theory (Montague, 1974), on which they are treated as higher order predicates, and model adjectives as matrices of weights that are applied to noun vectors.", 
    "keep_for_gold": 0
  }, 
  {
    "citance_No": 20, 
    "citing_paper_id": "D12-1112", 
    "citing_paper_authority": 3, 
    "citing_paper_authors": "Louise, McNally | Miquel, Cornudella | Gemma, Boleda | Eva Maria, Vecchi", 
    "raw_text": "The matrix is estimated using a random sample of 2.5K adjective-noun-AN tuples.5 In the adjective-specific linear map (alm) model, proposed by Baroni and Zamparelli (2010), a different matrix B is learnt for each adjective", 
    "clean_text": "In the adjective-specific linear map (alm) model, proposed by Baroni and Zamparelli (2010), a different matrix B is learnt for each adjective.", 
    "keep_for_gold": 0
  }
]
