[
  {
    "citance_No": 1, 
    "citing_paper_id": "P09-1107", 
    "citing_paper_authority": 5, 
    "citing_paper_authors": "Chi-Ho, Li | Xiaodong, He | Yupeng, Liu | Ning, Xi", 
    "raw_text": "Translation Edit Rate (TER, Snover et al (2006)) based alignment proposed in Sim et al (2007) is often taken as the baseline ,anda couple of other approaches, such as the Indirect Hidden Markov Model (IHMM, He et al (2008)) and the ITG-based alignment (Karakosetal", 
    "clean_text": "Translation Edit Rate (TER, Snover et al (2006)) based alignment proposed in Sim et al (2007) is often taken as the baseline, and a couple of other approaches, such as the Indirect Hidden Markov Model (IHMM, He et al (2008)) and the ITG-based alignment (Karakos et al. (2008)), were recently proposed with better results reported.", 
    "keep_for_gold": 0
  }, 
  {
    "citance_No": 2, 
    "citing_paper_id": "P09-1107", 
    "citing_paper_authority": 5, 
    "citing_paper_authors": "Chi-Ho, Li | Xiaodong, He | Yupeng, Liu | Ning, Xi", 
    "raw_text": "Our incremental alignment approaches adopt the same heuristics for alignment normalization stated in He et al (2008)", 
    "clean_text": "Our incremental alignment approaches adopt the same heuristics for alignment normalization stated in He et al (2008).", 
    "keep_for_gold": 0
  }, 
  {
    "citance_No": 3, 
    "citing_paper_id": "P09-1107", 
    "citing_paper_authority": 5, 
    "citing_paper_authors": "Chi-Ho, Li | Xiaodong, He | Yupeng, Liu | Ning, Xi", 
    "raw_text": "The various parameters in the IHMM model are set as the optimal values found in He et al (2008)", 
    "clean_text": "The various parameters in the IHMM model are set as the optimal values found in He et al (2008).", 
    "keep_for_gold": 0
  }, 
  {
    "citance_No": 4, 
    "citing_paper_id": "P09-1107", 
    "citing_paper_authority": 5, 
    "citing_paper_authors": "Chi-Ho, Li | Xiaodong, He | Yupeng, Liu | Ning, Xi", 
    "raw_text": "The comparison between the two pair-wise alignment methods shows that IHMM gives a 0.7 BLEU point gain over TER, which is a bit smaller than the difference reported in He et al (2008)", 
    "clean_text": "The comparison between the two pair-wise alignment methods shows that IHMM gives a 0.7 BLEU point gain over TER, which is a bit smaller than the difference reported in He et al (2008).", 
    "keep_for_gold": 0
  }, 
  {
    "citance_No": 5, 
    "citing_paper_id": "D09-1125", 
    "citing_paper_authority": 6, 
    "citing_paper_authors": "Xiaodong, He | Kristina, Toutanova", 
    "raw_text": "Several models have been used for pair-wise alignment, starting with TER and proceeding with more sophisticated techniques such as HMM models, ITG, and IHMM (Rosti et. al 2007a, Matusov et al2008, Krakos et al 2008, He et al 2008)", 
    "clean_text": "", 
    "keep_for_gold": 0
  }, 
  {
    "citance_No": 6, 
    "citing_paper_id": "D09-1125", 
    "citing_paper_authority": 6, 
    "citing_paper_authors": "Xiaodong, He | Kristina, Toutanova", 
    "raw_text": "To compute scores for word pairs, we perform pair-wise hypothesis alignment using the indirect HMM (He et al 2008) for every pair of input hypotheses", 
    "clean_text": "To compute scores for word pairs, we perform pair-wise hypothesis alignment using the indirect HMM (He et al 2008) for every pair of input hypotheses.", 
    "keep_for_gold": 0
  }, 
  {
    "citance_No": 7, 
    "citing_paper_id": "D09-1125", 
    "citing_paper_authority": 6, 
    "citing_paper_authors": "Xiaodong, He | Kristina, Toutanova", 
    "raw_text": "The baselines include a pair-wise hypothesis alignment approach using the indirect HMM (IHMM) proposed by He et al (2008), and an incremental hypothesis alignment approach using the incremental HMM (IncHMM) proposed by Li et al (2009)", 
    "clean_text": "The baselines include a pair-wise hypothesis alignment approach using the indirect HMM (IHMM) proposed by He et al (2008), and an incremental hypothesis alignment approach using the incremental HMM (IncHMM) proposed by Li et al (2009).", 
    "keep_for_gold": 0
  }, 
  {
    "citance_No": 8, 
    "citing_paper_id": "P09-1106", 
    "citing_paper_authority": 1, 
    "citing_paper_authors": "Boxing, Chen | Min, Zhang | Haizhou, Li | Aiti, Aw", 
    "raw_text": "He et al (2008) proposed an IHMM-based word alignment method which the parameters are estimated indirectly from a variety of sources", 
    "clean_text": "He et al (2008) proposed an IHMM-based word alignment method which the parameters are estimated indirectly from a variety of sources.", 
    "keep_for_gold": 0
  }, 
  {
    "citance_No": 9, 
    "citing_paper_id": "P09-1106", 
    "citing_paper_authority": 1, 
    "citing_paper_authors": "Boxing, Chen | Min, Zhang | Haizhou, Li | Aiti, Aw", 
    "raw_text": "We compute the association score from a linear combination of two clues: 943 surface similarity computed as Equation (2) and position difference based distortion score by following (He et al, 2008)", 
    "clean_text": "We compute the association score from a linear combination of two clues: surface similarity computed as Equation (2) and position difference based distortion score by following (He et al, 2008).", 
    "keep_for_gold": 0
  }, 
  {
    "citance_No": 10, 
    "citing_paper_id": "P09-1106", 
    "citing_paper_authority": 1, 
    "citing_paper_authors": "Boxing, Chen | Min, Zhang | Haizhou, Li | Aiti, Aw", 
    "raw_text": "IHMM-based: He et al (2008) propose an indirect hidden Markov model (IHMM) for hypothesis alignment", 
    "clean_text": "IHMM-based: He et al (2008) propose an indirect hidden Markov model (IHMM) for hypothesis alignment.", 
    "keep_for_gold": 0
  }, 
  {
    "citance_No": 11, 
    "citing_paper_id": "P09-1106", 
    "citing_paper_authority": 1, 
    "citing_paper_authors": "Boxing, Chen | Min, Zhang | Haizhou, Li | Aiti, Aw", 
    "raw_text": "We compute the distortion model by following (He et al, 2008) for IHMM and CLA-based methods", 
    "clean_text": "We compute the distortion model by following (He et al, 2008) for IHMM and CLA-based methods.", 
    "keep_for_gold": 0
  }, 
  {
    "citance_No": 12, 
    "citing_paper_id": "D09-1115", 
    "citing_paper_authority": 3, 
    "citing_paper_authors": "Yang, Feng | Yang, Liu | Haitao, Mi | Qun, Liu | Yajuan, L&uuml;", 
    "raw_text": "We compared our approach with the state-of-the-art confusion-network-based system (He et al, 2008) and achieved a significant absolute improvement of 1.23 BLEU points on the NIST 2005 Chinese-to-", 
    "clean_text": "We compared our approach with the state-of-the-art confusion-network-based system (He et al, 2008) and achieved a significant absolute improvement of 1.23 BLEU points on the NIST 2005 Chinese-to-English test set and 0.93 BLEU point on the NIST 2008 Chinese-to-English test set.", 
    "keep_for_gold": 0
  }, 
  {
    "citance_No": 13, 
    "citing_paper_id": "D09-1115", 
    "citing_paper_authority": 3, 
    "citing_paper_authors": "Yang, Feng | Yang, Liu | Haitao, Mi | Qun, Liu | Yajuan, L&uuml;", 
    "raw_text": "Since the candidate hypotheses are aligned using Indirect-HMM-based (IHMM-based) alignment method (He et al, 2008) in both direction, we briefly review the IHMM-based alignment method first", 
    "clean_text": "Since the candidate hypotheses are aligned using Indirect-HMM-based (IHMM-based) alignment method (He et al, 2008) in both direction, we briefly review the IHMM-based alignment method first.", 
    "keep_for_gold": 0
  }, 
  {
    "citance_No": 14, 
    "citing_paper_id": "D09-1115", 
    "citing_paper_authority": 3, 
    "citing_paper_authors": "Yang, Feng | Yang, Liu | Haitao, Mi | Qun, Liu | Yajuan, L&uuml;", 
    "raw_text": "p s (arc) is increased by 1110 1/ (k+1) if the hypothesis ranking k in the system s contains the arc (Rosti et al, 2007a; He et al, 2008) .Cube pruning algorithm with beam search is em ployed to search for the consensus output (Huang and Chiang, 2005)", 
    "clean_text": "", 
    "keep_for_gold": 0
  }, 
  {
    "citance_No": 15, 
    "citing_paper_id": "D09-1115", 
    "citing_paper_authority": 3, 
    "citing_paper_authors": "Yang, Feng | Yang, Liu | Haitao, Mi | Qun, Liu | Yajuan, L&uuml;", 
    "raw_text": "As a result, phrase pairs must be extracted be fore constructing a lattice. On NIST MT05 test set, the lattice-based system gave better results with an absolute improvement of 1.23 BLEU points over the confusion network-based system (He et al, 2008) and 3.73 BLEU points over the best single system", 
    "clean_text": "On NIST MT05 test set, the lattice-based system gave better results with an absolute improvement of 1.23 BLEU points over the confusion network-based system (He et al, 2008) and 3.73 BLEU points over the best single system.", 
    "keep_for_gold": 0
  }, 
  {
    "citance_No": 16, 
    "citing_paper_id": "P11-1127", 
    "citing_paper_authority": 2, 
    "citing_paper_authors": "Jes&uacute;s, Gonz&aacute;lez-Rubio | Alfons, Juan | Francisco, Casacuberta", 
    "raw_text": "Aligning translation hypotheses can be challenging and has a substantial effect on combination performance (He et al, 2008)", 
    "clean_text": "Aligning translation hypotheses can be challenging and has a substantial effect on combination performance (He et al, 2008).", 
    "keep_for_gold": 0
  }, 
  {
    "citance_No": 17, 
    "citing_paper_id": "W09-0409", 
    "citing_paper_authority": 4, 
    "citing_paper_authors": "Antti-Veikko I., Rosti | Bing, Zhang | Spyros, Matsoukas | Richard M., Schwartz", 
    "raw_text": "The pair wise alignment methods proposed by Ayan et al (2008), He et al (2008), and Matusov et al (2006) are able to match also synonyms and words with identical stems", 
    "clean_text": "", 
    "keep_for_gold": 0
  }, 
  {
    "citance_No": 18, 
    "citing_paper_id": "N10-1141", 
    "citing_paper_authority": 10, 
    "citing_paper_authors": "John, DeNero | Shankar, Kumar | Ciprian, Chelba | Franz Josef, Och", 
    "raw_text": "Aligningtranslation hypotheses accurately can be challenging, and has a substantial effect on combination performance (He et al, 2008)", 
    "clean_text": "Aligning translation hypotheses accurately can be challenging, and has a substantial effect on combination performance (He et al, 2008).", 
    "keep_for_gold": 0
  }, 
  {
    "citance_No": 19, 
    "citing_paper_id": "W12-3124", 
    "citing_paper_authority": 0, 
    "citing_paper_authors": "Antti-Veikko, Rosti | Xiaodong, He | Damianos, Karakos | Gregor, Leusch | Yuan, Cao | Markus, Freitag | Spyros, Matsoukas | Hermann, Ney | Jason, Smith | Bing, Zhang", 
    "raw_text": "Model Alignment He et al (2008) proposed using an indirect hidden Markov model (IHMM) for pairwise alignment of system outputs", 
    "clean_text": "He et al (2008) proposed using an indirect hidden Markov model (IHMM) for pairwise alignment of system outputs.", 
    "keep_for_gold": 1
  }
]
