[
  {
    "citance_No": 1, 
    "citing_paper_id": "P12-1053", 
    "citing_paper_authority": 0, 
    "citing_paper_authors": "Joost, Engelfriet | Andreas, Maletti", 
    "raw_text": "Consequently ,lexicalized grammars offer significant parsing benefits (Schabes et al, 1988) as the number of applications of productions (i.e., derivation steps) is clearly bounded by the length of the input string", 
    "clean_text": "Consequently, lexicalized grammars offer significant parsing benefits (Schabes et al, 1988) as the number of applications of productions (i.e., derivation steps) is clearly bounded by the length of the input string.", 
    "keep_for_gold": 1
  }, 
  {
    "citance_No": 2, 
    "citing_paper_id": "C96-1085", 
    "citing_paper_authority": 2, 
    "citing_paper_authors": "Peter, Neuhaus | Udo, Hahn", 
    "raw_text": "Restrictions on possible relations are attached to the words ,e.g., expressed as valencies in the case of dependency relations, yielding a strictly lexicalized grammar in the sense of Schabes et al (1988)", 
    "clean_text": "Restrictions on possible relations are attached to the words ,e.g., expressed as valencies in the case of dependency relations, yielding a strictly lexicalized grammar in the sense of Schabes et al (1988).", 
    "keep_for_gold": 0
  }, 
  {
    "citance_No": 3, 
    "citing_paper_id": "C96-1085", 
    "citing_paper_authority": 2, 
    "citing_paper_authors": "Peter, Neuhaus | Udo, Hahn", 
    "raw_text": "The lexical distribution of grammatical knowledge one finds in many lexiealized grammar formalisms (e.g., LTAGS (Schabes et al, 1988) or HPSG (Pollard& amp; Sag, 1994)) is still constrained to declarative notions", 
    "clean_text": "The lexical distribution of grammatical knowledge one finds in many lexiealized grammar formalisms (e.g., LTAGS (Schabes et al, 1988) or HPSG (Pollard& amp; Sag, 1994)) is still constrained to declarative notions.", 
    "keep_for_gold": 0
  }, 
  {
    "citance_No": 4, 
    "citing_paper_id": "P07-1079", 
    "citing_paper_authority": 8, 
    "citing_paper_authors": "Kenji, Sagae | Yusuke, Miyao | Jun'ichi, Tsujii", 
    "raw_text": "Atthe same time, there is growing interest in parsing with more sophisticated lexicalized grammar formalisms, such as Lexical Functional Grammar (LFG) (Bresnan, 1982), Lexicalized Tree Adjoining Grammar (LTAG) (Schabes et al, 1988), Head driven Phrase Structure Grammar (HPSG) (Pollardand Sag, 1994) and Combinatory Categorial Gram mar (CCG) (Steedman, 2000), which represent deep syntactic structures that can not be expressed in ashallower formalism designed to represent only aspects of surface syntax, such as the dependency formalism used in current mainstream dependency parsing", 
    "clean_text": "At the same time, there is growing interest in parsing with more sophisticated lexicalized grammar formalisms, such as Lexical Functional Grammar (LFG) (Bresnan, 1982), Lexicalized Tree Adjoining Grammar (LTAG) (Schabes et al, 1988), Head driven Phrase Structure Grammar (HPSG) (Pollardand Sag, 1994) and Combinatory Categorial Grammar (CCG) (Steedman, 2000), which represent deep syntactic structures that can not be expressed in a shallower formalism designed to represent only aspects of surface syntax, such as the dependency formalism used in current mainstream dependency parsing.", 
    "keep_for_gold": 0
  }, 
  {
    "citance_No": 5, 
    "citing_paper_id": "W01-1510", 
    "citing_paper_authority": 0, 
    "citing_paper_authors": "Naoki, Yoshinaga | Yusuke, Miyao | Kentaro, Torisawa | Jun'ichi, Tsujii", 
    "raw_text": "Adjoining Grammar (FB-LTAG) LTAG (Schabes et al, 1988) is a grammar formal ism that provides syntactic analyses for a sentence by composing elementary trees with two opera Arg: we can run ID grammar rule unify Sym: NP Arg: Sym: VP Arg: VP Sym: VP Arg: NP Arg: Sym: Arg: 2 3 2 unify 3 unify ID grammar rule we can run Sym: NP Arg: Sym: VP Arg: VP Sym: VP Arg: NP Arg: NP Sym: Arg: Arg: 1 1| 2 Arg: 2 unify we can run Sym: NP Arg: Sym: VP Arg: VP Sym: VP Arg: NP Arg: NP Arg: Figure 6: Parsing with an HPSG grammar S NP VP V run NP N We substitution? 1? 2 S NP VP V run N We Figure 3: Substitution VP VP V can* ad junction? 1 S NP VP V run N We S NP VP VP V can N We V run Figure 4: Adjunctiontions called substitution and ad junction", 
    "clean_text": "", 
    "keep_for_gold": 0
  }, 
  {
    "citance_No": 6, 
    "citing_paper_id": "W07-2213", 
    "citing_paper_authority": 1, 
    "citing_paper_authors": "Pierre, Boullier | Beno&icirc;t, Sagot", 
    "raw_text": "However, virtually all Tree Adjoining Grammars (TAG ,seee.g., (Schabes et al, 1988)) used in NLP applications can (almost) be seen as lexicalized Tree Insertion Grammars (TIG), which can be converted into strongly equivalent CFGs (Schabes and Waters,1995)", 
    "clean_text": "However, virtually all Tree Adjoining Grammars (TAG ,seee.g., (Schabes et al, 1988)) used in NLP applications can (almost) be seen as lexicalized Tree Insertion Grammars (TIG), which can be converted into strongly equivalent CFGs (Schabes and Waters,1995).", 
    "keep_for_gold": 0
  }, 
  {
    "citance_No": 7, 
    "citing_paper_id": "C04-1204", 
    "citing_paper_authority": 4, 
    "citing_paper_authors": "Yusuke, Miyao | Jun'ichi, Tsujii", 
    "raw_text": "They employed a CCG (Steedman, 2000) or LTAG (Schabes et al, 1988) parser to acquire syntac tic/semantic structures, which would be passed to statistical classifier as features", 
    "clean_text": "They employed a CCG (Steedman, 2000) or LTAG (Schabes et al, 1988) parser to acquire syntactic/semantic structures, which would be passed to statistical classifier as features.", 
    "keep_for_gold": 0
  }, 
  {
    "citance_No": 8, 
    "citing_paper_id": "P03-2036", 
    "citing_paper_authority": 0, 
    "citing_paper_authors": "Naoki, Yoshinaga | Kentaro, Torisawa | Jun'ichi, Tsujii", 
    "raw_text": "Various parsing techniques have been developed for lexicalized grammars such as Lexicalized Tree Adjoining Grammar (LTAG) (Schabes et al,1988), and Head-Driven Phrase Structure Gram mar (HPSG) (Pollard and Sag, 1994)", 
    "clean_text": "Various parsing techniques have been developed for lexicalized grammars such as Lexicalized Tree Adjoining Grammar (LTAG) (Schabes et al,1988), and Head-Driven Phrase Structure Grammar (HPSG) (Pollard and Sag, 1994).", 
    "keep_for_gold": 0
  }, 
  {
    "citance_No": 9, 
    "citing_paper_id": "P05-2024", 
    "citing_paper_authority": 1, 
    "citing_paper_authors": "Kazuhiro, Yoshida", 
    "raw_text": "Head-Driven Phrase Structure Grammar (HPSG) is classified into lexicalized grammars (Schabes et al, 1988)", 
    "clean_text": "Head-Driven Phrase Structure Grammar (HPSG) is classified into lexicalized grammars (Schabes et al, 1988).", 
    "keep_for_gold": 0
  }, 
  {
    "citance_No": 10, 
    "citing_paper_id": "W05-1510", 
    "citing_paper_authority": 20, 
    "citing_paper_authors": "Hiroko, Nakanishi | Yusuke, Miyao | Jun'ichi, Tsujii", 
    "raw_text": "The Fergus system (Banga lore and Rambow, 2000) uses LTAG (Lexicalized Tree Adjoining Grammar (Schabes et al, 1988)) for generating a word lattice containing realizations and selects the best one using a trigram model. White and Baldridge (2003) developed a chart generator for CCG (Combinatory Categorial Grammar (Steedman, 2000)) and proposed several techniques for efficient generation such as best-first search, beam thresholding and chunking the input logical forms (White, 2004)", 
    "clean_text": "The Fergus system (Bangalore and Rambow, 2000) uses LTAG (Lexicalized Tree Adjoining Grammar (Schabes et al, 1988)) for generating a word lattice containing realizations and selects the best one using a trigram model. White and Baldridge (2003) developed a chart generator for CCG (Combinatory Categorial Grammar (Steedman, 2000)) and proposed several techniques for efficient generation such as best-first search, beam thresholding and chunking the input logical forms (White, 2004).", 
    "keep_for_gold": 0
  }, 
  {
    "citance_No": 11, 
    "citing_paper_id": "A94-1022", 
    "citing_paper_authority": 0, 
    "citing_paper_authors": "Madeleine, Bates | Robert J., Bobrow | Robert J. P., Ingria | David G., Stallard", 
    "raw_text": "Conventional approaches to sub categorization, such as Definite Clause Grammar (Pereira and Warren, 1980), Categorial Grammar (Ades and Steedman, 1982), PATR-II (Shieber, 1986), and lexicalized TAG (Schabes et al 1988) all deal with complementation by including in one form or another a notion of& quot; sub categorization frame& quot; that specifies a sequence of complement phrases and constraints on them", 
    "clean_text": "Conventional approaches to subcategorization, such as Definite Clause Grammar (Pereira and Warren, 1980), Categorial Grammar (Ades and Steedman, 1982), PATR-II (Shieber, 1986), and lexicalized TAG (Schabes et al 1988) all deal with complementation by including in one form or another a notion of& quot; subcategorization frame& quot; that specifies a sequence of complement phrases and constraints on them.", 
    "keep_for_gold": 0
  }, 
  {
    "citance_No": 12, 
    "citing_paper_id": "W03-0401", 
    "citing_paper_authority": 1, 
    "citing_paper_authors": "Yusuke, Miyao | Jun'ichi, Tsujii", 
    "raw_text": "Derivation trees, the structural description in LTAG (Schabes et al, 1988), represent the association of lexical items i.e., elementary trees", 
    "clean_text": "Derivation trees, the structural description in LTAG (Schabes et al, 1988), represent the association of lexical items i.e., elementary trees.", 
    "keep_for_gold": 0
  }, 
  {
    "citance_No": 13, 
    "citing_paper_id": "P08-1022", 
    "citing_paper_authority": 12, 
    "citing_paper_authors": "Dominic, Espinosa | Michael, White | Dennis, Mehay", 
    "raw_text": "Inlexicalized grammatical formalisms such as Lexicalized Tree Adjoining Grammar (Schabes et al, 1988, LTAG), Combinatory Categorial Grammar (Steedman, 2000, CCG) and Head-Driven Phrase Structure Grammar (Pollard and Sag, 1994, HPSG), it is possible to separate lexical category assignment? the assignment of informative syntactic categories to linguistic objects such as words or lexical predicates? from the combinatory processes that make use of such categories? such as parsing and surface realization", 
    "clean_text": "In lexicalized grammatical formalisms such as Lexicalized Tree Adjoining Grammar (Schabes et al, 1988, LTAG), Combinatory Categorial Grammar (Steedman, 2000, CCG) and Head-Driven Phrase Structure Grammar (Pollard and Sag, 1994, HPSG), it is possible to separate lexical category assignment? the assignment of informative syntactic categories to linguistic objects such as words or lexical predicates? from the combinatory processes that make use of such categories? such as parsing and surface realization.", 
    "keep_for_gold": 0
  }
]
