[
  {
    "citance_No": 1, 
    "citing_paper_id": "P03-2002", 
    "citing_paper_authority": 0, 
    "citing_paper_authors": "Narjes, Boufaden", 
    "raw_text": "Candidates considered in the semantic tagging process are noun phrases NP, proposition phrases PP, verb phrases VP, adjectives ADJ and adverbs ADV.To gather these candidates we used the Brill transformational tagger (Brill, 1992) for the part-of speech step and the CASS partial parser for the parsing step (Abney, 1994)", 
    "clean_text": "Candidates considered in the semantic tagging process are noun phrases NP, proposition phrases PP, verb phrases VP, adjectives ADJ and adverbs ADV. To gather these candidates we used the Brill transformational tagger (Brill, 1992) for the part-of speech step and the CASS partial parser for the parsing step (Abney, 1994).", 
    "keep_for_gold": 0
  }, 
  {
    "citance_No": 2, 
    "citing_paper_id": "W01-1011", 
    "citing_paper_authority": 3, 
    "citing_paper_authors": "Evelyne, Tzoukermann | Smaranda, Muresan | Judith L., Klavans", 
    "raw_text": "The noun phrase extraction module uses Brill &apos; s POS tagger [Brill (1992)] and a base NPchunker [Ramshaw and Marcus (1995)]", 
    "clean_text": "The noun phrase extraction module uses Brill's POS tagger [Brill (1992)] and a base NPchunker [Ramshaw and Marcus (1995)].", 
    "keep_for_gold": 0
  }, 
  {
    "citance_No": 3, 
    "citing_paper_id": "C00-1077", 
    "citing_paper_authority": 5, 
    "citing_paper_authors": "Diana, Maynard | Sophia, Ananiadou", 
    "raw_text": "The SNC-Value method wan initially t (;sted on a eorl) US of 800,000 eye t )athoh )gyreI )ortn, which had 1 )een tagged with the Brill t )art-of-nl )eeeh tagger (Brill, 1992)", 
    "clean_text": "", 
    "keep_for_gold": 0
  }, 
  {
    "citance_No": 4, 
    "citing_paper_id": "W06-3402", 
    "citing_paper_authority": 0, 
    "citing_paper_authors": "Robin, Stewart | Andrea, Danyluk | Yang, Liu", 
    "raw_text": "In order to include features describing verb tense, we use Brill? s part-of-speech tagger (Brill, 1992). Each part of speech (POS) is taken to be a feature, whose value is a count of the number of occurrences in the given utterance", 
    "clean_text": "In order to include features describing verb tense, we use Brill's part-of-speech tagger (Brill, 1992). Each part of speech (POS) is taken to be a feature, whose value is a count of the number of occurrences in the given utterance.", 
    "keep_for_gold": 0
  }, 
  {
    "citance_No": 5, 
    "citing_paper_id": "I08-1048", 
    "citing_paper_authority": 4, 
    "citing_paper_authors": "Jingbo, Zhu | Huizhen, Wang | Eduard, Hovy", 
    "raw_text": "In order to extract the linguistic features necessary for the ME model in WSD tasks, all sentences containing the target word are automatically part-of speech (POS) tagged using the Brill POS tagger (Brill, 1992)", 
    "clean_text": "In order to extract the linguistic features necessary for the ME model in WSD tasks, all sentences containing the target word are automatically part-of speech (POS) tagged using the Brill POS tagger (Brill, 1992).", 
    "keep_for_gold": 0
  }, 
  {
    "citance_No": 6, 
    "citing_paper_id": "W96-0101", 
    "citing_paper_authority": 2, 
    "citing_paper_authors": "Evelyne, Tzoukermann | Dragomir R., Radev", 
    "raw_text": "In the part-of-speech hterature, whether taggers are based on a rule-based approach (Klein and Simmons, 1963), (Brill, 1992), (Voutilainen, 1993), or on a statistical one (Bahl and Mercer, 1976), (Leech et al, 1983), (Merialdo, 1994), (DeRose, 1988), (Church, 1989), (Cutting et al, 1992), there is a debate as to whether more attention should be paid to lexical probabilities rather than contextual ones", 
    "clean_text": "In the part-of-speech literature, whether taggers are based on a rule-based approach (Klein and Simmons, 1963), (Brill, 1992), (Voutilainen, 1993), or on a statistical one (Bahl and Mercer, 1976), (Leech et al, 1983), (Merialdo, 1994), (DeRose, 1988), (Church, 1989), (Cutting et al, 1992), there is a debate as to whether more attention should be paid to lexical probabilities rather than contextual ones.", 
    "keep_for_gold": 0
  }, 
  {
    "citance_No": 7, 
    "citing_paper_id": "C08-1006", 
    "citing_paper_authority": 4, 
    "citing_paper_authors": "Joan, Bachenko | Eileen, Fitzpatrick | Michael, Schonwetter", 
    "raw_text": "Part of speech tags are assigned by Brill? s tagger (Brill, 1992)", 
    "clean_text": "Part of speech tags are assigned by Brill's tagger (Brill, 1992).", 
    "keep_for_gold": 0
  }, 
  {
    "citance_No": 8, 
    "citing_paper_id": "W09-2403", 
    "citing_paper_authority": 0, 
    "citing_paper_authors": "Judita, Preiss | Jon, Dehdari | Josh, King | Dennis, Mehay", 
    "raw_text": "We found that without any lemmatizing of the test input, the maximum f -score possible was in the mid-50? s. Conversely, we found that a basic most-frequent sense system that had a perfectly-lemmatized input achieved an f -score in the mid-60? s. This large difference in the ceiling of a non-lemmatized system and the floor of a perfectly-lemmatized system motivated us to focus on this task. We looked at three different lemmatizers: the lemmatizing backend of the XTAG project (XTAG Re search Group, 2001) 4, Celex (Baayen et al, 1995), and the lemmatizing component of an enhancedTBL tagger (Brill, 1992) .5 We then employed a voting system on these three components, taking the lemma from the most individual lemmatizers", 
    "clean_text": "We looked at three different lemmatizers: the lemmatizing backend of the XTAG project (XTAG Re search Group, 2001) 4, Celex (Baayen et al, 1995), and the lemmatizing component of an enhancedTBL tagger (Brill, 1992).", 
    "keep_for_gold": 0
  }, 
  {
    "citance_No": 9, 
    "citing_paper_id": "W09-2403", 
    "citing_paper_authority": 0, 
    "citing_paper_authors": "Judita, Preiss | Jon, Dehdari | Josh, King | Dennis, Mehay", 
    "raw_text": "TBL tagger (Brill, 1992) 7, and a TnT-style trigram tagger (Hala ?csy et al, 2007) .8 The baseline was aunigram tagger which selects the most frequently occurring tag of singletons when dealing with unseen words. All three of the main taggers performed comparably, although only the Elworthy tagger provides probabilities associated with tags, rather than getting a single tag as output", 
    "clean_text": "TBL tagger (Brill, 1992) 7, and a TnT-style trigram tagger (Halacsy et al, 2007).", 
    "keep_for_gold": 0
  }, 
  {
    "citance_No": 10, 
    "citing_paper_id": "W01-1626", 
    "citing_paper_authority": 9, 
    "citing_paper_authors": "Janyce, Wiebe | Rebecca F., Bruce | Matthew, Bell | Melanie J., Martin | Theresa, Wilson", 
    "raw_text": "All corpora were stemmed (Karp et al, 1992) and part-of-speech tagged (Brill, 1992)", 
    "clean_text": "All corpora were stemmed (Karp et al, 1992) and part-of-speech tagged (Brill, 1992).", 
    "keep_for_gold": 0
  }, 
  {
    "citance_No": 11, 
    "citing_paper_id": "D07-1082", 
    "citing_paper_authority": 14, 
    "citing_paper_authors": "Jingbo, Zhu | Eduard, Hovy", 
    "raw_text": "In order to extract the linguistic features necessary for the ME model, all sentences containing the target word were automatically part of-speech (POS) tagged using the Brill POS tagger (Brill, 1992)", 
    "clean_text": "In order to extract the linguistic features necessary for the ME model, all sentences containing the target word were automatically part of-speech (POS) tagged using the Brill POS tagger (Brill, 1992).", 
    "keep_for_gold": 0
  }, 
  {
    "citance_No": 12, 
    "citing_paper_id": "C02-1085", 
    "citing_paper_authority": 0, 
    "citing_paper_authors": "Fumiyo, Fukumoto | Yoshimi, Suzuki", 
    "raw_text": "All 15,863 documents were tagged by a part-of-speech tagger (Brill, 1992) and stemmed using WordNet information (Fellbaum, 1998)", 
    "clean_text": "All 15,863 documents were tagged by a part-of-speech tagger (Brill, 1992) and stemmed using WordNet information (Fellbaum, 1998).", 
    "keep_for_gold": 0
  }, 
  {
    "citance_No": 13, 
    "citing_paper_id": "C02-2018", 
    "citing_paper_authority": 0, 
    "citing_paper_authors": "Dietmar, R&ouml;sner | Manuela, Kunze", 
    "raw_text": "(Brill, 1992))", 
    "clean_text": "", 
    "keep_for_gold": 0
  }, 
  {
    "citance_No": 14, 
    "citing_paper_id": "W96-0102", 
    "citing_paper_authority": 57, 
    "citing_paper_authors": "Walter, Daelemans | Jakub, Zavrel | Peter, Berck | Steven, Gillis", 
    "raw_text": "Compared to learning rule-based approaches such as the one by Brill (1992), a k-nn approach provides a uniform approach for all disambiguation tasks, more flexibility in the engineering of case representations, and a more elegant approach to handling of unknown words (see e.g. Cardie 1994)", 
    "clean_text": "Compared to learning rule-based approaches such as the one by Brill (1992), a k-nn approach provides a uniform approach for all disambiguation tasks, more flexibility in the engineering of case representations, and a more elegant approach to handling of unknown words (see e.g. Cardie 1994).", 
    "keep_for_gold": 0
  }, 
  {
    "citance_No": 15, 
    "citing_paper_id": "W03-1308", 
    "citing_paper_authority": 3, 
    "citing_paper_authors": "Koichi, Takeuchi | Nigel, Collier", 
    "raw_text": "In order for the model to be successful it must recognize regularities in the training data that relate pre classified examples of terms with unseen terms that will be encountered in testing. Following on from previous studies in named entity we chose a set of linguistically motivated word level features that include surface word forms, part of speech tags using the Brill tagger (Brill, 1992) and orthographic features", 
    "clean_text": "", 
    "keep_for_gold": 0
  }, 
  {
    "citance_No": 16, 
    "citing_paper_id": "I08-2130", 
    "citing_paper_authority": 0, 
    "citing_paper_authors": "Hongzhi, Xu | Chunping, Li", 
    "raw_text": "Rule based POS tagging methods ex tratct rules from training corpus and use these rules to tag new sentences (Brill, 1992) (Brill, 1994)", 
    "clean_text": "Rule based POS tagging methods extract rules from training corpus and use these rules to tag new sentences (Brill, 1992) (Brill, 1994).", 
    "keep_for_gold": 1
  }, 
  {
    "citance_No": 17, 
    "citing_paper_id": "W06-2201", 
    "citing_paper_authority": 1, 
    "citing_paper_authors": "Gijs, Geleijnse | Jan, Korst", 
    "raw_text": "Automated part of speech tagging (Brill, 1992) is a useful technique in term extraction (Frantziet al, 2000), a domain closely related to named entity recognition", 
    "clean_text": "Automated part of speech tagging (Brill, 1992) is a useful technique in term extraction (Frantziet al, 2000), a domain closely related to named entity recognition.", 
    "keep_for_gold": 0
  }, 
  {
    "citance_No": 18, 
    "citing_paper_id": "W06-2201", 
    "citing_paper_authority": 1, 
    "citing_paper_authors": "Gijs, Geleijnse | Jan, Korst", 
    "raw_text": "In future work, we plan to identify such adjectives in Google excerpts using a Part of Speech tagger (Brill, 1992)", 
    "clean_text": "In future work, we plan to identify such adjectives in Google excerpts using a Part of Speech tagger (Brill, 1992).", 
    "keep_for_gold": 0
  }, 
  {
    "citance_No": 19, 
    "citing_paper_id": "W09-1707", 
    "citing_paper_authority": 0, 
    "citing_paper_authors": "Peter A., Chew | Brett W., Bader | Alla, Rozovskaya", 
    "raw_text": "The CONLL 2000 tags against which we measure our own results are in fact assigned by the Brill tagger (Brill 1992), and while these may not correlate perfectly with those that would have been assigned by a human linguist, we believe that the correlation is likely to be good enough to allow for an informative evaluation of our method", 
    "clean_text": "The CONLL 2000 tags against which we measure our own results are in fact assigned by the Brill tagger (Brill 1992), and while these may not correlate perfectly with those that would have been assigned by a human linguist, we believe that the correlation is likely to be good enough to allow for an informative evaluation of our method.", 
    "keep_for_gold": 0
  }, 
  {
    "citance_No": 20, 
    "citing_paper_id": "W97-0811", 
    "citing_paper_authority": 8, 
    "citing_paper_authors": "Frederique, Segond | Anne, Schiller | Gregory, Grefenstette | Jean-Pierre, Chanod", 
    "raw_text": "For the part-of-speech tagging problem, it is known that assigning the most common part of speech for each lexical item gives a baseline of 90% accuracy [Brill, 1992]", 
    "clean_text": "For the part-of-speech tagging problem, it is known that assigning the most common part of speech for each lexical item gives a baseline of 90% accuracy [Brill, 1992].", 
    "keep_for_gold": 1
  }
]
