[
  {
    "citance_No": 1, 
    "citing_paper_id": "H05-1043", 
    "citing_paper_authority": 117, 
    "citing_paper_authors": "Ana-Maria, Popescu | Oren, Etzioni", 
    "raw_text": "This idea is similar to that of (Kim and Hovy, 2004) and (Hu and Liu, 2004), but instead of using a window of size k or the output of a noun phrase chunker, OPINE takes advantage of the syntactic dependencies computed by theMINIPAR parser", 
    "clean_text": "This idea is similar to that of (Kim and Hovy, 2004) and (Hu and Liu, 2004), but instead of using a window of size k or the output of a noun phrase chunker, OPINE takes advantage of the syntactic dependencies computed by the MINIPAR parser.", 
    "keep_for_gold": 0
  }, 
  {
    "citance_No": 2, 
    "citing_paper_id": "P13-2085", 
    "citing_paper_authority": 0, 
    "citing_paper_authors": "Eric T., Nalisnick | Henry S., Baird", 
    "raw_text": "(signed integers representing positive and negative feelings) (Kim and Hovy, 2004) .Some lexicons allow for analysis of specific emotions by associating words with degrees of fear, joy, surprise, anger, anticipation, etc", 
    "clean_text": "(signed integers representing positive and negative feelings) (Kim and Hovy, 2004).", 
    "keep_for_gold": 0
  }, 
  {
    "citance_No": 3, 
    "citing_paper_id": "D09-1062", 
    "citing_paper_authority": 12, 
    "citing_paper_authors": "Yejin, Choi | Claire, Cardie", 
    "raw_text": "In particular, they have been an essential ingredient for fine grained sentiment analysis (e.g., Kim and Hovy (2004), Kennedy and Inkpen (2005), Wilson et al (2005))", 
    "clean_text": "In particular, they have been an essential ingredient for fine grained sentiment analysis (e.g., Kim and Hovy (2004), Kennedy and Inkpen (2005), Wilson et al (2005)).", 
    "keep_for_gold": 0
  }, 
  {
    "citance_No": 4, 
    "citing_paper_id": "C10-2036", 
    "citing_paper_authority": 1, 
    "citing_paper_authors": "Guohong, Fu | Xin, Wang", 
    "raw_text": "Kim and Hovy (2004) try to determine the final sentiment orientation of a given sentence by combining sentiment words within it", 
    "clean_text": "Kim and Hovy (2004) try to determine the final sentiment orientation of a given sentence by combining sentiment words within it.", 
    "keep_for_gold": 1
  }, 
  {
    "citance_No": 5, 
    "citing_paper_id": "P06-2079", 
    "citing_paper_authority": 17, 
    "citing_paper_authors": "Vincent, Ng | Sajib, Dasgupta | S. M. Niaz, Arifin", 
    "raw_text": "There is a large body of work on classifying the polarity of a document (e.g., Pang et al (2002), Turney (2002)), a sentence (e.g., Liu et al (2003), Yu and Hatzivassiloglou (2003), Kim and Hovy (2004), Gamon et al (2005)), a phrase (e.g., Wil son et al (2005)), and a specific object (such as a product) mentioned in a document (e.g., Morinaga et al (2002), Yi et al (2003), Popescu and Etzioni (2005))", 
    "clean_text": "", 
    "keep_for_gold": 0
  }, 
  {
    "citance_No": 6, 
    "citing_paper_id": "P06-2079", 
    "citing_paper_authority": 17, 
    "citing_paper_authors": "Vincent, Ng | Sajib, Dasgupta | S. M. Niaz, Arifin", 
    "raw_text": "Much work has been performed on learning to identify and classify polarity terms (i.e., terms expressing a positive sentiment (e.g., happy) or a negative sentiment (e.g., terrible)) and exploiting them to do polarity classification (e.g., Hatzivassiloglou and McKeown (1997), Turney (2002), Kim and Hovy (2004), Whitelaw et al (2005), Esuli and Sebastiani (2005))", 
    "clean_text": "", 
    "keep_for_gold": 0
  }, 
  {
    "citance_No": 7, 
    "citing_paper_id": "W11-1712", 
    "citing_paper_authority": 1, 
    "citing_paper_authors": "Adnan, Duric | Fei, Song", 
    "raw_text": "In separate qualitative experiments done by Pang et al (2002), 97 Wilson et al (2005) and Kim and Hovy (2004), the agreement between human judges when given a list of sentiment-bearing words is as low as 58% and no higher than 76%", 
    "clean_text": "In separate qualitative experiments done by Pang et al (2002), 97 Wilson et al (2005) and Kim and Hovy (2004), the agreement between human judges when given a list of sentiment-bearing words is as low as 58% and no higher than 76%.", 
    "keep_for_gold": 0
  }, 
  {
    "citance_No": 8, 
    "citing_paper_id": "P10-1041", 
    "citing_paper_authority": 17, 
    "citing_paper_authors": "Ahmed, Hassan | Dragomir R., Radev", 
    "raw_text": "Kim and Hovy (2004) start with two lists of positive and negative seed words", 
    "clean_text": "Kim and Hovy (2004) start with two lists of positive and negative seed words.", 
    "keep_for_gold": 1
  }, 
  {
    "citance_No": 9, 
    "citing_paper_id": "D09-1131", 
    "citing_paper_authority": 3, 
    "citing_paper_authors": "Lun-Wei, Ku | Ting-Hao, Huang | Hsin-Hsi, Chen", 
    "raw_text": "Kim and Hovy (2004) found the polarity of subjective expressions", 
    "clean_text": "Kim and Hovy (2004) found the polarity of subjective expressions.", 
    "keep_for_gold": 0
  }, 
  {
    "citance_No": 10, 
    "citing_paper_id": "P10-2050", 
    "citing_paper_authority": 12, 
    "citing_paper_authors": "Yejin, Choi | Claire, Cardie", 
    "raw_text": "Automatic opinion recognition involves a number of related tasks, such as identifying expressions of opinion (e.g. Kim and Hovy (2005), Popescu and Etzioni (2005), Breck et al (2007)), determining their polarity (e.g. Hu and Liu (2004), KimandHovy (2004), Wilson et al (2005)), and determining their strength, or intensity (e.g. PopescuandEtzioni (2005), Wilson et al (2006))", 
    "clean_text": "", 
    "keep_for_gold": 0
  }, 
  {
    "citance_No": 11, 
    "citing_paper_id": "E06-1025", 
    "citing_paper_authority": 21, 
    "citing_paper_authors": "Andrea, Esuli | Fabrizio, Sebastiani", 
    "raw_text": "The orientation assigned to a term then corresponds to the spin direction as signed to electrons. The system of Kim and Hovy (2004) tackles orientation detection by attributing, to each term ,apositivity score and a negativity score; interestingly, terms may thus be deemed to have both a positive and a negative correlation, maybe with different degrees, and some terms may be deemed to carry a stronger positive (or negative )orientation than others", 
    "clean_text": "The system of Kim and Hovy (2004) tackles orientation detection by attributing, to each term, a positivity score and a negativity score; interestingly, terms may thus be deemed to have both a positive and a negative correlation, maybe with different degrees, and some terms may be deemed to carry a stronger positive (or negative) orientation than others.", 
    "keep_for_gold": 0
  }, 
  {
    "citance_No": 12, 
    "citing_paper_id": "E06-1025", 
    "citing_paper_authority": 21, 
    "citing_paper_authors": "Andrea, Esuli | Fabrizio, Sebastiani", 
    "raw_text": "This hypothesis is confirmed by an experiment performed by Kim and Hovy (2004) on testing the agreement of two human coders at tagging words with the Positive, Negative, and Objective labels", 
    "clean_text": "This hypothesis is confirmed by an experiment performed by Kim and Hovy (2004) on testing the agreement of two human coders at tagging words with the Positive, Negative, and Objective labels.", 
    "keep_for_gold": 0
  }, 
  {
    "citance_No": 13, 
    "citing_paper_id": "P10-1060", 
    "citing_paper_authority": 8, 
    "citing_paper_authors": "Valentin, Jijkoun | Maarten, de Rijke | Wouter, Weerkamp", 
    "raw_text": "Kimand Hovy (2004) select candidate sentiment sentences and use word-based sentiment classifiers to classify unseen words into a negative or positive class", 
    "clean_text": "Kim and Hovy (2004) select candidate sentiment sentences and use word-based sentiment classifiers to classify unseen words into a negative or positive class.", 
    "keep_for_gold": 0
  }, 
  {
    "citance_No": 14, 
    "citing_paper_id": "P10-1060", 
    "citing_paper_authority": 8, 
    "citing_paper_authors": "Valentin, Jijkoun | Maarten, de Rijke | Wouter, Weerkamp", 
    "raw_text": "The lexicons are generated from manually selected seeds for a broad domain such as Health or Business, following an approach similar to (Kim and Hovy, 2004)", 
    "clean_text": "The lexicons are generated from manually selected seeds for a broad domain such as Health or Business, following an approach similar to (Kim and Hovy, 2004).", 
    "keep_for_gold": 0
  }, 
  {
    "citance_No": 15, 
    "citing_paper_id": "P07-1124", 
    "citing_paper_authority": 18, 
    "citing_paper_authors": "Ann, Devitt | Khurshid, Ahmad", 
    "raw_text": "Kim and Hovy (2004), among others, have combined the two tasks, identifying subjective text and detecting its sentiment polarity", 
    "clean_text": "Kim and Hovy (2004), among others, have combined the two tasks, identifying subjective text and detecting its sentiment polarity.", 
    "keep_for_gold": 0
  }, 
  {
    "citance_No": 16, 
    "citing_paper_id": "D10-1121", 
    "citing_paper_authority": 11, 
    "citing_paper_authors": "Ahmed, Hassan | Vahed, Qazvinian | Dragomir R., Radev", 
    "raw_text": "KimandHovy (Kim and Hovy, 2004) used WordNet synonyms and antonyms to expand two lists of positive and negative seed words", 
    "clean_text": "Kim and Hovy (Kim and Hovy, 2004) used WordNet synonyms and antonyms to expand two lists of positive and negative seed words.", 
    "keep_for_gold": 1
  }, 
  {
    "citance_No": 17, 
    "citing_paper_id": "C08-1104", 
    "citing_paper_authority": 7, 
    "citing_paper_authors": "Fangzhong, Su | Katja, Markert", 
    "raw_text": "However, Kim and Hovy (2004) and Andreevskaia and Bergler (2006) also address the classification into subjective/objective words and show this to be a potentially harder task than polarity classification with lower human agreement and automatic performance. There are only two prior approaches addressing word sense subjectivity or polarity classification", 
    "clean_text": "However, Kim and Hovy (2004) and Andreevskaia and Bergler (2006) also address the classification into subjective/objective words and show this to be a potentially harder task than polarity classification with lower human agreement and automatic performance. There are only two prior approaches addressing word sense subjectivity or polarity classification.", 
    "keep_for_gold": 0
  }, 
  {
    "citance_No": 18, 
    "citing_paper_id": "D07-1115", 
    "citing_paper_authority": 20, 
    "citing_paper_authors": "Nobuhiro, Kaji | Masaru, Kitsuregawa", 
    "raw_text": "Kim and Hovy proposed two probabilistic models to estimate the strength of polarity (Kim and Hovy, 2004)", 
    "clean_text": "Kim and Hovy proposed two probabilistic models to estimate the strength of polarity (Kim and Hovy, 2004).", 
    "keep_for_gold": 0
  }, 
  {
    "citance_No": 19, 
    "citing_paper_id": "N09-1001", 
    "citing_paper_authority": 6, 
    "citing_paper_authors": "Fangzhong, Su | Katja, Markert", 
    "raw_text": "However, Kim and Hovy (2004) and Andreevskaiaand Bergler (2006) show that subjectivity recognition might be the harder problem with lower human agreement and automatic performance", 
    "clean_text": "However, Kim and Hovy (2004) and Andreevskaiaand Bergler (2006) show that subjectivity recognition might be the harder problem with lower human agreement and automatic performance.", 
    "keep_for_gold": 0
  }, 
  {
    "citance_No": 20, 
    "citing_paper_id": "W11-1702", 
    "citing_paper_authority": 1, 
    "citing_paper_authors": "Isa, Maks | Piek, Vossen", 
    "raw_text": "These lexicons are lists of words (for example, Hatzivassiloglou and McKeown (1997), Kamps et al (2004), Kim and Hovy (2004) or word senses (for example, Esuli and Sebastiani (2006), Wiebe and Mihalcea (2006), Su and Markert, (2008)) annotated for negative or positive polarity", 
    "clean_text": "", 
    "keep_for_gold": 0
  }
]
