[
  {
    "citance_No": 1, 
    "citing_paper_id": "W07-2220", 
    "citing_paper_authority": 1, 
    "citing_paper_authors": "Joakim, Nivre", 
    "raw_text": "This technique, first proposed by Sagae and Lavie (2006), was used in the highest scoring system in both the multilingual track (Hall et al, 2007a) and the domain adaptation track (Sagae and Tsujii, 2007)", 
    "clean_text": "This technique, first proposed by Sagae and Lavie (2006), was used in the highest scoring system in both the multilingual track (Hall et al, 2007a) and the domain adaptation track (Sagae and Tsujii, 2007).", 
    "keep_for_gold": 0
  }, 
  {
    "citance_No": 2, 
    "citing_paper_id": "W07-2220", 
    "citing_paper_authority": 1, 
    "citing_paper_authors": "Joakim, Nivre", 
    "raw_text": "The best performing (closed class) system in the domain adaptation track used a combination of co learning and active learning by training two different parsers on the labeled training data, parsing the unlabeled domain data with both parsers, and adding parsed sentences to the training data only if the two parsers agreed on their analysis (Sagae and Tsujii, 2007)", 
    "clean_text": "The best performing (closed class) system in the domain adaptation track used a combination of co-learning and active learning by training two different parsers on the labeled training data, parsing the unlabeled domain data with both parsers, and adding parsed sentences to the training data only if the two parsers agreed on their analysis (Sagae and Tsujii, 2007).", 
    "keep_for_gold": 1
  }, 
  {
    "citance_No": 3, 
    "citing_paper_id": "P14-1043", 
    "citing_paper_authority": 0, 
    "citing_paper_authors": "Zhenghua, Li | Min, Zhang | Wenliang, Chen", 
    "raw_text": "Sagae and Tsujii (2007) apply a variant of co-training to dependency parsing and report positive results on out-of-domain text", 
    "clean_text": "Sagae and Tsujii (2007) apply a variant of co-training to dependency parsing and report positive results on out-of-domain text.", 
    "keep_for_gold": 0
  }, 
  {
    "citance_No": 4, 
    "citing_paper_id": "W11-1816", 
    "citing_paper_authority": 13, 
    "citing_paper_authors": "Pontus, Stenetorp | Goran, Topi&cacute; | Sampo, Pyysalo | Tomoko, Ohta | Jin-Dong, Kim | Jun'ichi, Tsujii", 
    "raw_text": "For this we used the Berkeleyparser10 (Petrov et al, 2006) .Lastly we used a native dependency parser, the GE NIA Dependency parser (GDep) by Sagae and Tsujii (2007) .At least one team (Choudhury et al, 2011) performed experiments on some of the provided lexical analyses and among the 14 submissions for the EPI and ID tasks, 13 submissions utilised tools for which resources were provided by the organisers of the shared task", 
    "clean_text": "Lastly we used a native dependency parser, the GENIA Dependency parser (GDep) by Sagae and Tsujii (2007).", 
    "keep_for_gold": 0
  }, 
  {
    "citance_No": 5, 
    "citing_paper_id": "W09-1403", 
    "citing_paper_authority": 9, 
    "citing_paper_authors": "Ekaterina, Buyko | Erik, Faessler | Joachim, Wermter | Udo, Hahn", 
    "raw_text": "As far as pre-processing is concerned, we imported the sentence splitting ,tokenization and GDep parsing results (Sagae and Tsujii, 2007) as prepared by the shared task organizers for all data sets (training, development and test)", 
    "clean_text": "As far as pre-processing is concerned, we imported the sentence splitting, tokenization and GDep parsing results (Sagae and Tsujii, 2007) as prepared by the shared task organizers for all data sets (training, development and test).", 
    "keep_for_gold": 0
  }, 
  {
    "citance_No": 6, 
    "citing_paper_id": "P13-2104", 
    "citing_paper_authority": 0, 
    "citing_paper_authors": "Xuezhe, Ma | Fei, Xia", 
    "raw_text": "This approach is similar to the one used in (Sagae and Tsujii, 2007), which achieved the highest scores in the domain adaptation track of the CoNLL 2007 shared task (Nivre et al, 2007)", 
    "clean_text": "This approach is similar to the one used in (Sagae and Tsujii, 2007), which achieved the highest scores in the domain adaptation track of the CoNLL 2007 shared task (Nivre et al, 2007).", 
    "keep_for_gold": 0
  }, 
  {
    "citance_No": 7, 
    "citing_paper_id": "W09-1417", 
    "citing_paper_authority": 1, 
    "citing_paper_authors": "Farzaneh, Sarafraz | James, Eales | Reza, Mohammadi | Jonathan, Dickerson | David, Robertson | Goran, Nenadi&#x107;", 
    "raw_text": "A further 1 The parse trees were produced by the GDep parser (Sagae and Tsujii, 2007) and supplied by the challenge organisers", 
    "clean_text": "The parse trees were produced by the GDep parser (Sagae and Tsujii, 2007) and supplied by the challenge organisers.", 
    "keep_for_gold": 0
  }, 
  {
    "citance_No": 8, 
    "citing_paper_id": "D10-1096", 
    "citing_paper_authority": 2, 
    "citing_paper_authors": "Ekaterina, Buyko | Udo, Hahn", 
    "raw_text": "Whilethe TURKU system exploits the Stanforddependencies from the McClosky-Charniak parser (Charniak and Johnson, 2005), and the JULIELab system uses the CoNLL-like dependencies from the GDep parser (Sagae and Tsujii, 2007) ,8 the TOKYO system overlays the Shared Task data with two parsing representations, viz", 
    "clean_text": "While the TURKU system exploits the Stanford dependencies from the McClosky-Charniak parser (Charniak and Johnson, 2005), and the JULIELab system uses the CoNLL-like dependencies from the GDep parser (Sagae and Tsujii, 2007), the TOKYO system overlays the Shared Task data with two parsing representations, viz. Enju PAS structure (Miyao and Tsujii, 2002) and GDep parser dependencies.", 
    "keep_for_gold": 0
  }, 
  {
    "citance_No": 9, 
    "citing_paper_id": "D10-1096", 
    "citing_paper_authority": 2, 
    "citing_paper_authors": "Ekaterina, Buyko | Udo, Hahn", 
    "raw_text": "GDep (Sagae and Tsujii, 2007), a native dependency parser", 
    "clean_text": "GDep (Sagae and Tsujii, 2007), a native dependency parser.", 
    "keep_for_gold": 0
  }, 
  {
    "citance_No": 10, 
    "citing_paper_id": "P08-1006", 
    "citing_paper_authority": 17, 
    "citing_paper_authors": "Yusuke, Miyao | Rune, S&aelig;tre | Kenji, Sagae | Takuya, Matsuzaki | Jun'ichi, Tsujii", 
    "raw_text": "1http: //sourceforge.net/projects/mstparser Figure 1: CoNLL-X dependency tree Figure 2: Penn Treebank-style phrase structure tree KSDEP Sagae and Tsujii (2007)? s dependencyparser,2 based on a probabilistic shift-reduce algorithm extended by the pseudo-projective parsing technique (Nivre and Nilsson, 2005)", 
    "clean_text": "", 
    "keep_for_gold": 0
  }, 
  {
    "citance_No": 11, 
    "citing_paper_id": "P12-1023", 
    "citing_paper_authority": 5, 
    "citing_paper_authors": "Wenliang, Chen | Min, Zhang | Haizhou, Li", 
    "raw_text": "Sagae and Tsujii (2007) used the co-training technique to improve performance", 
    "clean_text": "Sagae and Tsujii (2007) used the co-training technique to improve performance.", 
    "keep_for_gold": 0
  }, 
  {
    "citance_No": 12, 
    "citing_paper_id": "D09-1060", 
    "citing_paper_authority": 16, 
    "citing_paper_authors": "Wenliang, Chen | Jun'ichi, Kazama | Kiyotaka, Uchimoto | Kentaro, Torisawa", 
    "raw_text": "The experimental results showed that we achieved better accuracy for first-order models when we used both of these two types of features. Sagae and Tsujii (2007) presented an co training approach for dependency parsing adap 577 0 0.1 0.2 0.3 0.4 0.5 0.6 0.7 0.8 0.9 0 1 2 3 4 5 6 7 P e r c e n t a g e (s m o o t h e d) Number of prepositions BetterNoChangeWorse Figure 11: Improvement relative to number of prepositions for English 0 0.1 0.2 0.3 0.4 0.5 0.6 0.7 0.8 0.9 3210 P e r c e n t a g e (s m o o t h e d) Number of prepositions BetterNoChangeWorse Figure 12: Improvement relative to number of prepositions for Chinesetation", 
    "clean_text": "Sagae and Tsujii (2007) presented an co training approach for dependency parsing adaptation.", 
    "keep_for_gold": 0
  }, 
  {
    "citance_No": 13, 
    "citing_paper_id": "D12-1053", 
    "citing_paper_authority": 1, 
    "citing_paper_authors": "Mathias, Verbeke | Luc, De Raedt | Vincent, Van Asch | Roser, Morante | Paolo, Frasconi | Walter, Daelemans", 
    "raw_text": "Dependency parsing has been performed with theGENIA dependency parser GDep (Sagae and Tsujii, 2007), which uses a best-first probabilistic shift reduce algorithm based on the LR algorithm (Knuth,1965) and extended by the pseudo-projective parsing technique", 
    "clean_text": "Dependency parsing has been performed with the GENIA dependency parser GDep (Sagae and Tsujii, 2007), which uses a best-first probabilistic shift reduce algorithm based on the LR algorithm (Knuth, 1965) and extended by the pseudo-projective parsing technique.", 
    "keep_for_gold": 0
  }, 
  {
    "citance_No": 14, 
    "citing_paper_id": "C08-1132", 
    "citing_paper_authority": 5, 
    "citing_paper_authors": "Kun, Yu | Daisuke, Kawahara | Sadao, Kurohashi", 
    "raw_text": "Sagae and Tsujii (2007) generalized the standard deterministic framework to probabilistic parsing by using a best-first search strategy", 
    "clean_text": "Sagae and Tsujii (2007) generalized the standard deterministic framework to probabilistic parsing by using a best-first search strategy.", 
    "keep_for_gold": 1
  }, 
  {
    "citance_No": 15, 
    "citing_paper_id": "W10-3011", 
    "citing_paper_authority": 2, 
    "citing_paper_authors": "Xinxin, Li | Jianping, Shen | Xiang, Gao | Xuan, Wang", 
    "raw_text": "For sentences in the dataset, their dependency structures are extracted using GENIA Dependency parser (Sagae and Tsujii, 2007), and phrase structure using Brown self-trained biomedical parser (McClosky, 2009)", 
    "clean_text": "For sentences in the dataset, their dependency structures are extracted using GENIA Dependency parser (Sagae and Tsujii, 2007), and phrase structure using Brown self-trained biomedical parser (McClosky, 2009).", 
    "keep_for_gold": 0
  }, 
  {
    "citance_No": 16, 
    "citing_paper_id": "P11-2033", 
    "citing_paper_authority": 62, 
    "citing_paper_authors": "Yue, Zhang | Joakim, Nivre", 
    "raw_text": "Valency of S0 and N0 The number of modifiers to a given head is used by the graph-based submodel of Zhang and Clark (2008) and the models of Martins et al (2009 )andSagae and Tsujii (2007)", 
    "clean_text": "", 
    "keep_for_gold": 0
  }, 
  {
    "citance_No": 17, 
    "citing_paper_id": "W11-0314", 
    "citing_paper_authority": 1, 
    "citing_paper_authors": "Felice, Dell'Orletta | Giulia, Venturi | Simonetta, Montemagni", 
    "raw_text": "The approaches proposed by Reichart and Rappoport (2007a) and Sagae and Tsujii (2007) can be classified as ensemble? based methods", 
    "clean_text": "The approaches proposed by Reichart and Rappoport (2007a) and Sagae and Tsujii (2007) can be classified as ensemble-based methods.", 
    "keep_for_gold": 0
  }, 
  {
    "citance_No": 18, 
    "citing_paper_id": "W11-0215", 
    "citing_paper_authority": 4, 
    "citing_paper_authors": "Sampo, Pyysalo | Tomoko, Ohta | Makoto, Miwa | Jun'ichi, Tsujii", 
    "raw_text": "Foranalysing sentence structure, we applied the mogura 2.4.1 (Matsuzaki and Miyao, 2007) and GDepbeta2 (Sagae and Tsujii, 2007) parsers. For the present study, we modified the base Event Mine system as follows", 
    "clean_text": "For analysing sentence structure, we applied the mogura 2.4.1 (Matsuzaki and Miyao, 2007) and GDepbeta2 (Sagae and Tsujii, 2007) parsers.", 
    "keep_for_gold": 0
  }, 
  {
    "citance_No": 19, 
    "citing_paper_id": "W07-0604", 
    "citing_paper_authority": 4, 
    "citing_paper_authors": "Kenji, Sagae | Eric, Davis | Alon, Lavie | Brian, MacWhinney | Shuly, Wintner", 
    "raw_text": "Sagae and Tsujii (2007) present a detailed description of the parsing approach used inour work, including the parsing algorithm", 
    "clean_text": "Sagae and Tsujii (2007) present a detailed description of the parsing approach used in our work, including the parsing algorithm.", 
    "keep_for_gold": 0
  }, 
  {
    "citance_No": 20, 
    "citing_paper_id": "W07-0604", 
    "citing_paper_authority": 4, 
    "citing_paper_authors": "Kenji, Sagae | Eric, Davis | Alon, Lavie | Brian, MacWhinney | Shuly, Wintner", 
    "raw_text": "See Sagae and Tsujii (2007) for more information on the parser", 
    "clean_text": "See Sagae and Tsujii (2007) for more information on the parser.", 
    "keep_for_gold": 0
  }
]
