[
  {
    "citance_No": 1, 
    "citing_paper_id": "P11-1128", 
    "citing_paper_authority": 2, 
    "citing_paper_authors": "Yang, Liu | Qun, Liu | Yajuan, L&uuml;", 
    "raw_text": "Synchronous tree adjoining grammars (TAG) (Shieber and Schabes, 1990) are a good candidate", 
    "clean_text": "Synchronous tree adjoining grammars (TAG) (Shieber and Schabes, 1990) are a good candidate.", 
    "keep_for_gold": 0
  }, 
  {
    "citance_No": 2, 
    "citing_paper_id": "C10-1154", 
    "citing_paper_authority": 2, 
    "citing_paper_authors": "Simon, Zwarts | Mark, Johnson | Robert, Dale", 
    "raw_text": "This channel model is formalised using a Synchronous Tree Adjoining Grammar (STAG) (Shieber and Schabes, 1990), which matches words from the reparandum to the repair", 
    "clean_text": "This channel model is formalised using a Synchronous Tree Adjoining Grammar (STAG) (Shieber and Schabes, 1990), which matches words from the reparandum to the repair.", 
    "keep_for_gold": 0
  }, 
  {
    "citance_No": 3, 
    "citing_paper_id": "P03-2041", 
    "citing_paper_authority": 79, 
    "citing_paper_authors": "Jason M., Eisner", 
    "raw_text": "et al, 2001) or between syntax and semantics (Shieber and Schabes, 1990)", 
    "clean_text": "between syntax and semantics (Shieber and Schabes, 1990).", 
    "keep_for_gold": 0
  }, 
  {
    "citance_No": 4, 
    "citing_paper_id": "P03-2041", 
    "citing_paper_authority": 79, 
    "citing_paper_authors": "Jason M., Eisner", 
    "raw_text": "The states could be more refined than those shown above: the state for the subject, for example, should probably be not NP but a pair (Npl, NP3s) .STSG is simply a version of synchronous tree adjoining grammar or STAG (Shieber and Schabes, 1990) that lacks the ad junction operation", 
    "clean_text": "The states could be more refined than those shown above: the state for the subject, for example, should probably be not NP but a pair (Npl, NP3s) .STSG is simply a version of synchronous tree adjoining grammar or STAG (Shieber and Schabes, 1990) that lacks the adjunction operation.", 
    "keep_for_gold": 0
  }, 
  {
    "citance_No": 5, 
    "citing_paper_id": "P08-1069", 
    "citing_paper_authority": 4, 
    "citing_paper_authors": "Rebecca, Nesson | Giorgio, Satta | Stuart M., Shieber", 
    "raw_text": "For further background, refer to the work of Shieber and Schabes (1990) and Shieber (1994)", 
    "clean_text": "For further background, refer to the work of Shieber and Schabes (1990) and Shieber (1994).", 
    "keep_for_gold": 0
  }, 
  {
    "citance_No": 6, 
    "citing_paper_id": "P05-1067", 
    "citing_paper_authority": 63, 
    "citing_paper_authors": "Yuan, Ding | Martha, Palmer", 
    "raw_text": "In theory, stochastic tree transducers and some versions of synchronous grammars provide solutions for the non-isomorphic tree based transduction problem and hence possible solutions for MT. Synchronous Tree Adjoining Grammars, proposed by (Shieber and Schabes, 1990), were introduced primarily for semantics but were later also proposed for translation", 
    "clean_text": "In theory, stochastic tree transducers and some versions of synchronous grammars provide solutions for the non-isomorphic tree based transduction problem and hence possible solutions for MT. Synchronous Tree Adjoining Grammars, proposed by (Shieber and Schabes, 1990), were introduced primarily for semantics but were later also proposed for translation.", 
    "keep_for_gold": 1
  }, 
  {
    "citance_No": 7, 
    "citing_paper_id": "P05-1067", 
    "citing_paper_authority": 63, 
    "citing_paper_authors": "Yuan, Ding | Martha, Palmer", 
    "raw_text": "A synchronous derivation process for the two syntactic structures of both languages suggests the level of cross-lingual isomorphism between the two trees (e.g. Synchronous Tree Adjoining Grammars (Shieber and Schabes, 1990))", 
    "clean_text": "A synchronous derivation process for the two syntactic structures of both languages suggests the level of cross-lingual isomorphism between the two trees (e.g. Synchronous Tree Adjoining Grammars (Shieber and Schabes, 1990)).", 
    "keep_for_gold": 1
  }, 
  {
    "citance_No": 8, 
    "citing_paper_id": "W04-3207", 
    "citing_paper_authority": 34, 
    "citing_paper_authors": "David A., Smith | Noah A., Smith", 
    "raw_text": "Shieber and Schabes (1990) describe a synchronous tree adjoining grammar", 
    "clean_text": "Shieber and Schabes (1990) describe a synchronous tree adjoining grammar.", 
    "keep_for_gold": 0
  }, 
  {
    "citance_No": 9, 
    "citing_paper_id": "W04-1513", 
    "citing_paper_authority": 6, 
    "citing_paper_authors": "Yuan, Ding | Martha, Palmer", 
    "raw_text": "At the same time, grammar theoreticians have proposed various generative synchronous grammar formalisms for MT, such as Synchronous Context Free Grammars (S-CFG) (Wu, 1997) or Synchro nous Tree Adjoining Grammars (S-TAG) (Shieber and Schabes, 1990)", 
    "clean_text": "At the same time, grammar theoreticians have proposed various generative synchronous grammar formalisms for MT, such as Synchronous Context Free Grammars (S-CFG) (Wu, 1997) or Synchronous Tree Adjoining Grammars (S-TAG) (Shieber and Schabes, 1990).", 
    "keep_for_gold": 0
  }, 
  {
    "citance_No": 10, 
    "citing_paper_id": "W04-1513", 
    "citing_paper_authority": 6, 
    "citing_paper_authors": "Yuan, Ding | Martha, Palmer", 
    "raw_text": "For example, Synchronous TAGs, proposed by (Shieber and Schabes, 1990), which were introduced primarily for semantics but were later also proposed for translation", 
    "clean_text": "For example, Synchronous TAGs, proposed by (Shieber and Schabes, 1990), which were introduced primarily for semantics but were later also proposed for translation.", 
    "keep_for_gold": 0
  }, 
  {
    "citance_No": 11, 
    "citing_paper_id": "P04-1005", 
    "citing_paper_authority": 27, 
    "citing_paper_authors": "Mark, Johnson | Eugene, Charniak", 
    "raw_text": "The TAG channel model defines a stochastic mapping of source sentences X into observed sentences Y. There are several ways to define transducers using TAGs such as Shieber and Schabes (1990), but the following simple method, inspired by finite-state transducers, suffices for the application here", 
    "clean_text": "The TAG channel model defines a stochastic mapping of source sentences X into observed sentences Y. There are several ways to define transducers using TAGs such as Shieber and Schabes (1990), but the following simple method, inspired by finite-state transducers, suffices for the application here.", 
    "keep_for_gold": 0
  }, 
  {
    "citance_No": 12, 
    "citing_paper_id": "W08-0411", 
    "citing_paper_authority": 13, 
    "citing_paper_authors": "Alon, Lavie | Alok, Parlikar | Vamshi, Ambati", 
    "raw_text": "The tree fragments that are obtained by decomposing the synchronous trees in this fashion are similar to the Synchronous Tree Insertion Gram mar of (Shieber and Schabes, 1990) .We developed a tree traversal algorithm that decomposes parallel trees into all minimal tree fragments", 
    "clean_text": "The tree fragments that are obtained by decomposing the synchronous trees in this fashion are similar to the Synchronous Tree Insertion Grammar of (Shieber and Schabes, 1990). We developed a tree traversal algorithm that decomposes parallel trees into all minimal tree fragments.", 
    "keep_for_gold": 0
  }, 
  {
    "citance_No": 13, 
    "citing_paper_id": "N10-1015", 
    "citing_paper_authority": 18, 
    "citing_paper_authors": "David, Burkett | John, Blitzer | Dan, Klein", 
    "raw_text": "One natural solution is to restrict our candidate triples to those given by a synchronous context free grammar (SCFG) (Shieber and Schabes, 1990)", 
    "clean_text": "One natural solution is to restrict our candidate triples to those given by a synchronous context free grammar (SCFG) (Shieber and Schabes, 1990).", 
    "keep_for_gold": 0
  }, 
  {
    "citance_No": 14, 
    "citing_paper_id": "W03-1601", 
    "citing_paper_authority": 9, 
    "citing_paper_authors": "Raymond, Kozlowski | Kathleen F., McCoy | K., Vijay-Shanker", 
    "raw_text": "Our mapping between semantic and syntactic constituents bears resemblance to the pairings in Synchronous TAG (Shieber and Schabes, 1990)", 
    "clean_text": "Our mapping between semantic and syntactic constituents bears resemblance to the pairings in Synchronous TAG (Shieber and Schabes, 1990).", 
    "keep_for_gold": 0
  }, 
  {
    "citance_No": 15, 
    "citing_paper_id": "D09-1076", 
    "citing_paper_authority": 12, 
    "citing_paper_authors": "Steve, DeNeefe | Kevin, Knight", 
    "raw_text": "Recently there is a swing back to incorporating more linguistic information again, but this time linguistic insight carefully guides the setup of empirically learned models. Shieber (2007) recently argued that probabilistic Synchronous Tree Adjoining Grammars (Shieber and Schabes, 1990) have the right com bi nation of properties that satisfy both linguists and empirical MT practitioners", 
    "clean_text": "Recently there is a swing back to incorporating more linguistic information again, but this time linguistic insight carefully guides the setup of empirically learned models. Shieber (2007) recently argued that probabilistic Synchronous Tree Adjoining Grammars (Shieber and Schabes, 1990) have the right combination of properties that satisfy both linguists and empirical MT practitioners.", 
    "keep_for_gold": 0
  }, 
  {
    "citance_No": 16, 
    "citing_paper_id": "D09-1076", 
    "citing_paper_authority": 12, 
    "citing_paper_authors": "Steve, DeNeefe | Kevin, Knight", 
    "raw_text": "Shieber and Schabes (1990) offer a synchronous version of TAG (STAG), allowing the construction of a pair of trees in lockstep fashion using the TAG operations of substitution and ad junction on tree pairs", 
    "clean_text": "Shieber and Schabes (1990) offer a synchronous version of TAG (STAG), allowing the construction of a pair of trees in lockstep fashion using the TAG operations of substitution and adjunction on tree pairs.", 
    "keep_for_gold": 0
  }, 
  {
    "citance_No": 17, 
    "citing_paper_id": "P96-1020", 
    "citing_paper_authority": 6, 
    "citing_paper_authors": "Koichi, Takeda", 
    "raw_text": "TAG-based MT (Abeill~, Schabes, and Joshi, 1990) 1 and pattern-based translation (Maruyama, 1993) share many important properties for successful implementation in practical MT systems, namely:? The existence of a polynomial-time parsing algorithm? A capability for describing a larger domain of locality (Schabes, Abeill~, and Joshi, 1988)? Synchronization (Shieber and Schabes, 1990) of the source and target language structures Readers should note, however, that the pars1 See LTAG (Schabes, AbeiU~, and Joshi, 1988) (Lex-", 
    "clean_text": "", 
    "keep_for_gold": 0
  }, 
  {
    "citance_No": 18, 
    "citing_paper_id": "P96-1020", 
    "citing_paper_authority": 6, 
    "citing_paper_authors": "Koichi, Takeda", 
    "raw_text": "icalized TAG) and STAG (Shieber and Schabes, 1990) (Synchronized TAG) for each member of the TAG (Tree Adjoining Grammar) family", 
    "clean_text": "STAG (Shieber and Schabes, 1990) (Synchronized TAG) for each member of the TAG (Tree Adjoining Grammar) family.", 
    "keep_for_gold": 0
  }, 
  {
    "citance_No": 19, 
    "citing_paper_id": "P96-1020", 
    "citing_paper_authority": 6, 
    "citing_paper_authors": "Koichi, Takeda", 
    "raw_text": "5The meaning of the word& quot; synchronized& quot; here is exactly the same as in STAG (Shieber and Schabes, 1990)", 
    "clean_text": "The meaning of the word& quot; synchronized& quot; here is exactly the same as in STAG (Shieber and Schabes, 1990).", 
    "keep_for_gold": 0
  }, 
  {
    "citance_No": 20, 
    "citing_paper_id": "W07-0402", 
    "citing_paper_authority": 2, 
    "citing_paper_authors": "Rebecca, Nesson | Stuart M., Shieber", 
    "raw_text": "As first described by Shieber and Schabes (1990), STAG can be used to provide a semantics for a TAGsyntactic analysis by taking the tree pairs to represent a syntactic analysis synchronized with a semantic analysis. For example, Figure 2 (a) contains a sample Englishsyntax/semantics grammar fragment that can be used to analyze the sentence? John apparently likes Mary?", 
    "clean_text": "As first described by Shieber and Schabes (1990), STAG can be used to provide a semantics for a TAG syntactic analysis by taking the tree pairs to represent a syntactic analysis synchronized with a semantic analysis. For example, Figure 2 (a) contains a sample English syntax/semantics grammar fragment that can be used to analyze the sentence? John apparently likes Mary?.", 
    "keep_for_gold": 0
  }
]
