[
  {
    "citance_No": 1, 
    "citing_paper_id": "W03-1024", 
    "citing_paper_authority": 5, 
    "citing_paper_authors": "Hideki, Isozaki | Tsutomu, Hirao", 
    "raw_text": "For this task, we use a named entity recognizer (Isozaki and Kazawa, 2002)", 
    "clean_text": "For this task, we use a named entity recognizer (Isozaki and Kazawa, 2002).", 
    "keep_for_gold": 0
  }, 
  {
    "citance_No": 2, 
    "citing_paper_id": "D11-1144", 
    "citing_paper_authority": 4, 
    "citing_paper_authors": "Duangmanee, Putthividhya | Jun, Hu", 
    "raw_text": "Discriminative classifiers, which directly model the posterior distribution of class label given features ,i.e. SVM (Isozaki and Kazawa 2002) and Maximum Entropy model for NER (Chieu and Ng 2003), have been shown to outperform generative model based classifiers", 
    "clean_text": "Discriminative classifiers, which directly model the posterior distribution of class label given features, i.e. SVM (Isozaki and Kazawa 2002) and Maximum Entropy model for NER (Chieu and Ng 2003), have been shown to outperform generative model based classifiers.", 
    "keep_for_gold": 0
  }, 
  {
    "citance_No": 3, 
    "citing_paper_id": "W11-0207", 
    "citing_paper_authority": 0, 
    "citing_paper_authors": "Asma, Ben Abacha | Pierre, Zweigenbaum", 
    "raw_text": "Several approaches used classifiers such as decision trees or SVMs (Isozaki and Kazawa, 2002)", 
    "clean_text": "Several approaches used classifiers such as decision trees or SVMs (Isozaki and Kazawa, 2002).", 
    "keep_for_gold": 0
  }, 
  {
    "citance_No": 4, 
    "citing_paper_id": "W05-0610", 
    "citing_paper_authority": 4, 
    "citing_paper_authors": "Yaoyong, Li | Kalina, Bontcheva | Hamish, Cunningham", 
    "raw_text": "Isozaki and Kazawa (2002) compared three commonly used methods for named entity recognition? the SVM with quadratic kernel, maximal entropy method, and a rule based learning system, and showed that the SVM-based system per formed better than the other two", 
    "clean_text": "Isozaki and Kazawa (2002) compared three commonly used methods for named entity recognition the SVM with quadratic kernel, maximal entropy method, and a rule based learning system, and showed that the SVM-based system performed better than the other two.", 
    "keep_for_gold": 0
  }, 
  {
    "citance_No": 5, 
    "citing_paper_id": "C04-1040", 
    "citing_paper_authority": 5, 
    "citing_paper_authors": "Hideki, Isozaki | Hideto, Kazawa | Tsutomu, Hirao", 
    "raw_text": "(Since we used Isozaki? s methods (Isozaki and Kazawa, 2002), the run-time complexity is not a problem.) Kudo and Matsumoto (2002) proposed an SVMbased Dependency Analyzer for Japanese sentences", 
    "clean_text": "(Since we used Isozaki's methods (Isozaki and Kazawa, 2002), the run-time complexity is not a problem.) Kudo and Matsumoto (2002) proposed an SVM-based Dependency Analyzer for Japanese sentences.", 
    "keep_for_gold": 0
  }, 
  {
    "citance_No": 6, 
    "citing_paper_id": "P08-2060", 
    "citing_paper_authority": 4, 
    "citing_paper_authors": "Yoav, Goldberg | Michael, Elhadad", 
    "raw_text": "Note that the decision function involves a summation over all support vectors xj in SV. Innatural language applications, the size |SV| tends to be very large (Isozaki and Kazawa, 2002), often above 10,000", 
    "clean_text": "In natural language applications, the size |SV| tends to be very large (Isozaki and Kazawa, 2002), often above 10,000.", 
    "keep_for_gold": 0
  }, 
  {
    "citance_No": 7, 
    "citing_paper_id": "P08-2060", 
    "citing_paper_authority": 4, 
    "citing_paper_authors": "Yoav, Goldberg | Michael, Elhadad", 
    "raw_text": "Kernel Expansion (Isozaki and Kazawa, 2002) is used to transform the d-degree polynomial kernel based classifier into a linear one, with a modified decision function y (x) =sgn (w ?xd+ b)", 
    "clean_text": "Kernel Expansion (Isozaki and Kazawa, 2002) is used to transform the d-degree polynomial kernel based classifier into a linear one, with a modified decision function y (x) =sgn (w xd+ b).", 
    "keep_for_gold": 1
  }, 
  {
    "citance_No": 8, 
    "citing_paper_id": "P08-2060", 
    "citing_paper_authority": 4, 
    "citing_paper_authors": "Yoav, Goldberg | Michael, Elhadad", 
    "raw_text": "However, even the sparse-representation version of w tends to be very large: (Isozaki and Kazawa, 2002) report that some of their second degree expanded NER models were more than 80 times slower to load than the original models (and 224 times faster to classify) .1 Thisapproach obviously does not scale well, both to tasks with more features and to larger degree kernels.PKE? Heuristic Kernel Expansion, was introduced by (Kudo and Matsumoto, 2003)", 
    "clean_text": "However, even the sparse-representation version of w tends to be very large: (Isozaki and Kazawa, 2002) report that some of their second degree expanded NER models were more than 80 times slower to load than the original models (and 224 times faster to classify). This approach obviously does not scale well, both to tasks with more features and to larger degree kernels. PKE Heuristic Kernel Expansion, was introduced by (Kudo and Matsumoto, 2003).", 
    "keep_for_gold": 0
  }, 
  {
    "citance_No": 9, 
    "citing_paper_id": "P04-1081", 
    "citing_paper_authority": 7, 
    "citing_paper_authors": "Dekai, Wu | Weifeng, Su | Marine, Carpuat", 
    "raw_text": "Support vector machines (e.g., Vapnik (1995), Joachims (1998)) are a different kind of kernel method that, unlike KPCA methods, have al ready gained high popularity for NLP applications (e.g., Takamura and Matsumoto (2001), Isozaki and Kazawa (2002), Mayfield et al (2003)) including the word sense disambiguation task (e.g., Cabezas et al (2001))", 
    "clean_text": "Support vector machines (e.g., Vapnik (1995), Joachims (1998)) are a different kind of kernel method that, unlike KPCA methods, have al ready gained high popularity for NLP applications (e.g., Takamura and Matsumoto (2001), Isozaki and Kazawa (2002), Mayfield et al (2003)) including the word sense disambiguation task (e.g., Cabezas et al (2001)).", 
    "keep_for_gold": 0
  }, 
  {
    "citance_No": 10, 
    "citing_paper_id": "P03-1004", 
    "citing_paper_authority": 42, 
    "citing_paper_authors": "Taku, Kudo | Yuji, Matsumoto", 
    "raw_text": "For example, an SVM-based NE-chunker run sat a rate of only 85byte/sec, while previous rule based system can process several kilobytes per second (Isozaki and Kazawa, 2002)", 
    "clean_text": "For example, an SVM-based NE-chunker run sat a rate of only 85byte/sec, while previous rule based system can process several kilobytes per second (Isozaki and Kazawa, 2002).", 
    "keep_for_gold": 0
  }, 
  {
    "citance_No": 11, 
    "citing_paper_id": "P03-1004", 
    "citing_paper_authority": 42, 
    "citing_paper_authors": "Taku, Kudo | Yuji, Matsumoto", 
    "raw_text": "Isozaki et al propose an XQK (eXpand the Quadratic Kernel) which can make their Named-Entity recognizer drastically fast (Isozaki and Kazawa, 2002)", 
    "clean_text": "Isozaki et al propose an XQK (eXpand the Quadratic Kernel) which can make their Named-Entity recognizer drastically fast (Isozaki and Kazawa, 2002).", 
    "keep_for_gold": 1
  }, 
  {
    "citance_No": 12, 
    "citing_paper_id": "W10-0213", 
    "citing_paper_authority": 0, 
    "citing_paper_authors": "Elena, Lloret | Horacio, Saggion | Manuel, Palomar", 
    "raw_text": "For the experiments reported here, we adopt a Sup port Vector Machine (SVM) learning paradigm not only because it has recently been used with success in different tasks in natural language processing (Isozaki and Kazawa, 2002), but it has been shown particularly suitable for text categorization (Kumar and Gopal, 2009) where the feature space is huge ,asit is in our case", 
    "clean_text": "For the experiments reported here, we adopt a Support Vector Machine (SVM) learning paradigm not only because it has recently been used with success in different tasks in natural language processing (Isozaki and Kazawa, 2002), but it has been shown particularly suitable for text categorization (Kumar and Gopal, 2009) where the feature space is huge, as it is in our case.", 
    "keep_for_gold": 0
  }, 
  {
    "citance_No": 13, 
    "citing_paper_id": "P03-1005", 
    "citing_paper_authority": 17, 
    "citing_paper_authors": "Jun, Suzuki | Tsutomu, Hirao | Yutaka, Sasaki | Eisaku, Maeda", 
    "raw_text": "(Ikehara et al, 1997), which is similar to WordNet in English, as the attributes of the node. The chunks and their relations in the texts were analyzed by cabocha (Kudo and Matsumoto, 2002), and named entities were analyzed by the method of (Isozaki and Kazawa, 2002)", 
    "clean_text": "(Ikehara et al, 1997), which is similar to WordNet in English, as the attributes of the node. The chunks and their relations in the texts were analyzed by cabocha (Kudo and Matsumoto, 2002), and named entities were analyzed by the method of (Isozaki and Kazawa, 2002).", 
    "keep_for_gold": 0
  }, 
  {
    "citance_No": 14, 
    "citing_paper_id": "W10-2416", 
    "citing_paper_authority": 0, 
    "citing_paper_authors": "Yu, Chen | You, Ouyang | Wenjie, Li | Dequan, Zheng | Tiejun, Zhao", 
    "raw_text": "Isozaki and Kazawa (2002) studied the use of SVM instead", 
    "clean_text": "Isozaki and Kazawa (2002) studied the use of SVM instead.", 
    "keep_for_gold": 0
  }, 
  {
    "citance_No": 15, 
    "citing_paper_id": "N03-1002", 
    "citing_paper_authority": 5, 
    "citing_paper_authors": "Masayuki, Asahara | Yuji, Matsumoto", 
    "raw_text": "Isozaki (Isozaki and Kazawa,2002) controls the parameters of a statistical morphological analyzer so as to produce more fine-grained output", 
    "clean_text": "Isozaki (Isozaki and Kazawa,2002) controls the parameters of a statistical morphological analyzer so as to produce more fine-grained output.", 
    "keep_for_gold": 0
  }, 
  {
    "citance_No": 16, 
    "citing_paper_id": "N03-1002", 
    "citing_paper_authority": 5, 
    "citing_paper_authors": "Masayuki, Asahara | Yuji, Matsumoto", 
    "raw_text": "Isozaki (Isozaki and Kazawa, 2002) introduces the thesaurus? NTT Goi Taikei (Ikehara et al, 1999)? to augment the Table 5: The depth of redundant analysis and the extraction accuracy Pair Wise Method Depth of morph", 
    "clean_text": "Isozaki (Isozaki and Kazawa, 2002) introduces the thesaurus NTT Goi Taikei (Ikehara et al, 1999) to augment the Table 5: The depth of redundant analysis and the extraction accuracy Pair Wise Method Depth of morph.", 
    "keep_for_gold": 0
  }, 
  {
    "citance_No": 17, 
    "citing_paper_id": "P06-1078", 
    "citing_paper_authority": 0, 
    "citing_paper_authors": "Katsuhito, Sudoh | Hajime, Tsukada | Hideki, Isozaki", 
    "raw_text": "In this paper ,weemploy an SVM-based NER method in the following way that showed good NER performance in Japanese (Isozaki and Kazawa, 2002)", 
    "clean_text": "In this paper, we employ an SVM-based NER method in the following way that showed good NER performance in Japanese (Isozaki and Kazawa, 2002).", 
    "keep_for_gold": 0
  }, 
  {
    "citance_No": 18, 
    "citing_paper_id": "D09-1160", 
    "citing_paper_authority": 4, 
    "citing_paper_authors": "Naoki, Yoshinaga | Masaru, Kitsuregawa", 
    "raw_text": "Kernel expansion (KE) was proposed by Isozaki and Kazawa (2002) to convert Eq", 
    "clean_text": "Kernel expansion (KE) was proposed by Isozaki and Kazawa (2002) to convert Eq.", 
    "keep_for_gold": 0
  }, 
  {
    "citance_No": 19, 
    "citing_paper_id": "C10-1140", 
    "citing_paper_authority": 3, 
    "citing_paper_authors": "Naoki, Yoshinaga | Masaru, Kitsuregawa", 
    "raw_text": "2.2.2 Kernel ExpansionIsozaki and Kazawa (2002) and Kudo and Mat sumo to (2003) proposed kernel expansion, which explicitly maps both support set S and given ex ample x? Rn into RH by mapping? d imposed by kd: m (x)= (?si? S? i? d (si)) T? d (x)= ?fi ?xdwi, 1246 where xd?{ 0, 1} H is a binary feature vector in which xdi= 1 for (? d (x)) i 6= 0, and w is a weight vector in the expanded feature space, Fd", 
    "clean_text": "", 
    "keep_for_gold": 0
  }, 
  {
    "citance_No": 20, 
    "citing_paper_id": "W03-1208", 
    "citing_paper_authority": 2, 
    "citing_paper_authors": "Jun, Suzuki | Hirotoshi, Taira | Yutaka, Sasaki | Eisaku, Maeda", 
    "raw_text": "Words, chunks and their relations in the texts were analyzed by CaboCha (Kudoand Matsumoto, 2002), and named entities were analyzed by the SVM-based NE tagger (Isozaki and Kazawa, 2002)", 
    "clean_text": "Words, chunks and their relations in the texts were analyzed by CaboCha (Kudoand Matsumoto, 2002), and named entities were analyzed by the SVM-based NE tagger (Isozaki and Kazawa, 2002).", 
    "keep_for_gold": 0
  }
]
