[
  {
    "citance_No": 1, 
    "citing_paper_id": "H89-2012", 
    "citing_paper_authority": 16, 
    "citing_paper_authors": "Kenneth Ward, Church | William A., Gale | Patrick, Hanks | Donald, Hindle", 
    "raw_text": "We have found that if we first tag every word in the corpus with a part of speech using a method such as Church (1988) or DeRose (1988), and then measure associations between tagged words, we can identify interesting contrasts between verbs associated with a following preposition to~in and verbs associated with a following infinitive marker to~to", 
    "clean_text": "We have found that if we first tag every word in the corpus with a part of speech using a method such as Church (1988) or DeRose (1988), and then measure associations between tagged words, we can identify interesting contrasts between verbs associated with a following preposition to~in and verbs associated with a following infinitive marker to~to.", 
    "keep_for_gold": 0
  }, 
  {
    "citance_No": 2, 
    "citing_paper_id": "D12-1086", 
    "citing_paper_authority": 8, 
    "citing_paper_authors": "Enis, Sert | Mehmet Ali, Yatbaz | Deniz, Yuret", 
    "raw_text": "This work is to be distinguished from supervised part-of-speech disambiguation systems, which use labeled training data (Church, 1988), unsupervised disambiguation systems, which use a dictionary of possible tags for each word (Merialdo, 1994), or prototype driven systems which use a small set of prototypes for each class (Haghighi and Klein, 2006)", 
    "clean_text": "This work is to be distinguished from supervised part-of-speech disambiguation systems, which use labeled training data (Church, 1988), unsupervised disambiguation systems, which use a dictionary of possible tags for each word (Merialdo, 1994), or prototype driven systems which use a small set of prototypes for each class (Haghighi and Klein, 2006).", 
    "keep_for_gold": 0
  }, 
  {
    "citance_No": 3, 
    "citing_paper_id": "P92-1032", 
    "citing_paper_authority": 41, 
    "citing_paper_authors": "William A., Gale | Kenneth Ward, Church | David, Yarowsky", 
    "raw_text": "Much of this work offers the prospect that a disambiguation system might be able to input unrestricted text and tag each word with the most likely sense with fairly reasonable accuracy and efficiency, just as part of speech taggers (e.g., Church (1988)) can now input unrestricted text and assign each word with the most likely part of speech with fairly reasonable accuracy and efficiency", 
    "clean_text": "Much of this work offers the prospect that a disambiguation system might be able to input unrestricted text and tag each word with the most likely sense with fairly reasonable accuracy and efficiency, just as part of speech taggers (e.g., Church (1988)) can now input unrestricted text and assign each word with the most likely part of speech with fairly reasonable accuracy and efficiency.", 
    "keep_for_gold": 1
  }, 
  {
    "citance_No": 4, 
    "citing_paper_id": "W01-0712", 
    "citing_paper_authority": 4, 
    "citing_paper_authors": "John, Nerbonne | Anja, Belz | Nicola, Cancedda | Herve, Dejean | James, Hammerton | Rob, Koeling | Stasinos, Konstantopoulos | Miles, Osborne | Franck, Thollard | Erik F., Tjong Kim Sang", 
    "raw_text": "The first work on this topic was done back in the eighties (Church, 1988)", 
    "clean_text": "The first work on this topic was done back in the eighties (Church, 1988).", 
    "keep_for_gold": 0
  }, 
  {
    "citance_No": 5, 
    "citing_paper_id": "W93-0306", 
    "citing_paper_authority": 13, 
    "citing_paper_authors": "Atro, Voutilainen", 
    "raw_text": "Church &apos; s Parts of speech [Church, 1988] performs not only part-of-speech analysis, but it also identities the most simple kinds of noun phrases mostly sequences of determiners ,premodifiers and nominal heads by inserting brackets around them ,e.g. s Consider for instance the attachment of prepositions] phrases in general and of ofphrues in particular", 
    "clean_text": "Church's Parts of speech [Church, 1988] performs not only part-of-speech analysis, but it also identities the most simple kinds of noun phrases mostly sequences of determiners, premodifiers and nominal heads by inserting brackets around them.", 
    "keep_for_gold": 1
  }, 
  {
    "citance_No": 6, 
    "citing_paper_id": "W93-0306", 
    "citing_paper_authority": 13, 
    "citing_paper_authors": "Atro, Voutilainen", 
    "raw_text": "The appendix in [Church, 1988] lists the analysis of a small text", 
    "clean_text": "The appendix in [Church, 1988] lists the analysis of a small text.", 
    "keep_for_gold": 0
  }, 
  {
    "citance_No": 7, 
    "citing_paper_id": "E95-1003", 
    "citing_paper_authority": 0, 
    "citing_paper_authors": "Andy, Lauriston", 
    "raw_text": "This is quite feasible using statistical taggers like those of Garside (1987), Church (1988) or Foster (1991) which achieve performance upwards of 97% on unrestricted text", 
    "clean_text": "This is quite feasible using statistical taggers like those of Garside (1987), Church (1988) or Foster (1991) which achieve performance upwards of 97% on unrestricted text.", 
    "keep_for_gold": 0
  }, 
  {
    "citance_No": 8, 
    "citing_paper_id": "P03-1065", 
    "citing_paper_authority": 3, 
    "citing_paper_authors": "Wei, Li | Xiuhong, Zhang | Cheng, Niu | Yuankai, Jiang | Rohini K., Srihari", 
    "raw_text": "The shallow parser constructs Verb Groups (VGs) and basic Noun Phrases (NPs), also called BaseNPs [Church 1988]", 
    "clean_text": "The shallow parser constructs Verb Groups (VGs) and basic Noun Phrases (NPs), also called BaseNPs [Church 1988].", 
    "keep_for_gold": 0
  }, 
  {
    "citance_No": 9, 
    "citing_paper_id": "A00-1026", 
    "citing_paper_authority": 4, 
    "citing_paper_authors": "Thomas C., Rindflesch | Jayant V., Rajan | Lawrence, Hunter", 
    "raw_text": "Several approaches provide similar output based on statistics (Church 1988, Zhai 1997, for example), a finite-state machine (AitMokhtar and Chanod 1997), or a hybrid approach combining statistics and linguistic rules (Voutilainen and Padro 1997)", 
    "clean_text": "Several approaches provide similar output based on statistics (Church 1988, Zhai 1997, for example), a finite-state machine (AitMokhtar and Chanod 1997), or a hybrid approach combining statistics and linguistic rules (Voutilainen and Padro 1997).", 
    "keep_for_gold": 0
  }, 
  {
    "citance_No": 10, 
    "citing_paper_id": "P07-2053", 
    "citing_paper_authority": 11, 
    "citing_paper_authors": "P&eacute;ter, Hal&aacute;csy | Andr&aacute;s, Kornai | Csaba, Oravecz", 
    "raw_text": "As we said at the out 211 set, we don? t necessarily believe HunPos to be in any way better than TnT, and certainly the main ideas have been pioneered by DeRose (1988), Church (1988), and others long before this generation of HMM work", 
    "clean_text": "As we said at the out 211 set, we don't necessarily believe HunPos to be in any way better than TnT, and certainly the main ideas have been pioneered by DeRose (1988), Church (1988), and others long before this generation of HMM work.", 
    "keep_for_gold": 0
  }, 
  {
    "citance_No": 11, 
    "citing_paper_id": "P98-1080", 
    "citing_paper_authority": 32, 
    "citing_paper_authors": "Jan, Haji&#x10D; | Barbora, Hladk&aacute;", 
    "raw_text": "Instead of employing the source-channel paradigm for tagging (more or less explicitly present e.g. in (Merialdo, 1992), (Church, 1988), (Hajji, Hladk~, 1997)) used in the past (notwithstanding some exceptions, such as Maximum Entropy and rule-based taggers), we are using here a& quot; direct& quot; approach to modeling, for which we have chosen an exponential probabilistic model", 
    "clean_text": "Instead of employing the source-channel paradigm for tagging (more or less explicitly present e.g. in (Merialdo, 1992), (Church, 1988), (Hajji, Hladk~, 1997)) used in the past (notwithstanding some exceptions, such as Maximum Entropy and rule-based taggers), we are using here a direct approach to modeling, for which we have chosen an exponential probabilistic model.", 
    "keep_for_gold": 0
  }, 
  {
    "citance_No": 12, 
    "citing_paper_id": "N03-1033", 
    "citing_paper_authority": 253, 
    "citing_paper_authors": "Kristina, Toutanova | Dan, Klein | Christopher D., Manning | Yoram, Singer", 
    "raw_text": "Regardless of whether one is using HMMs, maximum entropy conditional sequence models, or other techniques like decision trees, most systems work in one direction through the sequence (normally left to right, but occasionally right to left ,e.g., Church (1988))", 
    "clean_text": "Regardless of whether one is using HMMs, maximum entropy conditional sequence models, or other techniques like decision trees, most systems work in one direction through the sequence (normally left to right, but occasionally right to left ,e.g., Church (1988)).", 
    "keep_for_gold": 0
  }, 
  {
    "citance_No": 13, 
    "citing_paper_id": "W12-3201", 
    "citing_paper_authority": 2, 
    "citing_paper_authors": "Dragomir R., Radev | Amjad, Abu-Jbara", 
    "raw_text": "Figure 2: Change in the polarity of the sentences citing Church (1988) paper how the way a published work is perceived by the re search community over time", 
    "clean_text": "Figure 2: Change in the polarity of the sentences citing Church (1988) paper how the way a published work is perceived by the research community over time.", 
    "keep_for_gold": 0
  }, 
  {
    "citance_No": 14, 
    "citing_paper_id": "W12-3201", 
    "citing_paper_authority": 2, 
    "citing_paper_authors": "Dragomir R., Radev | Amjad, Abu-Jbara", 
    "raw_text": "Figure 2 shows the result of this analysis when applied to the work of Kenneth Church (1988) on part-of-speech tagging", 
    "clean_text": "Figure 2 shows the result of this analysis when applied to the work of Kenneth Church (1988) on part-of-speech tagging.", 
    "keep_for_gold": 0
  }, 
  {
    "citance_No": 15, 
    "citing_paper_id": "W12-3201", 
    "citing_paper_authority": 2, 
    "citing_paper_authors": "Dragomir R., Radev | Amjad, Abu-Jbara", 
    "raw_text": "For example, the analysis illustrated in Figure 2 shows that the work of Ken Church (1988) on part-of-speech tagging received significant positive feedback during the 1990s and until early 2000s before it started to receive more negative feedback", 
    "clean_text": "For example, the analysis illustrated in Figure 2 shows that the work of Ken Church (1988) on part-of-speech tagging received significant positive feedback during the 1990s and until early 2000s before it started to receive more negative feedback.", 
    "keep_for_gold": 0
  }, 
  {
    "citance_No": 16, 
    "citing_paper_id": "W97-0201", 
    "citing_paper_authority": 10, 
    "citing_paper_authors": "Hwee Tou, Ng", 
    "raw_text": "The high accuracy achieved by a corpus-based approach to part-of-speech tagging and noun phrase parsing, as demonstrated by (Church, 1988), has inspired similar approaches to other problems in natural language processing, including syntactic parsing and word sense disambiguation (WSD)", 
    "clean_text": "The high accuracy achieved by a corpus-based approach to part-of-speech tagging and noun phrase parsing, as demonstrated by (Church, 1988), has inspired similar approaches to other problems in natural language processing, including syntactic parsing and word sense disambiguation (WSD).", 
    "keep_for_gold": 0
  }, 
  {
    "citance_No": 17, 
    "citing_paper_id": "A94-1006", 
    "citing_paper_authority": 31, 
    "citing_paper_authors": "Ido, Dagan | Kenneth Ward, Church", 
    "raw_text": "Termight uses a part of speech tagger (Church, 1988) to identify a list of candidate terms which is then filtered by a manual pass", 
    "clean_text": "Termight uses a part of speech tagger (Church, 1988) to identify a list of candidate terms which is then filtered by a manual pass.", 
    "keep_for_gold": 0
  }, 
  {
    "citance_No": 18, 
    "citing_paper_id": "A94-1006", 
    "citing_paper_authority": 31, 
    "citing_paper_authors": "Ido, Dagan | Kenneth Ward, Church", 
    "raw_text": "The multi-word terms match a small set of syntactic patterns defined by regular expressions and are found by searching a version of the document tagged with parts of speech (Church, 1988)", 
    "clean_text": "The multi-word terms match a small set of syntactic patterns defined by regular expressions and are found by searching a version of the document tagged with parts of speech (Church, 1988).", 
    "keep_for_gold": 0
  }, 
  {
    "citance_No": 19, 
    "citing_paper_id": "A97-1029", 
    "citing_paper_authority": 98, 
    "citing_paper_authors": "Daniel M., Bikel | Scott, Miller | Richard M., Schwartz | Ralph M., Weischedel", 
    "raw_text": "More recently, the natural anguage processing community has effectively employed these models for part-of speech tagging, as in the seminal (Church, 1988) and other, more recent efforts (Weischedel et al, 1993)", 
    "clean_text": "More recently, the natural language processing community has effectively employed these models for part-of speech tagging, as in the seminal (Church, 1988) and other, more recent efforts (Weischedel et al, 1993).", 
    "keep_for_gold": 0
  }, 
  {
    "citance_No": 20, 
    "citing_paper_id": "P94-1041", 
    "citing_paper_authority": 9, 
    "citing_paper_authors": "Peter A., Heeman | James F., Allen", 
    "raw_text": "The algorithm runs in lockstep with a part-of-speech tagger (Church, 1988), which is used for deciding possible word replacements", 
    "clean_text": "The algorithm runs in lockstep with a part-of-speech tagger (Church, 1988), which is used for deciding possible word replacements.", 
    "keep_for_gold": 0
  }
]
