[
  {
    "citance_No": 1, 
    "citing_paper_id": "W09-0436", 
    "citing_paper_authority": 6, 
    "citing_paper_authors": "Pi-Chuan, Chang | Daniel, Jurafsky | Christopher D., Manning", 
    "raw_text": "All differences between DE-Annotated and BASELINE are significant at the level of 0.05 with the approximate randomization test in (Riezler and Maxwell, 2005) conduct additional experiments with a hierarchical phrase reordering model introduced by Galleyand Manning (2008)", 
    "clean_text": "All differences between DE-Annotated and BASELINE are significant at the level of 0.05 with the approximate randomization test in (Riezler and Maxwell, 2005) conduct additional experiments with a hierarchical phrase reordering model introduced by Galley and Manning (2008).", 
    "keep_for_gold": 0
  }, 
  {
    "citance_No": 2, 
    "citing_paper_id": "P14-2023", 
    "citing_paper_authority": 0, 
    "citing_paper_authors": "Michael, Auli | Jianfeng, Gao", 
    "raw_text": "We use a phrase-based system similar to Moses (Koehn et al, 2007) based on a set of common features including maximum likelihood estimates p ML (e|f) and p ML (f |e), lexically weighted estimates p LW (e|f) and p LW (f |e), word and phrase-penalties, a hierarchical reordering model (Galley and Manning, 2008), a linear distortion feature, and a modified KneserNey language model trained on the target-side of the parallel data", 
    "clean_text": "We use a phrase-based system similar to Moses (Koehn et al, 2007) based on a set of common features including maximum likelihood estimates p ML (e|f) and p ML (f |e), lexically weighted estimates p LW (e|f) and p LW (f |e), word and phrase-penalties, a hierarchical reordering model (Galley and Manning, 2008), a linear distortion feature, and a modified KneserNey language model trained on the target-side of the parallel data.", 
    "keep_for_gold": 0
  }, 
  {
    "citance_No": 3, 
    "citing_paper_id": "W11-2150", 
    "citing_paper_authority": 0, 
    "citing_paper_authors": "Maxim, Khalilov | Khalil, Sima'an", 
    "raw_text": "In (Galley and Manning, 2008) the authors present an extension of the famousMSD model (Tillman, 2004) able to handle long distance word-block permutations", 
    "clean_text": "In (Galley and Manning, 2008) the authors present an extension of the famous MSD model (Tillman, 2004) able to handle long distance word-block permutations.", 
    "keep_for_gold": 0
  }, 
  {
    "citance_No": 4, 
    "citing_paper_id": "N10-2003", 
    "citing_paper_authority": 11, 
    "citing_paper_authors": "Daniel, Cer | Michel, Galley | Daniel, Jurafsky | Christopher D., Manning", 
    "raw_text": "(Liang et al, 2006) .2 From the word-to-word alignments, the system extracts a phrase table (Koehn et al, 2003) and hierarchical reordering model (Galley and Manning, 2008)", 
    "clean_text": "From the word-to-word alignments, the system extracts a phrase table (Koehn et al, 2003) and hierarchical reordering model (Galley and Manning, 2008).", 
    "keep_for_gold": 0
  }, 
  {
    "citance_No": 5, 
    "citing_paper_id": "N10-2003", 
    "citing_paper_authority": 11, 
    "citing_paper_authors": "Daniel, Cer | Michel, Galley | Daniel, Jurafsky | Christopher D., Manning", 
    "raw_text": "Instead of just looking at the reordering relationship between individual phrases, the new feature examines the reordering of blocks of adjacent phrases (Galley and Manning, 2008) and improves translation quality when the material being reordered can not be captured by single phrase", 
    "clean_text": "Instead of just looking at the reordering relationship between individual phrases, the new feature examines the reordering of blocks of adjacent phrases (Galley and Manning, 2008) and improves translation quality when the material being reordered cannot be captured by single phrase.", 
    "keep_for_gold": 0
  }, 
  {
    "citance_No": 6, 
    "citing_paper_id": "C10-2033", 
    "citing_paper_authority": 8, 
    "citing_paper_authors": "Yang, Feng | Haitao, Mi | Yang, Liu | Qun, Liu", 
    "raw_text": "Galley and Manning (2008) present a hierarchical phrase reordering model aimed at improving non-local reorderings", 
    "clean_text": "Galley and Manning (2008) present a hierarchical phrase reordering model aimed at improving non-local reorderings.", 
    "keep_for_gold": 0
  }, 
  {
    "citance_No": 7, 
    "citing_paper_id": "P13-1124", 
    "citing_paper_authority": 2, 
    "citing_paper_authors": "Hendra, Setiawan | Bowen, Zhou | Bing, Xiang | Libin, Shen", 
    "raw_text": "Our TNO model is more faithful to the BOM? s original formulation. Our MOS concept is also closely related to hierarchical reordering model (Galley and Manning, 2008) in phrase-based decoding, which computes o of b with respect to a multi-block unit that maygo beyond b?", 
    "clean_text": "Our MOS concept is also closely related to hierarchical reordering model (Galley and Manning, 2008) in phrase-based decoding, which computes o of b with respect to a multi-block unit that may go beyond b?.", 
    "keep_for_gold": 0
  }, 
  {
    "citance_No": 8, 
    "citing_paper_id": "P10-2003", 
    "citing_paper_authority": 1, 
    "citing_paper_authors": "Jinsong, Su | Yang, Liu | Yajuan, L&uuml; | Haitao, Mi | Qun, Liu", 
    "raw_text": "The phrase-based reordering model (Tillmann, 2004) determines the presence of the adjacent bilingual phrase located in position (s? 1 ,v+1) and then treats the orientation of bp as S. Given no constraint on maximum phrase length, the hierarchical phrase reordering model (Galley and Manning, 2008) also analyzes the adjacent bilingual phrases for bp and identifies its orientation as S.However, given a bilingual phrase, the above mentioned models just consider the presence of an adjacent bilingual phrase rather than the number of adjacent bilingual phrases", 
    "clean_text": "Given no constraint on maximum phrase length, the hierarchical phrase reordering model (Galley and Manning, 2008) also analyzes the adjacent bilingual phrases for bp and identifies its orientation as S.", 
    "keep_for_gold": 0
  }, 
  {
    "citance_No": 9, 
    "citing_paper_id": "P10-2003", 
    "citing_paper_authority": 1, 
    "citing_paper_authors": "Jinsong, Su | Yang, Liu | Yajuan, L&uuml; | Haitao, Mi | Qun, Liu", 
    "raw_text": "We plan to apply our method to the complex lexicalized reordering models, for example, the hierarchical reordering model (Galley and Manning, 2008) and the MEBTG reordering model (Xiong et al, 2006)", 
    "clean_text": "We plan to apply our method to the complex lexicalized reordering models, for example, the hierarchical reordering model (Galley and Manning, 2008) and the MEBTG reordering model (Xiong et al, 2006).", 
    "keep_for_gold": 0
  }, 
  {
    "citance_No": 10, 
    "citing_paper_id": "W11-1007", 
    "citing_paper_authority": 2, 
    "citing_paper_authors": "Bing, Xiang | Niyu, Ge | Abraham, Ittycheriah", 
    "raw_text": "In (Galley and Manning, 2008) a hierarchical orientation model is introduced that captures some non-local phrase reordering by a shift reduce algorithm", 
    "clean_text": "In (Galley and Manning, 2008) a hierarchical orientation model is introduced that captures some non-local phrase reordering by a shift reduce algorithm.", 
    "keep_for_gold": 1
  }, 
  {
    "citance_No": 11, 
    "citing_paper_id": "D10-1027", 
    "citing_paper_authority": 18, 
    "citing_paper_authors": "Liang, Huang | Haitao, Mi", 
    "raw_text": "This method reduces the complexity to O (nbdmax) but fails to capture long distance reorderings (Galley and Manning, 2008)", 
    "clean_text": "This method reduces the complexity to O (nbdmax) but fails to capture long distance reorderings (Galley and Manning, 2008).", 
    "keep_for_gold": 0
  }, 
  {
    "citance_No": 12, 
    "citing_paper_id": "D10-1027", 
    "citing_paper_authority": 18, 
    "citing_paper_authors": "Liang, Huang | Haitao, Mi", 
    "raw_text": "For example Galley and Manning (2008) propose a shift-reduce style method to allow hieararchical non-local reorderings in a phrase-based decoder", 
    "clean_text": "For example Galley and Manning (2008) propose a shift-reduce style method to allow hieararchical non-local reorderings in a phrase-based decoder.", 
    "keep_for_gold": 0
  }, 
  {
    "citance_No": 13, 
    "citing_paper_id": "N12-1007", 
    "citing_paper_authority": 1, 
    "citing_paper_authors": "Spence, Green | Nicholas, Andrews | Matthew R., Gormley | Mark, Dredze | Christopher D., Manning", 
    "raw_text": "In addition to the baseline Phrasal feature set, we used the lexicalized re-ordering model of Galley and Manning (2008)", 
    "clean_text": "In addition to the baseline Phrasal feature set, we used the lexicalized re-ordering model of Galley and Manning (2008).", 
    "keep_for_gold": 0
  }, 
  {
    "citance_No": 14, 
    "citing_paper_id": "W12-3125", 
    "citing_paper_authority": 5, 
    "citing_paper_authors": "Colin, Cherry | Robert C., Moore | Chris, Quirk", 
    "raw_text": "Permutation parsers have been used to implement hierarchical re-ordering models (Galley and Manning, 2008) and to enforce inversion transduction grammar (ITG) constraints (Fengetal., 2010)", 
    "clean_text": "Permutation parsers have been used to implement hierarchical re-ordering models (Galley and Manning, 2008) and to enforce inversion transduction grammar (ITG) constraints (Fengetal., 2010).", 
    "keep_for_gold": 0
  }, 
  {
    "citance_No": 15, 
    "citing_paper_id": "W12-3125", 
    "citing_paper_authority": 5, 
    "citing_paper_authors": "Colin, Cherry | Robert C., Moore | Chris, Quirk", 
    "raw_text": "Thus far, they have been used to enable a hierarchical re-ordering model, or HRM (Galley and Manning, 2008), as well as an ITG constraint (Feng et al, 2010)", 
    "clean_text": "Thus far, they have been used to enable a hierarchical re-ordering model, or HRM (Galley and Manning, 2008), as well as an ITG constraint (Feng et al, 2010).", 
    "keep_for_gold": 0
  }, 
  {
    "citance_No": 16, 
    "citing_paper_id": "W12-3125", 
    "citing_paper_authority": 5, 
    "citing_paper_authors": "Colin, Cherry | Robert C., Moore | Chris, Quirk", 
    "raw_text": "The HRM (Galley and Manning, 2008) maintains similar re-ordering statistics, but determines orientation differently", 
    "clean_text": "The HRM (Galley and Manning, 2008) maintains similar re-ordering statistics, but determines orientation differently.", 
    "keep_for_gold": 0
  }, 
  {
    "citance_No": 17, 
    "citing_paper_id": "W12-3125", 
    "citing_paper_authority": 5, 
    "citing_paper_authors": "Colin, Cherry | Robert C., Moore | Chris, Quirk", 
    "raw_text": "Galley and Manning (2008) introduce a deterministic shift-reduce parser into decoding, so that the decoder always has access to the largest possible previous block, given the current translation history", 
    "clean_text": "Galley and Manning (2008) introduce a deterministic shift-reduce parser into decoding, so that the decoder always has access to the largest possible previous block, given the current translation history.", 
    "keep_for_gold": 1
  }, 
  {
    "citance_No": 18, 
    "citing_paper_id": "W12-3125", 
    "citing_paper_authority": 5, 
    "citing_paper_authors": "Colin, Cherry | Robert C., Moore | Chris, Quirk", 
    "raw_text": "Galley and Manning (2008) propose an algorithm that begins by run 1This would require a second, right-to-left decoding pass.2Galley and Manning (2008) present an under-specified approximation that is consistent with what we present here", 
    "clean_text": "Galley and Manning (2008) propose an algorithm that begins by running standard phrase extraction (Och and Ney, 2004) without a phrase-length limit, noting the corners of each phrase found.", 
    "keep_for_gold": 0
  }, 
  {
    "citance_No": 19, 
    "citing_paper_id": "P13-1156", 
    "citing_paper_authority": 3, 
    "citing_paper_authors": "ThuyLinh, Nguyen | Stephan, Vogel", 
    "raw_text": "In all experiments we use phrase-orientation lex icalized reordering (Galley and Manning, 2008) 2 which models monotone, swap, discontinuous orientations from both reordering with previous phrase pair and with the next phrase pair", 
    "clean_text": "In all experiments we use phrase-orientation lexicalized reordering (Galley and Manning, 2008) which models monotone, swap, discontinuous orientations from both reordering with previous phrase pair and with the next phrase pair.", 
    "keep_for_gold": 0
  }, 
  {
    "citance_No": 20, 
    "citing_paper_id": "P13-1156", 
    "citing_paper_authority": 3, 
    "citing_paper_authors": "ThuyLinh, Nguyen | Stephan, Vogel", 
    "raw_text": "In PhrasalHiero we 2Galley and Manning (2008) introduce three orientation models for lexicalized reordering: word-based, phrase-based and hierarchical orientation model", 
    "clean_text": "Galley and Manning (2008) introduce three orientation models for lexicalized reordering: word-based, phrase-based and hierarchical orientation model.", 
    "keep_for_gold": 1
  }
]
